0.0024	1
0.0025	1
0.005	-1
0.0054	1
0.0055	1
0.0055	1
0.0056	1
0.008610108303249098	-1
0.0088	1
0.0088	1
0.0092	1
0.0092	1
0.0095	1
0.0095	1
0.0096	1
0.0096	1
0.012221023111405088	-1
0.0134	1
0.0134	1
0.0151	1
0.0152	1
0.0152	1
0.0152	1
0.0154	1
0.0155	1
0.015832744784877745	-1
0.015832744784877745	2
0.0164	1
0.017	1
0.017	1
0.0171	1
0.0171	1
0.0171	1
0.0172	1
0.0172	1
0.0193	1
0.0193	1
0.01944527368431848	-1
0.0204	1
0.0206	1
0.0221	1
0.0221	1
0.023058610170620553	-1
0.0255	1
0.0256	1
0.0258	1
0.026	1
0.0262	1
0.0263	1
0.0263	1
0.0263	1
0.0264	1
0.0264	1
0.026672754604919288	-1
0.030287707348592298	-1
0.03390346876325969	-1
0.03752003921078429	-1
0.04113741905327186	-1
0.04113741905327186	2
0.044755608653071315	-1
0.04837460837277493	-1
0.05199441857521857	-1
0.055	1
0.05561503962348191	-1
0.0574	1
0.0574	1
0.05923647188088865	-1
0.05923647188088865	2
0.06285871571100674	-1
0.06648177147764855	-1
0.06648177147764855	2
0.0701056395448712	-1
0.07373032027697667	-1
0.0741	1
0.0765	1
0.0766	1
0.07735581403851204	-1
0.08098212119426976	-1
0.08098212119426976	2
0.08460924210928783	-1
0.08823717714885004	-1
0.09186592667848618	-1
0.0924	1
0.095	1
0.0951	1
0.09549549106397226	-1
0.09549549106397226	2
0.0978	1
0.098	1
0.098	1
0.0981	1
0.0991258706713307	-1
0.1009	1
0.101	1
0.1011	1
0.1011	1
0.1012	1
0.1012	1
0.1012	1
0.1013	1
0.10275706586683066	-1
0.1044	1
0.1044	1
0.1057	1
0.1058	1
0.1063890770169881	-1
0.108	1
0.108	1
0.1085	1
0.1085	1
0.1086	1
0.1088	1
0.1088	1
0.1089	1
0.1089	1
0.1089	1
0.11002190448856615	-1
0.1107	1
0.11365554864857524	-1
0.11729000986427339	-1
0.11729000986427339	2
0.12092528850316635	-1
0.12456138493300788	-1
0.12819829952179998	-1
0.12819829952179998	2
0.1318360326377931	-1
0.1319	1
0.1343	1
0.1344	1
0.1354745846494863	-1
0.1391139559256276	-1
0.1391139559256276	2
0.14275414683521415	-1
0.14639515774749237	-1
0.14639515774749237	2
0.1483	1
0.15003698903195828	-1
0.15003698903195828	2
0.1506	1
0.1507	1
0.15367964105835769	-1
0.15732311419668643	-1
0.1609674088171906	-1
0.1609674088171906	2
0.1642	1
0.1646125252903667	-1
0.1666	1
0.1667	1
0.168258463986962	-1
0.168258463986962	2
0.1689	1
0.1689	1
0.169	1
0.169	1
0.1717	1
0.1717	1
0.1718	1
0.1718	1
0.1719	1
0.17190522527797464	-1
0.1721	1
0.1722	1
0.1722	1
0.1755528095346539	-1
0.1774	1
0.1775	1
0.1775	1
0.1776	1
0.1776	1
0.1777	1
0.17920121712850046	-1
0.17920121712850046	2
0.18285044843126658	-1
0.18650050381495636	-1
0.18650050381495636	2
0.18650050381495636	2
0.190151383651826	-1
0.19380308831438386	-1
0.1955	1
0.19745561817539095	-1
0.1981	1
0.1981	1
0.1996	1
0.1997	1
0.1998	1
0.1998	1
0.20110897360786092	-1
0.2015	1
0.2015	1
0.2016	1
0.2017	1
0.2017	1
0.2018	1
0.2018	1
0.2018	1
0.2047	1
0.20476315498506042	-1
0.20476315498506042	2
0.2049	1
0.205	1
0.205	1
0.2054	1
0.2054	1
0.2055	1
0.2055	1
0.2055	1
0.2056	1
0.2084181626805093	-1
0.21207399706798086	-1
0.21573065852150197	-1
0.21573065852150197	2
0.2193881474153535	-1
0.22304646412407034	-1
0.2236	1
0.2261	1
0.2261	1
0.22670560902244177	-1
0.23036558248551162	-1
0.23402638488857855	-1
0.23402638488857855	2
0.23768801660719624	-1
0.2406	1
0.24135047801717363	-1
0.243	1
0.2431	1
0.24501376949457518	-1
0.24867789141572105	-1
0.2523428441571874	-1
0.2560086280958065	-1
0.257	1
0.2594	1
0.2594	1
0.2596752436086672	-1
0.2596752436086672	2
0.2596752436086672	2
0.2596752436086672	2
0.2596752436086672	2
0.2633426910731148	-1
0.26701097086675174	-1
0.27068008336743743	-1
0.2743	1
0.2743500289532886	-1
0.2772	1
0.2773	1
0.27802080800267964	-1
0.27802080800267964	2
0.28169242089424285	-1
0.28536486800686844	-1
0.289038149719705	-1
0.2914	1
0.2927122664121596	-1
0.2939	1
0.2939	1
0.2963872184638981	-1
0.3000630062548454	-1
0.3037396301651855	-1
0.3074170905753621	-1
0.309	1
0.31109538786607843	-1
0.3114	1
0.3115	1
0.31477452241829773	-1
0.3184544946132434	-1
0.3184544946132434	2
0.3184544946132434	2
0.3221353048323992	-1
0.3258169534575098	-1
0.3258169534575098	2
0.3259	1
0.3285	1
0.3286	1
0.32949944087058036	-1
0.32949944087058036	2
0.3331827674538775	-1
0.33686693358992903	-1
0.3405519396615245	-1
0.344	1
0.34423778605171523	-1
0.3464	1
0.3465	1
0.3479244731438146	-1
0.3479244731438146	2
0.3516120013213983	-1
0.3516120013213983	2
0.35530037096830475	-1
0.35530037096830475	2
0.35898958246863494	-1
0.3603	1
0.3626796362067531	-1
0.3626796362067531	2
0.3663705325672866	-1
0.3700622719351264	-1
0.37375485469542724	-1
0.37375485469542724	2
0.37375485469542724	2
0.37744828123360785	-1
0.3792	1
0.3811425519353512	-1
0.38483766718660467	-1
0.38853362737358055	-1
0.39223043288275594	-1
0.3959280841008732	-1
0.39962658141494023	-1
0.39962658141494023	2
0.39962658141494023	2
0.40332592521223054	-1
0.4070261158802836	-1
0.4070261158802836	2
0.41072715380690505	-1
0.4143	1
0.414429039380167	-1
0.41813177298840826	-1
0.41813177298840826	2
0.4198	1
0.4218353550202345	-1
0.4229	1
0.42553978586451857	-1
0.42924506591040074	-1
0.4329511955472889	-1
0.4366581751648589	-1
0.4403660051530547	-1
0.44407468590208865	-1
0.44407468590208865	2
0.44778421780244176	-1
0.44778421780244176	2
0.4513951548245634	-1
0.4549	1
0.4550060698178774	-1
0.45861698480626956	-1
0.4622278997946606	-1
0.46583881478305167	-1
0.4694497297714427	-1
0.4730606447598338	-1
0.47667155974822484	-1
0.47667155974822484	2
0.4802824747366159	-1
0.48389338972500695	-1
0.487504304713398	-1
0.49111521970178906	-1
0.4947261346901801	-1
0.4983370496785712	-1
0.5019479646669622	-1
0.5055588796553533	-1
0.5091697946437443	-1
0.5127807096321354	-1
0.5163916246205265	-1
0.5163916246205265	2
0.5200025396089175	-1
0.5236134545973086	-1
0.5272243695856996	-1
0.5308352845740907	-1
0.5344461995624817	-1
0.5380571145508728	-1
0.5380571145508728	2
0.5416680295392639	-1
0.5452789445276549	-1
0.548889859516046	-1
0.548889859516046	2
0.552500774504437	-1
0.5561116894928281	-1
0.5597226044812191	-1
0.5633335194696102	-1
0.5633335194696102	2
0.5669444344580012	-1
0.5705553494463923	-1
0.5741662644347834	-1
0.5777771794231744	-1
0.5813880944115655	-1
0.5849990093999565	-1
0.5886099243883476	-1
0.5922208393767386	-1
0.5922208393767386	2
0.5922208393767386	2
0.5958317543651297	-1
0.5994426693535208	-1
0.6030535843419118	-1
0.6066644993303029	-1
0.6066644993303029	2
0.6102754143186939	-1
0.613886329307085	-1
0.613886329307085	2
0.613886329307085	2
0.617497244295476	-1
0.6211081592838671	-1
0.6247190742722581	-1
0.6283299892606492	-1
0.6283299892606492	2
0.6319409042490403	-1
0.6339	1
0.634	1
0.6341	1
0.6341	1
0.6342	1
0.6342	1
0.6355518192374313	-1
0.6391627342258224	-1
0.6427736492142134	-1
0.6463845642026045	-1
0.6463845642026045	2
0.6499954791909955	-1
0.6536063941793866	-1
0.6572173091677777	-1
0.6608282241561687	-1
0.6623	1
0.6644391391445598	-1
0.6649	1
0.6680500541329508	-1
0.6680500541329508	2
0.6716609691213419	-1
0.6752718841097329	-1
0.6752718841097329	2
0.678882799098124	-1
0.68	1
0.682493714086515	-1
0.6861046290749061	-1
0.6897155440632972	-1
0.6933264590516882	-1
0.6969373740400793	-1
0.7005482890284703	-1
0.7041592040168614	-1
0.7077701190052524	-1
0.7113810339936435	-1
0.7149919489820346	-1
0.7152	1
0.718	1
0.7186028639704256	-1
0.7186028639704256	2
0.7222137789588167	-1
0.7258246939472077	-1
0.7294356089355988	-1
0.733	1
0.7330465239239898	-1
0.7366574389123809	-1
0.740268353900772	-1
0.743879268889163	-1
0.743879268889163	2
0.7474901838775541	-1
0.7474901838775541	2
0.75	1
0.7511010988659451	-1
0.7523	1
0.7547120138543362	-1
0.7583229288427272	-1
0.7619338438311183	-1
0.7619338438311183	2
0.7655447588195093	-1
0.7672	1
0.7691556738079004	-1
0.7691556738079004	2
0.7697	1
0.7727665887962915	-1
0.7763775037846825	-1
0.7799884187730736	-1
0.7835993337614646	-1
0.7872102487498557	-1
0.7908211637382467	-1
0.7908211637382467	2
0.7944320787266378	-1
0.7980429937150288	-1
0.8016539087034199	-1
0.8016539087034199	2
0.805264823691811	-1
0.808875738680202	-1
0.808875738680202	2
0.808875738680202	2
0.8124866536685931	-1
0.8160975686569841	-1
0.8197084836453752	-1
0.8233193986337662	-1
0.8269303136221573	-1
0.8269303136221573	2
0.8269303136221573	2
0.8305412286105484	-1
0.8341521435989394	-1
0.8377630585873305	-1
0.8413739735757215	-1
0.8449848885641126	-1
0.8485958035525036	-1
0.8522067185408947	-1
0.8558176335292857	-1
0.8558176335292857	2
0.8594285485176768	-1
0.8630394635060679	-1
0.8630394635060679	2
0.8666503784944589	-1
0.8666503784944589	2
0.87026129348285	-1
0.873872208471241	-1
0.8774831234596321	-1
0.8810940384480231	-1
0.8847049534364142	-1
0.8883158684248053	-1
0.8919267834131963	-1
0.8955376984015874	-1
0.8991486133899784	-1
0.9027595283783695	-1
0.9063704433667605	-1
0.9099813583551516	-1
0.9135922733435426	-1
0.9172031883319337	-1
0.9208141033203248	-1
0.9244250183087158	-1
0.9280359332971069	-1
0.9316468482854979	-1
0.935257763273889	-1
0.93886867826228	-1
0.9424795932506711	-1
0.9424795932506711	2
0.9460905082390622	-1
0.9497014232274532	-1
0.9533123382158443	-1
0.9533123382158443	2
0.9569232532042353	-1
0.9569232532042353	2
0.9605341681926264	-1
0.9641450831810174	-1
0.9677559981694085	-1
0.9713669131577995	-1
0.9749778281461906	-1
0.9785887431345817	-1
0.9821996581229727	-1
0.9858105731113638	-1
0.9894214880997548	-1
0.9894214880997548	2
0.9930324030881459	-1
0.9966433180765369	-1
1.000254233064928	-1
1.000254233064928	2
1.0038651480533192	-1
1.0038651480533192	2
1.0038651480533192	2
1.0074760630417103	-1
1.0105	1
1.0106	1
1.0106	1
1.0110869780301015	-1
1.0146978930184927	-1
1.0183088080068838	-1
1.0183088080068838	2
1.021919722995275	-1
1.021919722995275	2
1.0255306379836662	-1
1.0265	1
1.029	1
1.029	1
1.0291415529720573	-1
1.0327524679604485	-1
1.0327524679604485	2
1.0363633829488397	-1
1.0399742979372308	-1
1.043585212925622	-1
1.0442	1
1.0465	1
1.0465	1
1.0471961279140132	-1
1.0471961279140132	2
1.0508070429024043	-1
1.0544179578907955	-1
1.0580288728791867	-1
1.0612	1
1.0616397878675778	-1
1.0637	1
1.0637	1
1.065250702855969	-1
1.065250702855969	2
1.0688616178443602	-1
1.0724725328327513	-1
1.0760834478211425	-1
1.0760834478211425	2
1.0781	1
1.0796943628095337	-1
1.0805	1
1.0805	1
1.0833052777979248	-1
1.0833052777979248	2
1.086916192786316	-1
1.086916192786316	2
1.0905271077747072	-1
1.0941380227630984	-1
1.0948	1
1.0974	1
1.0975	1
1.0977489377514895	-1
1.0977489377514895	2
1.1002	1
1.1003	1
1.1003	1
1.1003	1
1.1013598527398807	-1
1.1049707677282719	-1
1.108581682716663	-1
1.108581682716663	2
1.108581682716663	2
1.1121925977050542	-1
1.1158035126934454	-1
1.1194144276818365	-1
1.1209	1
1.1230253426702277	-1
1.1266362576586189	-1
1.1266362576586189	2
1.13024717264701	-1
1.1338580876354012	-1
1.1374690026237924	-1
1.1374690026237924	2
1.1408	1
1.1410799176121835	-1
1.1446908326005747	-1
1.1483017475889659	-1
1.151912662577357	-1
1.1555235775657482	-1
1.1562	1
1.1591344925541394	-1
1.1627454075425305	-1
1.1627454075425305	2
1.1663563225309217	-1
1.1699672375193129	-1
1.173578152507704	-1
1.173578152507704	2
1.1771890674960952	-1
1.1807999824844864	-1
1.1844108974728775	-1
1.1858	1
1.1880218124612687	-1
1.1880218124612687	2
1.1916327274496599	-1
1.1916327274496599	2
1.195243642438051	-1
1.195243642438051	2
1.1988545574264422	-1
1.2024654724148334	-1
1.2024654724148334	2
1.2027	1
1.2052	1
1.2053	1
1.2060763874032245	-1
1.2096873023916157	-1
1.2132982173800069	-1
1.216909132368398	-1
1.216909132368398	2
1.2198	1
1.2205200473567892	-1
1.2205200473567892	2
1.2241309623451804	-1
1.2277418773335715	-1
1.2313527923219627	-1
1.2313527923219627	2
1.2313527923219627	2
1.2349637073103539	-1
1.238574622298745	-1
1.2421855372871362	-1
1.2457964522755274	-1
1.2494073672639185	-1
1.2530182822523097	-1
1.2566291972407009	-1
1.2566291972407009	2
1.260240112229092	-1
1.2638510272174832	-1
1.2674619422058744	-1
1.2674619422058744	2
1.2710728571942655	-1
1.2715	1
1.2741	1
1.2742	1
1.2746837721826567	-1
1.2746837721826567	2
1.2782946871710479	-1
1.281905602159439	-1
1.281905602159439	2
1.2855165171478302	-1
1.2891	1
1.2891274321362214	-1
1.2927383471246126	-1
1.2927383471246126	2
1.2963492621130037	-1
1.2999601771013949	-1
1.2999601771013949	2
1.303571092089786	-1
1.3071820070781772	-1
1.3107929220665684	-1
1.3144038370549596	-1
1.3180147520433507	-1
1.321625667031742	-1
1.325236582020133	-1
1.3288474970085242	-1
1.3324584119969154	-1
1.3360693269853066	-1
1.3396802419736977	-1
1.343291156962089	-1
1.3469	1
1.34690207195048	-1
1.3505129869388712	-1
1.3505129869388712	2
1.3541239019272624	-1
1.3577348169156536	-1
1.3613457319040447	-1
1.3613457319040447	2
1.364956646892436	-1
1.368567561880827	-1
1.3721784768692182	-1
1.3757893918576094	-1
1.379	1
1.3794003068460006	-1
1.3813	1
1.3814	1
1.3830112218343917	-1
1.386622136822783	-1
1.390233051811174	-1
1.390233051811174	2
1.3938439667995652	-1
1.3965	1
1.3974548817879564	-1
1.3989	1
1.3989	1
1.4010657967763476	-1
1.4014	1
1.4046767117647387	-1
1.40828762675313	-1
1.411898541741521	-1
1.4155094567299122	-1
1.4191203717183034	-1
1.4227312867066946	-1
1.4227312867066946	2
1.4227312867066946	2
1.426	1
1.4263422016950857	-1
1.4284	1
1.4284	1
1.429953116683477	-1
1.429953116683477	2
1.433564031671868	-1
1.433564031671868	2
1.4371749466602592	-1
1.4407858616486504	-1
1.4421	1
1.4443967766370416	-1
1.4480076916254327	-1
1.451618606613824	-1
1.455229521602215	-1
1.4588404365906062	-1
1.4588404365906062	2
1.459	1
1.4613	1
1.4624513515789974	-1
1.4660622665673886	-1
1.4696731815557798	-1
1.4696731815557798	2
1.473284096544171	-1
1.476895011532562	-1
1.4805059265209533	-1
1.4841168415093444	-1
1.4877277564977356	-1
1.4877277564977356	2
1.4913386714861268	-1
1.4945	1
1.494949586474518	-1
1.4969	1
1.497	1
1.498560501462909	-1
1.5021714164513003	-1
1.5057823314396914	-1
1.5057823314396914	2
1.5093932464280826	-1
1.5130041614164738	-1
1.5130041614164738	2
1.516615076404865	-1
1.520225991393256	-1
1.5238369063816473	-1
1.5238369063816473	2
1.5274	1
1.5274478213700384	-1
1.5274478213700384	2
1.5274478213700384	2
1.5297	1
1.5298	1
1.5310587363584296	-1
1.5346696513468208	-1
1.538280566335212	-1
1.541891481323603	-1
1.5455023963119943	-1
1.5491133113003854	-1
1.5491133113003854	2
1.5527242262887766	-1
1.5563351412771678	-1
1.559946056265559	-1
1.56355697125395	-1
1.5638	1
1.5671678862423413	-1
1.5707788012307324	-1
1.5743897162191236	-1
1.5780006312075148	-1
1.5780006312075148	2
1.5801	1
1.581611546195906	-1
1.5823	1
1.585222461184297	-1
1.5888333761726883	-1
1.5924442911610794	-1
1.5960552061494706	-1
1.5960552061494706	2
1.5961	1
1.5996661211378618	-1
1.603277036126253	-1
1.606887951114644	-1
1.6104988661030353	-1
1.6133	1
1.6141097810914264	-1
1.6177206960798176	-1
1.6177206960798176	2
1.6213316110682088	-1
1.6249425260566	-1
1.6249425260566	2
1.6285534410449911	-1
1.6285534410449911	2
1.6307	1
1.6321643560333823	-1
1.6338	1
1.6357752710217734	-1
1.6393861860101646	-1
1.6429971009985558	-1
1.646608015986947	-1
1.6482	1
1.6502189309753381	-1
1.6506	1
1.6507	1
1.6538298459637293	-1
1.6574407609521205	-1
1.6610516759405116	-1
1.6646625909289028	-1
1.6646625909289028	2
1.668273505917294	-1
1.669	1
1.6718844209056851	-1
1.6754953358940763	-1
1.6791062508824675	-1
1.6827	1
1.6827171658708586	-1
1.6863280808592498	-1
1.6863280808592498	2
1.6863280808592498	2
1.689938995847641	-1
1.6935499108360321	-1
1.6971608258244233	-1
1.7004	1
1.7007717408128145	-1
1.7029	1
1.7043826558012056	-1
1.7079935707895968	-1
1.711604485777988	-1
1.7152154007663791	-1
1.7173	1
1.7188263157547703	-1
1.7224372307431615	-1
1.7224372307431615	2
1.7260481457315526	-1
1.7296590607199438	-1
1.733269975708335	-1
1.7356	1
1.7368808906967261	-1
1.7382	1
1.7404918056851173	-1
1.7441027206735085	-1
1.7477136356618996	-1
1.7513245506502908	-1
1.754935465638682	-1
1.7585463806270731	-1
1.7585463806270731	2
1.7621572956154643	-1
1.7657682106038555	-1
1.7693	1
1.7693791255922466	-1
1.7729900405806378	-1
1.776600955569029	-1
1.776600955569029	2
1.7802118705574201	-1
1.7838227855458113	-1
1.787	1
1.7874337005342025	-1
1.7874337005342025	2
1.7892	1
1.7893	1
1.7910446155225936	-1
1.7910446155225936	2
1.7946555305109848	-1
1.798266445499376	-1
1.8018773604877671	-1
1.8054882754761583	-1
1.8056	1
1.8090991904645495	-1
1.8127101054529406	-1
1.8163210204413318	-1
1.819931935429723	-1
1.819931935429723	2
1.8229	1
1.8235428504181141	-1
1.8255	1
1.8271537654065053	-1
1.8307646803948965	-1
1.8343755953832876	-1
1.8379865103716788	-1
1.8402	1
1.84159742536007	-1
1.8452083403484612	-1
1.8452083403484612	2
1.8488192553368523	-1
1.8488192553368523	2
1.8524301703252435	-1
1.8560410853136347	-1
1.8573	1
1.8596520003020258	-1
1.8596520003020258	2
1.86	1
1.863262915290417	-1
1.8668738302788082	-1
1.8704847452671993	-1
1.8740956602555905	-1
1.8740956602555905	2
1.8777065752439817	-1
1.8813174902323728	-1
1.884928405220764	-1
1.8885393202091552	-1
1.8921502351975463	-1
1.8921502351975463	2
1.8957611501859375	-1
1.8957611501859375	2
1.897	1
1.8993720651743287	-1
1.9029829801627198	-1
1.906593895151111	-1
1.906593895151111	2
1.9102048101395022	-1
1.9108	1
1.9133	1
1.9134	1
1.9138157251278933	-1
1.9138157251278933	2
1.9174266401162845	-1
1.9210375551046757	-1
1.9210375551046757	2
1.9246484700930668	-1
1.9246484700930668	2
1.928259385081458	-1
1.928259385081458	2
1.9318703000698492	-1
1.9354812150582403	-1
1.9354812150582403	2
1.9390921300466315	-1
1.9427030450350227	-1
1.944	1
1.9463139600234138	-1
1.949924875011805	-1
1.9535357900001962	-1
1.9535357900001962	2
1.9571467049885873	-1
1.9571467049885873	2
1.9606	1
1.9607576199769785	-1
1.9632	1
1.9643685349653697	-1
1.9679794499537608	-1
1.971590364942152	-1
1.9752012799305432	-1
1.9784	1
1.9788121949189343	-1
1.9808	1
1.9824231099073255	-1
1.9860340248957167	-1
1.9896449398841078	-1
1.993255854872499	-1
1.993255854872499	2
1.9954	1
1.9968667698608902	-1
1.9979	1
2.0004776848492813	-1
2.0004776848492813	2
2.0040885998376723	-1
2.0076995148260632	-1
2.011310429814454	-1
2.0132	1
2.014921344802845	-1
2.018532259791236	-1
2.022143174779627	-1
2.025754089768018	-1
2.029365004756409	-1
2.0315	1
2.0329759197448	-1
2.034	1
2.036586834733191	-1
2.0401977497215817	-1
2.0401977497215817	2
2.0401977497215817	2
2.0438086647099727	-1
2.0474195796983636	-1
2.0474195796983636	2
2.0506	1
2.0510304946867546	-1
2.0546414096751455	-1
2.0582523246635365	-1
2.0618632396519274	-1
2.0654741546403184	-1
2.0689	1
2.0690850696287093	-1
2.0690850696287093	2
2.0726959846171003	-1
2.0726959846171003	2
2.076306899605491	-1
2.079917814593882	-1
2.083528729582273	-1
2.0862	1
2.087139644570664	-1
2.0885	1
2.090750559559055	-1
2.090750559559055	2
2.094361474547446	-1
2.097972389535837	-1
2.101583304524228	-1
2.101583304524228	2
2.1051942195126188	-1
2.1051942195126188	2
2.1088051345010097	-1
2.1124160494894006	-1
2.1124160494894006	2
2.1124160494894006	2
2.1160269644777916	-1
2.1196378794661825	-1
2.1224	1
2.1232487944545735	-1
2.1268597094429644	-1
2.1304706244313554	-1
2.1327	1
2.1327	1
2.1340815394197463	-1
2.1376924544081373	-1
2.141	1
2.141303369396528	-1
2.144914284384919	-1
2.1469	1
2.14852519937331	-1
2.14852519937331	2
2.1492	1
2.1515	1
2.1516	1
2.1516	1
2.1517	1
2.152136114361701	-1
2.155747029350092	-1
2.1583	1
2.159357944338483	-1
2.162968859326874	-1
2.166579774315265	-1
2.1682	1
2.1701906893036558	-1
2.1705	1
2.1706	1
2.1738016042920467	-1
2.1774125192804377	-1
2.1810234342688286	-1
2.1810234342688286	2
2.1846343492572196	-1
2.1867	1
2.1867	1
2.188	1
2.1881	1
2.1881	1
2.1882	1
2.1882452642456105	-1
2.1882452642456105	2
2.1899	1
2.1899	1
2.19	1
2.19	1
2.19	1
2.1901	1
2.1901	1
2.1918561792340014	-1
2.1918561792340014	2
2.193	1
2.193	1
2.193	1
2.1931	1
2.1931	1
2.1932	1
2.1932	1
2.194	1
2.194	1
2.1941	1
2.1941	1
2.1941	1
2.1941	1
2.1942	1
2.1942	1
2.1943	1
2.1954670942223924	-1
2.1965	1
2.1973000000000003	1
2.1973000000000003	1
2.1990780092107833	-1
2.1993	1
2.1994	1
2.1994	1
2.1994	1
2.1995	1
2.1995	1
2.1996	1
2.1996	1
2.1997	1
2.1997	1
2.1997	1
2.1998	1
2.1998	1
2.1999	1
2.1999	1
2.2	1
2.2016	1
2.2016999999999998	1
2.2016999999999998	1
2.2018	1
2.2018	1
2.2018	1
2.2019	1
2.2019	1
2.2026889241991743	-1
2.2029	1
2.2029	1
2.203	1
2.203	1
2.203	1
2.2031	1
2.2046	1
2.2046	1
2.2047	1
2.2047	1
2.2062998391875652	-1
2.209910754175956	-1
2.2101	1
2.2101	1
2.2101	1
2.2102	1
2.2102	1
2.2103	1
2.2103	1
2.2103	1
2.2104	1
2.2104	1
2.2104	1
2.2105	1
2.2112	1
2.213521669164347	-1
2.2157	1
2.2157999999999998	1
2.2157999999999998	1
2.2159	1
2.2159	1
2.2159	1
2.216	1
2.216	1
2.216	1
2.2161	1
2.2161	1
2.2161	1
2.2162	1
2.2162	1
2.217132584152738	-1
2.2207	1
2.220743499141129	-1
2.2208	1
2.2208	1
2.2208	1
2.2209	1
2.2209	1
2.2209	1
2.221	1
2.221	1
2.2211	1
2.2211	1
2.2212	1
2.2227	1
2.2228	1
2.2228	1
2.2229	1
2.2229	1
2.2229	1
2.223	1
2.223	1
2.22435441412952	-1
2.22435441412952	2
2.225	1
2.225	1
2.2251	1
2.2251	1
2.2252	1
2.2252	1
2.2253	1
2.2253	1
2.2254	1
2.2254	1
2.2255000000000003	1
2.2255000000000003	1
2.2256	1
2.2279	1
2.2279	1
2.227965329117911	-1
2.228	1
2.228	1
2.2281	1
2.2281	1
2.2281	1
2.2282	1
2.2282	1
2.2283	1
2.2283	1
2.2284	1
2.2284	1
2.2285	1
2.2285	1
2.2286	1
2.229	1
2.2291	1
2.2291	1
2.2291	1
2.2294	1
2.2309	1
2.2309	1
2.2309	1
2.231	1
2.231576244106302	-1
2.2345	1
2.2345	1
2.2345	1
2.2346	1
2.2346	1
2.2347	1
2.2347	1
2.2348	1
2.2348	1
2.235187159094693	-1
2.2387980740830837	-1
2.2424089890714747	-1
2.2460199040598656	-1
2.2496308190482566	-1
2.2532417340366475	-1
2.2568526490250385	-1
2.2604635640134294	-1
2.2640744790018204	-1
2.2664	1
2.2676853939902113	-1
2.2676853939902113	2
2.2688	1
2.2689	1
2.2712963089786022	-1
2.2712963089786022	2
2.274907223966993	-1
2.278518138955384	-1
2.282129053943775	-1
2.285739968932166	-1
2.289350883920557	-1
2.292961798908948	-1
2.296572713897339	-1
2.2997	1
2.30018362888573	-1
2.3037945438741207	-1
2.3074054588625117	-1
2.3107	1
2.3110163738509026	-1
2.3146272888392936	-1
2.3182382038276845	-1
2.3218491188160755	-1
2.3218491188160755	2
2.3254600338044664	-1
2.3290709487928574	-1
2.3326818637812483	-1
2.3362927787696393	-1
2.33990369375803	-1
2.3429	1
2.343514608746421	-1
2.343514608746421	2
2.3464	1
2.347125523734812	-1
2.350736438723203	-1
2.354347353711594	-1
2.354347353711594	2
2.357958268699985	-1
2.361569183688376	-1
2.361569183688376	2
2.365180098676767	-1
2.3687910136651578	-1
2.3724019286535487	-1
2.3760128436419397	-1
2.3796237586303306	-1
2.3832346736187215	-1
2.3868455886071125	-1
2.3904565035955034	-1
2.3940674185838944	-1
2.3976783335722853	-1
2.4012892485606763	-1
2.403	1
2.4042	1
2.4043	1
2.4043	1
2.4043	1
2.404900163549067	-1
2.4053	1
2.4054	1
2.408511078537458	-1
2.412121993525849	-1
2.4141	1
2.41573290851424	-1
2.41573290851424	2
2.419343823502631	-1
2.422954738491022	-1
2.426565653479413	-1
2.430176568467804	-1
2.430176568467804	2
2.4337874834561948	-1
2.435	1
2.4373983984445857	-1
2.4373983984445857	2
2.4410093134329767	-1
2.4446202284213676	-1
2.4482311434097586	-1
2.4518420583981495	-1
2.4527	1
2.4527	1
2.4554529733865404	-1
2.4590638883749314	-1
2.4626748033633223	-1
2.4635	1
2.4662857183517133	-1
2.4678	1
2.4698966333401042	-1
2.4701	1
2.4702	1
2.4719	1
2.4719	1
2.473507548328495	-1
2.477118463316886	-1
2.477118463316886	2
2.480729378305277	-1
2.480729378305277	2
2.484340293293668	-1
2.487951208282059	-1
2.4881	1
2.49156212327045	-1
2.493	1
2.495173038258841	-1
2.495173038258841	2
2.4957	1
2.4982	1
2.498783953247232	-1
2.5023948682356227	-1
2.5055	1
2.5055	1
2.5060057832240137	-1
2.5060057832240137	2
2.5096166982124046	-1
2.5096166982124046	2
2.5132276132007956	-1
2.5152	1
2.5168385281891865	-1
2.5204494431775775	-1
2.5209	1
2.5223	1
2.5238	1
2.5240603581659684	-1
2.5276712731543594	-1
2.5276712731543594	2
2.5312821881427503	-1
2.5312821881427503	2
2.5348931031311412	-1
2.538504018119532	-1
2.5397	1
2.5416	1
2.542114933107923	-1
2.5451	1
2.545725848096314	-1
2.549336763084705	-1
2.552947678073096	-1
2.5545	1
2.556558593061487	-1
2.5572	1
2.5573	1
2.559	1
2.5591	1
2.5591	1
2.5591	1
2.560169508049878	-1
2.5609	1
2.561	1
2.561	1
2.5611	1
2.5611	1
2.5611	1
2.5612	1
2.5612	1
2.5636	1
2.5636	1
2.5637	1
2.563780423038269	-1
2.5643000000000002	1
2.5643000000000002	1
2.5644	1
2.5644	1
2.5645	1
2.5645	1
2.5645	1
2.5646	1
2.5647	1
2.5667999999999997	1
2.5669	1
2.5669	1
2.567	1
2.5673913380266598	-1
2.5675	1
2.5676	1
2.5697	1
2.5698	1
2.5698	1
2.5699	1
2.5699	1
2.5700000000000003	1
2.5700000000000003	1
2.5701	1
2.5701	1
2.5701	1
2.5702	1
2.5702	1
2.5703	1
2.5703	1
2.5703	1
2.5704000000000002	1
2.5704000000000002	1
2.5705	1
2.5710022530150507	-1
2.5711	1
2.5713	1
2.5714	1
2.5715	1
2.5746131680034416	-1
2.576	1
2.576	1
2.5761000000000003	1
2.5761000000000003	1
2.5763	1
2.5764	1
2.5766	1
2.5766999999999998	1
2.5768	1
2.577	1
2.577	1
2.577	1
2.5772	1
2.5782240829918326	-1
2.5803000000000003	1
2.5804	1
2.5804	1
2.5818349979802235	-1
2.5829	1
2.5854459129686145	-1
2.5890568279570054	-1
2.5890568279570054	2
2.5926677429453964	-1
2.5962786579337873	-1
2.5962786579337873	2
2.5998895729221783	-1
2.603500487910569	-1
2.60711140289896	-1
2.610722317887351	-1
2.614333232875742	-1
2.617944147864133	-1
2.617944147864133	2
2.621555062852524	-1
2.625165977840915	-1
2.628776892829306	-1
2.628776892829306	2
2.6323878078176968	-1
2.6359987228060877	-1
2.6396096377944787	-1
2.6432205527828696	-1
2.6432205527828696	2
2.6468314677712605	-1
2.6468314677712605	2
2.6504423827596515	-1
2.6540532977480424	-1
2.6576642127364334	-1
2.6612751277248243	-1
2.6648860427132153	-1
2.668496957701606	-1
2.672107872689997	-1
2.675718787678388	-1
2.679329702666779	-1
2.679329702666779	2
2.68294061765517	-1
2.686551532643561	-1
2.690162447631952	-1
2.693773362620343	-1
2.697384277608734	-1
2.7009951925971247	-1
2.7046061075855157	-1
2.7082170225739066	-1
2.7118279375622976	-1
2.7118279375622976	2
2.7154388525506885	-1
2.7190497675390795	-1
2.7226606825274704	-1
2.7226606825274704	2
2.7262715975158613	-1
2.7298825125042523	-1
2.7334934274926432	-1
2.737104342481034	-1
2.740715257469425	-1
2.7442	1
2.7443	1
2.744326172457816	-1
2.747937087446207	-1
2.751548002434598	-1
2.755158917422989	-1
2.75876983241138	-1
2.7595	1
2.7621	1
2.7621	1
2.762380747399771	-1
2.762380747399771	2
2.7649	1
2.7649	1
2.765	1
2.7659916623881617	-1
2.7696025773765527	-1
2.7732134923649436	-1
2.7768244073533346	-1
2.7804353223417255	-1
2.7806	1
2.7832	1
2.7833	1
2.7840462373301165	-1
2.7840462373301165	2
2.786	1
2.7861	1
2.7861	1
2.7876571523185074	-1
2.7876571523185074	2
2.7912680673068984	-1
2.7912680673068984	2
2.7912680673068984	2
2.7948789822952893	-1
2.7948789822952893	2
2.7948789822952893	2
2.7984898972836802	-1
2.802100812272071	-1
2.8026	1
2.805711727260462	-1
2.805711727260462	2
2.809322642248853	-1
2.812933557237244	-1
2.812933557237244	2
2.816544472225635	-1
2.820155387214026	-1
2.820155387214026	2
2.8209	1
2.823766302202417	-1
2.827377217190808	-1
2.8309881321791988	-1
2.8345990471675897	-1
2.8345990471675897	2
2.8382099621559806	-1
2.8392	1
2.8418208771443716	-1
2.8454317921327625	-1
2.8490427071211535	-1
2.8526536221095444	-1
2.8562645370979354	-1
2.859	1
2.8598754520863263	-1
2.8598754520863263	2
2.8634863670747173	-1
2.8634863670747173	2
2.867097282063108	-1
2.870708197051499	-1
2.8733	1
2.87431911203989	-1
2.877930027028281	-1
2.881540942016672	-1
2.885151857005063	-1
2.888762771993454	-1
2.888762771993454	2
2.892373686981845	-1
2.8932	1
2.8933	1
2.8945	1
2.8958	1
2.8959	1
2.8959	1
2.8959846019702358	-1
2.896	1
2.8968	1
2.8969	1
2.8995955169586267	-1
2.8998	1
2.8998	1
2.9	1
2.9001	1
2.9001	1
2.9002	1
2.9002	1
2.9002	1
2.9032064319470177	-1
2.9043	1
2.9043	1
2.9044	1
2.9044	1
2.9045	1
2.9045	1
2.9068173469354086	-1
2.9087	1
2.9087	1
2.9088000000000003	1
2.9088000000000003	1
2.9089	1
2.9089	1
2.9089	1
2.909	1
2.909	1
2.909	1
2.9091	1
2.9091	1
2.9104282619237996	-1
2.9104282619237996	2
2.9109	1
2.9111000000000002	1
2.9111000000000002	1
2.9112	1
2.9140391769121905	-1
2.9152	1
2.9152	1
2.9167	1
2.9167	1
2.9168000000000003	1
2.9168000000000003	1
2.9168000000000003	1
2.9169	1
2.9169	1
2.917	1
2.9176500919005814	-1
2.918	1
2.9181	1
2.9181	1
2.9182	1
2.9212610068889724	-1
2.9212610068889724	2
2.9248719218773633	-1
2.9263000000000003	1
2.9263000000000003	1
2.9264	1
2.9264	1
2.9265	1
2.9283	1
2.9284828368657543	-1
2.9289	1
2.9289	1
2.9320937518541452	-1
2.9320937518541452	2
2.935704666842536	-1
2.939315581830927	-1
2.942926496819318	-1
2.9455	1
2.946537411807709	-1
2.948	1
2.9501483267961	-1
2.953759241784491	-1
2.957370156772882	-1
2.9587000000000003	1
2.9587000000000003	1
2.960981071761273	-1
2.960981071761273	2
2.9645919867496637	-1
2.9645919867496637	2
2.9682029017380547	-1
2.9682029017380547	2
2.9718138167264456	-1
2.9754247317148366	-1
2.9789	1
2.9790356467032275	-1
2.9814	1
2.9815	1
2.9826465616916185	-1
2.9862574766800094	-1
2.9862574766800094	2
2.9898683916684003	-1
2.9920999999999998	1
2.9922	1
2.9934793066567913	-1
2.9961	1
2.9970902216451822	-1
3.000701136633573	-1
3.004312051621964	-1
3.0074	1
3.007922966610355	-1
3.0101	1
3.0101	1
3.011533881598746	-1
3.0144	1
3.015144796587137	-1
3.017	1
3.018755711575528	-1
3.022366626563919	-1
3.0244999999999997	1
3.02597754155231	-1
3.0267999999999997	1
3.0269	1
3.0295884565407007	-1
3.0295884565407007	2
3.0329	1
3.0331993715290917	-1
3.0331993715290917	2
3.0368102865174826	-1
3.0368102865174826	2
3.0404212015058736	-1
3.0404212015058736	2
3.0440321164942645	-1
3.0476430314826555	-1
3.0512539464710464	-1
3.054	1
3.0548648614594374	-1
3.0569	1
3.0584757764478283	-1
3.0614	1
3.0614	1
3.0620866914362193	-1
3.06569760642461	-1
3.069308521413001	-1
3.072919436401392	-1
3.0756	1
3.076530351389783	-1
3.0780000000000003	1
3.0781	1
3.080141266378174	-1
3.083752181366565	-1
3.087363096354956	-1
3.090974011343347	-1
3.093	1
3.0945849263317378	-1
3.0955	1
3.0956	1
3.0974	1
3.0975	1
3.0975	1
3.0975	1
3.0981958413201287	-1
3.0994	1
3.0994	1
3.0995	1
3.0995	1
3.0995999999999997	1
3.1018067563085197	-1
3.1054176712969106	-1
3.1090285862853015	-1
3.1126395012736925	-1
3.1145	1
3.1162504162620834	-1
3.1162504162620834	2
3.117	1
3.1198613312504744	-1
3.1215	1
3.1234722462388653	-1
3.1270831612272563	-1
3.130694076215647	-1
3.1313	1
3.1337	1
3.1337	1
3.134304991204038	-1
3.134304991204038	2
3.137915906192429	-1
3.14152682118082	-1
3.145137736169211	-1
3.148748651157602	-1
3.148748651157602	2
3.148748651157602	2
3.148748651157602	2
3.152359566145993	-1
3.155970481134384	-1
3.1595813961227748	-1
3.1631923111111657	-1
3.1631923111111657	2
3.1668032260995567	-1
3.1668032260995567	2
3.1704141410879476	-1
3.1704141410879476	2
3.1715	1
3.1715	1
3.1715	1
3.1738	1
3.1738	1
3.1740250560763386	-1
3.1748000000000003	1
3.175	1
3.1752	1
3.1757	1
3.1757999999999997	1
3.1757999999999997	1
3.1759	1
3.1776359710647295	-1
3.1778	1
3.1784	1
3.1785	1
3.1812468860531204	-1
3.1812468860531204	2
3.1848578010415114	-1
3.1884687160299023	-1
3.1920796310182933	-1
3.1920796310182933	2
3.1956905460066842	-1
3.1956905460066842	2
3.199301460995075	-1
3.202912375983466	-1
3.206523290971857	-1
3.206523290971857	2
3.210134205960248	-1
3.2127	1
3.213745120948639	-1
3.2146	1
3.2147	1
3.215	1
3.21735603593703	-1
3.220966950925421	-1
3.220966950925421	2
3.224577865913812	-1
3.2281887809022027	-1
3.2281887809022027	2
3.2299	1
3.2314	1
3.2317996958905937	-1
3.2322	1
3.2354106108789846	-1
3.237	1
3.2390215258673756	-1
3.2426324408557665	-1
3.2461	1
3.2462433558441575	-1
3.2488	1
3.2489	1
3.2498542708325484	-1
3.2498542708325484	2
3.2534651858209394	-1
3.2570761008093303	-1
3.2570761008093303	2
3.2602	1
3.2606870157977212	-1
3.264297930786112	-1
3.264297930786112	2
3.2647	1
3.267908845774503	-1
3.2692	1
3.2693	1
3.271519760762894	-1
3.275130675751285	-1
3.278741590739676	-1
3.2811000000000003	1
3.282352505728067	-1
3.2834000000000003	1
3.2834000000000003	1
3.285963420716458	-1
3.2864	1
3.2889	1
3.289574335704849	-1
3.289574335704849	2
3.289574335704849	2
3.2931852506932398	-1
3.2931852506932398	2
3.2967961656816307	-1
3.2998	1
3.3004070806700216	-1
3.3040179956584126	-1
3.3076289106468035	-1
3.3112398256351945	-1
3.3148507406235854	-1
3.3157	1
3.3184	1
3.3184	1
3.3184616556119764	-1
3.3184616556119764	2
3.3220725706003673	-1
3.3256834855887583	-1
3.329294400577149	-1
3.33290531556554	-1
3.3362	1
3.3363	1
3.336516230553931	-1
3.340127145542322	-1
3.343738060530713	-1
3.347348975519104	-1
3.347348975519104	2
3.347348975519104	2
3.3478	1
3.350959890507495	-1
3.3521	1
3.3524000000000003	1
3.354570805495886	-1
3.3581817204842768	-1
3.3617926354726677	-1
3.3617926354726677	2
3.3654035504610587	-1
3.3685	1
3.3686	1
3.3690144654494496	-1
3.3726253804378405	-1
3.3762362954262315	-1
3.3798472104146224	-1
3.3798472104146224	2
3.3834581254030134	-1
3.3857	1
3.3857	1
3.3870690403914043	-1
3.3870690403914043	2
3.3906799553797953	-1
3.394290870368186	-1
3.394290870368186	2
3.397901785356577	-1
3.401512700344968	-1
3.4039	1
3.405123615333359	-1
3.405123615333359	2
3.405123615333359	2
3.40873453032175	-1
3.412345445310141	-1
3.415956360298532	-1
3.419567275286923	-1
3.419567275286923	2
3.423178190275314	-1
3.4267891052637047	-1
3.4304000202520957	-1
3.4340109352404866	-1
3.4360999999999997	1
3.4376218502288776	-1
3.4376218502288776	2
3.439	1
3.4412327652172685	-1
3.442	1
3.4421	1
3.4421	1
3.4421999999999997	1
3.4448436802056595	-1
3.4462	1
3.4463	1
3.4463	1
3.4465000000000003	1
3.4466	1
3.4466	1
3.4467	1
3.4468	1
3.4484545951940504	-1
3.4511000000000003	1
3.4511000000000003	1
3.4520655101824413	-1
3.4520655101824413	2
3.4528	1
3.4539999999999997	1
3.4556764251708323	-1
3.4592873401592232	-1
3.462898255147614	-1
3.462898255147614	2
3.466509170136005	-1
3.470120085124396	-1
3.470120085124396	2
3.473	1
3.473731000112787	-1
3.477341915101178	-1
3.480952830089569	-1
3.48456374507796	-1
3.48456374507796	2
3.488174660066351	-1
3.4899	1
3.49	1
3.4917855750547417	-1
3.4953964900431327	-1
3.4990074050315236	-1
3.4990074050315236	2
3.5026183200199146	-1
3.5062292350083055	-1
3.5062292350083055	2
3.5082	1
3.5098401499966965	-1
3.5129	1
3.513	1
3.513	1
3.5134510649850874	-1
3.5170619799734784	-1
3.5206728949618693	-1
3.5227	1
3.5242838099502602	-1
3.525	1
3.5251	1
3.527894724938651	-1
3.527894724938651	2
3.531505639927042	-1
3.5332	1
3.5333	1
3.5333	1
3.5333	1
3.5333	1
3.5334	1
3.5334	1
3.5334	1
3.5335	1
3.5335	1
3.535116554915433	-1
3.538727469903824	-1
3.5418000000000003	1
3.5419	1
3.542338384892215	-1
3.542338384892215	2
3.542338384892215	2
3.5433	1
3.5434	1
3.545949299880606	-1
3.545949299880606	2
3.549560214868997	-1
3.553171129857388	-1
3.5567820448457788	-1
3.5603929598341697	-1
3.5640038748225606	-1
3.5676147898109516	-1
3.5712257047993425	-1
3.5748366197877335	-1
3.5748366197877335	2
3.5781	1
3.5782	1
3.5784475347761244	-1
3.5815	1
3.5820584497645154	-1
3.5856693647529063	-1
3.5892802797412973	-1
3.5892802797412973	2
3.592891194729688	-1
3.592891194729688	2
3.5955	1
3.596502109718079	-1
3.5972	1
3.5995	1
3.60011302470647	-1
3.60011302470647	2
3.603723939694861	-1
3.607334854683252	-1
3.610945769671643	-1
3.6127000000000002	1
3.6128	1
3.6143	1
3.614556684660034	-1
3.6168	1
3.6169	1
3.618167599648425	-1
3.6217785146368158	-1
3.6253894296252067	-1
3.6253894296252067	2
3.6253894296252067	2
3.6290003446135977	-1
3.6301	1
3.6302	1
3.6326112596019886	-1
3.6362221745903796	-1
3.6398330895787705	-1
3.6434440045671614	-1
3.6455	1
3.6470549195555524	-1
3.6479999999999997	1
3.6481000000000003	1
3.6498	1
3.6506658345439433	-1
3.6542767495323343	-1
3.6578876645207252	-1
3.661498579509116	-1
3.6645000000000003	1
3.665109494497507	-1
3.665109494497507	2
3.6671	1
3.668720409485898	-1
3.668720409485898	2
3.672331324474289	-1
3.67594223946268	-1
3.679553154451071	-1
3.679553154451071	2
3.683164069439462	-1
3.683164069439462	2
3.686774984427853	-1
3.6903858994162437	-1
3.6921	1
3.6939968144046347	-1
3.6949	1
3.695	1
3.6971	1
3.6976077293930256	-1
3.6995	1
3.6995	1
3.7012186443814166	-1
3.7048295593698075	-1
3.7048295593698075	2
3.7084404743581985	-1
3.7103	1
3.7120513893465894	-1
3.7156623043349803	-1
3.7163	1
3.7163	1
3.7192732193233713	-1
3.7228841343117622	-1
3.726495049300153	-1
3.730105964288544	-1
3.730105964288544	2
3.730105964288544	2
3.7315	1
3.7332	1
3.733716879276935	-1
3.737327794265326	-1
3.740938709253717	-1
3.744549624242108	-1
3.748160539230499	-1
3.748160539230499	2
3.748160539230499	2
3.7509	1
3.75177145421889	-1
3.7553823692072807	-1
3.7553823692072807	2
3.7553823692072807	2
3.7565	1
3.7589932841956717	-1
3.7599	1
3.7626041991840626	-1
3.7662151141724536	-1
3.768	1
3.7698260291608445	-1
3.7734369441492355	-1
3.7734369441492355	2
3.777	1
3.7770478591376264	-1
3.7806587741260174	-1
3.7842696891144083	-1
3.7845	1
3.7846	1
3.7856	1
3.7857	1
3.7878806041027993	-1
3.79149151909119	-1
3.79149151909119	2
3.795102434079581	-1
3.795102434079581	2
3.798713349067972	-1
3.802324264056363	-1
3.8041	1
3.805935179044754	-1
3.809546094033145	-1
3.813157009021536	-1
3.8154	1
3.8154	1
3.816767924009927	-1
3.816767924009927	2
3.8203788389983178	-1
3.8212	1
3.8234	1
3.8235	1
3.8239897539867087	-1
3.8276006689750997	-1
3.8312115839634906	-1
3.8312115839634906	2
3.8348224989518815	-1
3.8384334139402725	-1
3.8415	1
3.8416	1
3.8420443289286634	-1
3.8420443289286634	2
3.8456552439170544	-1
3.8492661589054453	-1
3.8492661589054453	2
3.8493	1
3.8528770738938363	-1
3.856487988882227	-1
3.8585	1
3.860098903870618	-1
3.8634	1
3.863709818859009	-1
3.8673207338474	-1
3.8702	1
3.870931648835791	-1
3.8725	1
3.874542563824182	-1
3.8751	1
3.8751	1
3.877	1
3.878153478812573	-1
3.878153478812573	2
3.881764393800964	-1
3.8853753087893548	-1
3.8889862237777457	-1
3.8925971387661367	-1
3.8953	1
3.8954	1
3.8962080537545276	-1
3.8962080537545276	2
3.8998189687429186	-1
3.9034298837313095	-1
3.904	1
3.9070407987197004	-1
3.9106517137080914	-1
3.9136	1
3.9137	1
3.9142626286964823	-1
3.9142626286964823	2
3.9178735436848733	-1
3.9214844586732642	-1
3.925095373661655	-1
3.928706288650046	-1
3.9309	1
3.931	1
3.932317203638437	-1
3.935928118626828	-1
3.939539033615219	-1
3.94314994860361	-1
3.9456	1
3.946760863592001	-1
3.9482	1
3.9482	1
3.950371778580392	-1
3.9539826935687827	-1
3.9539826935687827	2
3.9575936085571737	-1
3.9612045235455646	-1
3.9612045235455646	2
3.9648154385339556	-1
3.9666	1
3.9684263535223465	-1
3.9684263535223465	2
3.9720372685107375	-1
3.9756481834991284	-1
3.9792590984875194	-1
3.9828700134759103	-1
3.9838	1
3.9839	1
3.9864809284643012	-1
3.9864809284643012	2
3.990091843452692	-1
3.993702758441083	-1
3.997313673429474	-1
4.000924588417865	-1
4.0015	1
4.0017	1
4.0019	1
4.0019	1
4.002000000000001	1
4.0026	1
4.0045	1
4.004535503406256	-1
4.008146418394647	-1
4.011757333383038	-1
4.015368248371429	-1
4.01897916335982	-1
4.0191	1
4.0214	1
4.0215	1
4.022590078348211	-1
4.026200993336602	-1
4.029811908324993	-1
4.029811908324993	2
4.0321	1
4.0334228233133835	-1
4.0334228233133835	2
4.0334228233133835	2
4.0347	1
4.0348	1
4.0370337383017745	-1
4.0404	1
4.0405	1
4.040644653290165	-1
4.044255568278556	-1
4.047866483266947	-1
4.0496	1
4.051477398255338	-1
4.0522	1
4.0522	1
4.0545	1
4.055088313243729	-1
4.0572	1
4.0573	1
4.05869922823212	-1
4.0601	1
4.0601	1
4.0602	1
4.0602	1
4.062310143220511	-1
4.0639	1
4.0639	1
4.064	1
4.064	1
4.0647	1
4.0647	1
4.0648	1
4.0648	1
4.065921058208902	-1
4.065921058208902	2
4.0682	1
4.069531973197293	-1
4.0698	1
4.0709	1
4.0709	1
4.0712	1
4.0712	1
4.0713	1
4.0713	1
4.0713	1
4.071400000000001	1
4.071400000000001	1
4.0715	1
4.0715	1
4.0715	1
4.0716	1
4.0717	1
4.0717	1
4.0718	1
4.073142888185684	-1
4.076753803174075	-1
4.0774	1
4.0774	1
4.077500000000001	1
4.077500000000001	1
4.080364718162466	-1
4.080364718162466	2
4.0807	1
4.0808	1
4.0808	1
4.0831	1
4.0831	1
4.0832	1
4.0832	1
4.0832	1
4.0832	1
4.0832999999999995	1
4.0832999999999995	1
4.0832999999999995	1
4.0834	1
4.0834	1
4.0834	1
4.083975633150857	-1
4.0868	1
4.087586548139248	-1
4.0895	1
4.0896	1
4.091197463127639	-1
4.09480837811603	-1
4.09480837811603	2
4.0984192931044205	-1
4.1020302080928115	-1
4.1054	1
4.105641123081202	-1
4.105641123081202	2
4.1079	1
4.108	1
4.109252038069593	-1
4.112862953057984	-1
4.116473868046375	-1
4.1165	1
4.1197	1
4.1197	1
4.1198999999999995	1
4.120084783034766	-1
4.123	1
4.123695698023157	-1
4.127306613011548	-1
4.130917527999939	-1
4.13452844298833	-1
4.1353	1
4.137700000000001	1
4.1378	1
4.138139357976721	-1
4.141750272965112	-1
4.145361187953503	-1
4.148972102941894	-1
4.152583017930285	-1
4.152699999999999	1
4.1551	1
4.155200000000001	1
4.156193932918676	-1
4.1579	1
4.1579	1
4.1592	1
4.159804847907067	-1
4.1619	1
4.163415762895458	-1
4.163415762895458	2
4.1670266778838485	-1
4.1670266778838485	2
4.1706375928722395	-1
4.17424850786063	-1
4.17424850786063	2
4.1767	1
4.1768	1
4.1768	1
4.1768	1
4.1772	1
4.177859422849021	-1
4.179	1
4.1791	1
4.1791	1
4.1791	1
4.1792	1
4.1792	1
4.179600000000001	1
4.179600000000001	1
4.181470337837412	-1
4.1815	1
4.1815	1
4.1823999999999995	1
4.1823999999999995	1
4.1825	1
4.1825	1
4.1826	1
4.1826	1
4.184	1
4.1841	1
4.1841	1
4.1841	1
4.184200000000001	1
4.184200000000001	1
4.184200000000001	1
4.1843	1
4.185081252825803	-1
4.1875	1
4.1875	1
4.1876	1
4.1876	1
4.1876999999999995	1
4.1876999999999995	1
4.1878	1
4.1878	1
4.1878	1
4.1879	1
4.1879	1
4.188000000000001	1
4.188000000000001	1
4.1881	1
4.1881	1
4.1882	1
4.188692167814194	-1
4.1907	1
4.190799999999999	1
4.190799999999999	1
4.1909	1
4.1921	1
4.1921	1
4.1922	1
4.1922	1
4.1922999999999995	1
4.192303082802585	-1
4.195913997790976	-1
4.1978	1
4.199524912779367	-1
4.2007	1
4.203135827767758	-1
4.206746742756149	-1
4.21035765774454	-1
4.213968572732931	-1
4.2157	1
4.217	1
4.217579487721322	-1
4.2183	1
4.2183	1
4.2197	1
4.2199	1
4.221190402709713	-1
4.224801317698104	-1
4.224801317698104	2
4.228412232686495	-1
4.2320231476748855	-1
4.2348	1
4.2356340626632765	-1
4.236000000000001	1
4.2361	1
4.2372	1
4.2382	1
4.238300000000001	1
4.238300000000001	1
4.2384	1
4.239244977651667	-1
4.239244977651667	2
4.239244977651667	2
4.242	1
4.242100000000001	1
4.242100000000001	1
4.2422	1
4.2422	1
4.2423	1
4.242855892640058	-1
4.2462	1
4.2462	1
4.246466807628449	-1
4.25007772261684	-1
4.2525	1
4.253688637605231	-1
4.257299552593622	-1
4.257299552593622	2
4.257299552593622	2
4.260910467582013	-1
4.264521382570404	-1
4.2657	1
4.2681000000000004	1
4.268132297558795	-1
4.268132297558795	2
4.2683	1
4.2703	1
4.271743212547186	-1
4.275354127535577	-1
4.275354127535577	2
4.278965042523968	-1
4.282575957512359	-1
4.28618687250075	-1
4.287599999999999	1
4.2877	1
4.288	1
4.2890999999999995	1
4.2892	1
4.2892	1
4.2893	1
4.289797787489141	-1
4.289797787489141	2
4.2905	1
4.2905	1
4.2911	1
4.2912	1
4.2912	1
4.2913	1
4.2913	1
4.2917000000000005	1
4.2918	1
4.293408702477532	-1
4.293408702477532	2
4.2938	1
4.2943	1
4.2943999999999996	1
4.2958	1
4.2958	1
4.2959	1
4.2959	1
4.295999999999999	1
4.295999999999999	1
4.2961	1
4.2961	1
4.2961	1
4.2962	1
4.2962	1
4.2963000000000005	1
4.2969	1
4.2970196174659225	-1
4.2971	1
4.2972	1
4.2973	1
4.2988	1
4.2988	1
4.2991	1
4.2991	1
4.3006305324543135	-1
4.304	1
4.3041	1
4.3041	1
4.3042	1
4.3042	1
4.304241447442704	-1
4.3043	1
4.3043	1
4.3044	1
4.3044	1
4.3045	1
4.3045	1
4.3045	1
4.304600000000001	1
4.304600000000001	1
4.3048	1
4.3053	1
4.3053	1
4.3053	1
4.305400000000001	1
4.305400000000001	1
4.305400000000001	1
4.3055	1
4.3055	1
4.307852362431095	-1
4.307852362431095	2
4.311463277419486	-1
4.3117	1
4.3117	1
4.3118	1
4.3118	1
4.3118	1
4.3119	1
4.3119	1
4.311999999999999	1
4.311999999999999	1
4.3121	1
4.3121	1
4.3148	1
4.3148	1
4.3149	1
4.3149	1
4.3149999999999995	1
4.3149999999999995	1
4.3149999999999995	1
4.315074192407877	-1
4.315074192407877	2
4.3151	1
4.318685107396268	-1
4.322296022384659	-1
4.322296022384659	2
4.3226	1
4.32590693737305	-1
4.329517852361441	-1
4.333128767349832	-1
4.336739682338223	-1
4.340350597326614	-1
4.340350597326614	2
4.3437	1
4.343961512315005	-1
4.343961512315005	2
4.347572427303396	-1
4.351183342291787	-1
4.351183342291787	2
4.354794257280178	-1
4.358405172268569	-1
4.358405172268569	2
4.3620160872569596	-1
4.3622	1
4.3656270022453505	-1
4.369237917233741	-1
4.372848832222132	-1
4.376459747210523	-1
4.380070662198914	-1
4.383681577187305	-1
4.383681577187305	2
4.387292492175696	-1
4.390903407164087	-1
4.390903407164087	2
4.394514322152478	-1
4.398125237140869	-1
4.40173615212926	-1
4.4026	1
4.405347067117651	-1
4.4056	1
4.408957982106042	-1
4.412568897094433	-1
4.416179812082824	-1
4.419790727071215	-1
4.4214	1
4.423401642059606	-1
4.427012557047997	-1
4.4306234720363875	-1
4.4342343870247785	-1
4.4342343870247785	2
4.4342343870247785	2
4.437845302013169	-1
4.44	1
4.44145621700156	-1
4.445067131989951	-1
4.448678046978342	-1
4.452288961966733	-1
4.455899876955124	-1
4.4589	1
4.459510791943515	-1
4.459510791943515	2
4.4619	1
4.462	1
4.463121706931906	-1
4.466732621920297	-1
4.470343536908688	-1
4.473954451897079	-1
4.47756536688547	-1
4.4778	1
4.4806	1
4.481176281873861	-1
4.484787196862252	-1
4.488398111850643	-1
4.492009026839034	-1
4.4956199418274245	-1
4.4956199418274245	2
4.4962	1
4.4988	1
4.4989	1
4.4992308568158155	-1
4.502841771804206	-1
4.506452686792597	-1
4.510063601780988	-1
4.510063601780988	2
4.513674516769379	-1
4.513674516769379	2
4.5141	1
4.5168	1
4.5168	1
4.51728543175777	-1
4.520896346746161	-1
4.524507261734552	-1
4.528118176722943	-1
4.531729091711334	-1
4.531729091711334	2
4.5328	1
4.535340006699725	-1
4.535340006699725	2
4.5354	1
4.5354	1
4.538950921688116	-1
4.542561836676507	-1
4.546172751664898	-1
4.549783666653289	-1
4.551	1
4.55339458164168	-1
4.557005496630071	-1
4.5606164116184615	-1
4.5642273266068525	-1
4.567838241595243	-1
4.5703	1
4.571449156583634	-1
4.5728	1
4.5729	1
4.575060071572025	-1
4.5751	1
4.575200000000001	1
4.578670986560416	-1
4.582281901548807	-1
4.585892816537198	-1
4.585892816537198	2
4.588	1
4.589503731525589	-1
4.5906	1
4.59311464651398	-1
4.5937	1
4.5938	1
4.596725561502371	-1
4.600336476490762	-1
4.603947391479153	-1
4.607558306467544	-1
4.607558306467544	2
4.611169221455935	-1
4.6117	1
4.611800000000001	1
4.614780136444326	-1
4.618391051432717	-1
4.622001966421108	-1
4.622001966421108	2
4.6256128814094986	-1
4.6288	1
4.6292237963978895	-1
4.631600000000001	1
4.6317	1
4.6328347113862804	-1
4.636445626374671	-1
4.640056541363062	-1
4.643667456351453	-1
4.6464	1
4.6465	1
4.647278371339844	-1
4.649	1
4.649	1
4.649100000000001	1
4.650889286328235	-1
4.650889286328235	2
4.654500201316626	-1
4.658111116305017	-1
4.661722031293408	-1
4.665332946281799	-1
4.665332946281799	2
4.665332946281799	2
4.6677	1
4.66894386127019	-1
4.6705	1
4.6706	1
4.672554776258581	-1
4.672554776258581	2
4.676165691246972	-1
4.679776606235363	-1
4.6833	1
4.683387521223754	-1
4.683400000000001	1
4.6852	1
4.686998436212145	-1
4.686998436212145	2
4.6876	1
4.6877	1
4.690609351200536	-1
4.6942202661889265	-1
4.6978311811773175	-1
4.7009	1
4.7010000000000005	1
4.701442096165708	-1
4.702	1
4.7045	1
4.7046	1
4.705053011154099	-1
4.705053011154099	2
4.70866392614249	-1
4.70866392614249	2
4.712274841130881	-1
4.715885756119272	-1
4.718	1
4.7187	1
4.719496671107663	-1
4.7195	1
4.7196	1
4.7197	1
4.7197	1
4.721299999999999	1
4.721299999999999	1
4.7213	1
4.7214	1
4.7214	1
4.7215	1
4.7215	1
4.723107586096054	-1
4.7233	1
4.7233	1
4.7242999999999995	1
4.7244	1
4.7245	1
4.7245	1
4.724600000000001	1
4.7258	1
4.7259	1
4.7259	1
4.7259	1
4.726	1
4.726	1
4.726	1
4.726718501084445	-1
4.7273	1
4.727399999999999	1
4.727399999999999	1
4.7275	1
4.730329416072836	-1
4.7305	1
4.7305	1
4.7306	1
4.7306	1
4.7306	1
4.730700000000001	1
4.733940331061227	-1
4.7361	1
4.737551246049618	-1
4.737551246049618	2
4.741162161038009	-1
4.741162161038009	2
4.7447730760264	-1
4.748383991014791	-1
4.748383991014791	2
4.751994906003182	-1
4.7543	1
4.755605820991573	-1
4.755605820991573	2
4.7567	1
4.7568	1
4.7592167359799635	-1
4.7628276509683545	-1
4.766438565956745	-1
4.7689	1
4.769	1
4.770049480945136	-1
4.773660395933527	-1
4.773660395933527	2
4.777271310921918	-1
4.777271310921918	2
4.780882225910309	-1
4.7844931408987	-1
4.787100000000001	1
4.788104055887091	-1
4.788104055887091	2
4.791714970875482	-1
4.795325885863873	-1
4.798936800852264	-1
4.802547715840655	-1
4.8053	1
4.805400000000001	1
4.806158630829046	-1
4.808	1
4.809769545817437	-1
4.813380460805828	-1
4.8163	1
4.816991375794219	-1
4.8195	1
4.82060229078261	-1
4.82060229078261	2
4.8242132057710005	-1
4.8242132057710005	2
4.827	1
4.8278241207593915	-1
4.8299	1
4.83	1
4.83	1
4.83	1
4.831435035747782	-1
4.8332	1
4.8332	1
4.8338	1
4.8338	1
4.8338	1
4.8339	1
4.8344	1
4.8347	1
4.8347999999999995	1
4.835045950736173	-1
4.8368	1
4.838656865724564	-1
4.8388	1
4.8388	1
4.8405000000000005	1
4.8405000000000005	1
4.8405000000000005	1
4.8407	1
4.8419	1
4.8420000000000005	1
4.8420000000000005	1
4.8420000000000005	1
4.8421	1
4.8421	1
4.8422	1
4.8422	1
4.842267780712955	-1
4.8423	1
4.8423	1
4.8426	1
4.842700000000001	1
4.8447	1
4.8448	1
4.845878695701346	-1
4.8476	1
4.8477	1
4.849489610689737	-1
4.851100000000001	1
4.853100525678128	-1
4.856711440666519	-1
4.86032235565491	-1
4.863933270643301	-1
4.867544185631692	-1
4.871155100620083	-1
4.8731	1
4.874766015608474	-1
4.8754	1
4.875500000000001	1
4.878376930596865	-1
4.881987845585256	-1
4.885598760573647	-1
4.889209675562038	-1
4.889209675562038	2
4.8928205905504285	-1
4.8942	1
4.894299999999999	1
4.8964315055388195	-1
4.8978	1
4.90004242052721	-1
4.903653335515601	-1
4.9051	1
4.907264250503992	-1
4.9097	1
4.910875165492383	-1
4.9123	1
4.9124	1
4.914486080480774	-1
4.918096995469165	-1
4.921707910457556	-1
4.9226	1
4.925318825445947	-1
4.9277	1
4.928929740434338	-1
4.930400000000001	1
4.930400000000001	1
4.932540655422729	-1
4.932540655422729	2
4.93615157041112	-1
4.93615157041112	2
4.9386	1
4.939762485399511	-1
4.9412	1
4.9413	1
4.943373400387902	-1
4.946984315376293	-1
4.947900000000001	1
4.950595230364684	-1
4.954206145353075	-1
4.9578170603414655	-1
4.9579	1
4.9614279753298565	-1
4.9642	1
4.965038890318247	-1
4.9666999999999994	1
4.9668	1
4.968649805306638	-1
4.968649805306638	2
4.972260720295029	-1
4.972260720295029	2
4.9748	1
4.97587163528342	-1
4.979482550271811	-1
4.983093465260202	-1
4.9851	1
4.986704380248593	-1
4.986704380248593	2
4.990315295236984	-1
4.993926210225375	-1
4.997537125213766	-1
4.997537125213766	2
5.001148040202157	-1
5.0023	1
5.0046	1
5.0046	1
5.0047	1
5.0047	1
5.004758955190548	-1
5.004758955190548	2
5.007	1
5.0075	1
5.0076	1
5.008369870178939	-1
5.0085	1
5.0085999999999995	1
5.0088	1
5.0091	1
5.01198078516733	-1
5.0133	1
5.0134	1
5.015591700155721	-1
5.0174	1
5.019202615144112	-1
5.0228135301325025	-1
5.0264244451208935	-1
5.0264244451208935	2
5.030035360109284	-1
5.0329	1
5.0329999999999995	1
5.033646275097675	-1
5.033646275097675	2
5.0347	1
5.034800000000001	1
5.034800000000001	1
5.0366	1
5.0367	1
5.0367999999999995	1
5.0369	1
5.037	1
5.037	1
5.037100000000001	1
5.037100000000001	1
5.037257190086066	-1
5.037257190086066	2
5.037257190086066	2
5.0373	1
5.0405999999999995	1
5.0405999999999995	1
5.0407	1
5.040868105074457	-1
5.044479020062848	-1
5.044479020062848	2
5.048089935051239	-1
5.05170085003963	-1
5.05170085003963	2
5.055311765028021	-1
5.0588999999999995	1
5.058922680016412	-1
5.0605	1
5.0606	1
5.0606	1
5.060700000000001	1
5.0611	1
5.0625	1
5.062533595004803	-1
5.0626	1
5.0626	1
5.0626999999999995	1
5.0633	1
5.0634	1
5.0634	1
5.0634999999999994	1
5.0651	1
5.0652	1
5.0661000000000005	1
5.0661000000000005	1
5.066144509993194	-1
5.0662	1
5.0662	1
5.0663	1
5.0663	1
5.0663	1
5.0664	1
5.0689	1
5.0695	1
5.069755424981585	-1
5.069755424981585	2
5.0698	1
5.0699000000000005	1
5.0699000000000005	1
5.07	1
5.07	1
5.0722000000000005	1
5.0722000000000005	1
5.0723	1
5.0723	1
5.073366339969976	-1
5.0739	1
5.0739	1
5.074	1
5.074	1
5.074	1
5.0741	1
5.074199999999999	1
5.074199999999999	1
5.074199999999999	1
5.0743	1
5.0743	1
5.0744	1
5.0762	1
5.0763	1
5.0763	1
5.0763	1
5.0764	1
5.0764	1
5.0765	1
5.0765	1
5.0765	1
5.0766	1
5.0766	1
5.076700000000001	1
5.076700000000001	1
5.076700000000001	1
5.076977254958367	-1
5.0785	1
5.080588169946758	-1
5.084199084935149	-1
5.0844000000000005	1
5.0846	1
5.0846	1
5.0847	1
5.0847	1
5.0847	1
5.0847999999999995	1
5.085	1
5.085100000000001	1
5.085100000000001	1
5.0852	1
5.0852	1
5.0852	1
5.0853	1
5.0853	1
5.0854	1
5.0854	1
5.0855	1
5.0855999999999995	1
5.0855999999999995	1
5.0877	1
5.0878	1
5.0878099999235396	-1
5.0886	1
5.0886	1
5.0908999999999995	1
5.0908999999999995	1
5.091	1
5.091	1
5.091	1
5.0911	1
5.0911	1
5.091200000000001	1
5.091200000000001	1
5.091200000000001	1
5.0913	1
5.0913	1
5.0914209149119305	-1
5.0939	1
5.0939	1
5.093999999999999	1
5.093999999999999	1
5.0941	1
5.0941	1
5.0942	1
5.0942	1
5.0943000000000005	1
5.0943000000000005	1
5.0944	1
5.0944	1
5.0945	1
5.0945	1
5.0946	1
5.0946	1
5.0947	1
5.0948	1
5.0948	1
5.0949	1
5.095031829900321	-1
5.0982	1
5.098642744888712	-1
5.0999	1
5.0999	1
5.1	1
5.1	1
5.100099999999999	1
5.100099999999999	1
5.1002	1
5.1002	1
5.1003	1
5.1003	1
5.1003	1
5.1004000000000005	1
5.1005	1
5.1005	1
5.1006	1
5.1007	1
5.1007	1
5.1008	1
5.1008	1
5.1009	1
5.102253659877103	-1
5.1047	1
5.1048	1
5.104900000000001	1
5.104900000000001	1
5.105	1
5.105	1
5.105	1
5.1053	1
5.1053999999999995	1
5.1053999999999995	1
5.1055	1
5.1055	1
5.1056	1
5.1056	1
5.105864574865494	-1
5.1076999999999995	1
5.1078	1
5.1078	1
5.1078	1
5.1079	1
5.1079	1
5.1080000000000005	1
5.1080000000000005	1
5.1081	1
5.1082	1
5.1082	1
5.1083	1
5.1083	1
5.1084	1
5.1084	1
5.108499999999999	1
5.109475489853885	-1
5.113086404842276	-1
5.1159	1
5.116697319830667	-1
5.116697319830667	2
5.117900000000001	1
5.117900000000001	1
5.118	1
5.118	1
5.1181	1
5.1181	1
5.1181	1
5.1182	1
5.1182	1
5.1183	1
5.1183	1
5.118399999999999	1
5.118399999999999	1
5.120308234819058	-1
5.120308234819058	2
5.122199999999999	1
5.122199999999999	1
5.1224	1
5.1225000000000005	1
5.1227	1
5.1228	1
5.1228	1
5.1229	1
5.1231	1
5.123200000000001	1
5.123200000000001	1
5.1233	1
5.1233	1
5.1234	1
5.1234	1
5.1235	1
5.123919149807449	-1
5.12753006479584	-1
5.131140979784231	-1
5.134751894772622	-1
5.134751894772622	2
5.1363	1
5.138362809761013	-1
5.141973724749404	-1
5.141973724749404	2
5.1429	1
5.145584639737795	-1
5.1465	1
5.149195554726186	-1
5.152806469714577	-1
5.152806469714577	2
5.1564173847029675	-1
5.1600282996913585	-1
5.163639214679749	-1
5.163639214679749	2
5.1643	1
5.1667	1
5.16725012966814	-1
5.170861044656531	-1
5.174471959644922	-1
5.178082874633313	-1
5.181693789621704	-1
5.181693789621704	2
5.185304704610095	-1
5.185304704610095	2
5.188915619598486	-1
5.1909	1
5.192526534586877	-1
5.196137449575268	-1
5.199748364563659	-1
5.199748364563659	2
5.199748364563659	2
5.199748364563659	2
5.20335927955205	-1
5.206970194540441	-1
5.210581109528832	-1
5.214192024517223	-1
5.214192024517223	2
5.217802939505614	-1
5.2214138544940045	-1
5.2214138544940045	2
5.2250247694823955	-1
5.2271	1
5.228635684470786	-1
5.232246599459177	-1
5.235857514447568	-1
5.239468429435959	-1
5.24307934442435	-1
5.2454	1
5.246690259412741	-1
5.2485	1
5.250301174401132	-1
5.250301174401132	2
5.253912089389523	-1
5.257523004377914	-1
5.261133919366305	-1
5.261133919366305	2
5.264744834354696	-1
5.268355749343087	-1
5.271966664331478	-1
5.275577579319869	-1
5.275577579319869	2
5.27918849430826	-1
5.2821	1
5.282799409296651	-1
5.2848	1
5.2864103242850415	-1
5.2871	1
5.2900212392734325	-1
5.293632154261823	-1
5.293632154261823	2
5.297243069250214	-1
5.300853984238605	-1
5.304464899226996	-1
5.3045	1
5.3068	1
5.3069	1
5.308075814215387	-1
5.311686729203778	-1
5.3134	1
5.3134	1
5.3134999999999994	1
5.3134999999999994	1
5.3134999999999994	1
5.315297644192169	-1
5.31890855918056	-1
5.3213	1
5.322519474168951	-1
5.326130389157342	-1
5.329741304145733	-1
5.3326	1
5.333352219134124	-1
5.335100000000001	1
5.335100000000001	1
5.336963134122515	-1
5.3382	1
5.340574049110906	-1
5.3407	1
5.344184964099297	-1
5.347795879087688	-1
5.349	1
5.3514067940760786	-1
5.3514067940760786	2
5.3515999999999995	1
5.3550177090644695	-1
5.3550177090644695	2
5.3586286240528604	-1
5.362239539041251	-1
5.362239539041251	2
5.365850454029642	-1
5.369461369018033	-1
5.3696	1
5.373072284006424	-1
5.373072284006424	2
5.373072284006424	2
5.373072284006424	2
5.3755	1
5.376683198994815	-1
5.378	1
5.378	1
5.380294113983206	-1
5.383905028971597	-1
5.387515943959988	-1
5.3895	1
5.3896	1
5.3896	1
5.3896999999999995	1
5.391126858948379	-1
5.3925	1
5.3925	1
5.3926	1
5.3927	1
5.3933	1
5.3933	1
5.3934	1
5.3934	1
5.39473777393677	-1
5.3955	1
5.3972	1
5.3972999999999995	1
5.3974	1
5.3974	1
5.398348688925161	-1
5.398348688925161	2
5.4002	1
5.4003	1
5.4003	1
5.4003	1
5.401959603913552	-1
5.405570518901943	-1
5.405570518901943	2
5.409181433890334	-1
5.4123	1
5.412792348878725	-1
5.416403263867116	-1
5.4200141788555065	-1
5.4222	1
5.4223	1
5.4236250938438975	-1
5.4245	1
5.4246	1
5.4247	1
5.4247	1
5.427236008832288	-1
5.4279	1
5.4279	1
5.428	1
5.428	1
5.428100000000001	1
5.428100000000001	1
5.4282	1
5.4282	1
5.430846923820679	-1
5.431	1
5.431900000000001	1
5.432	1
5.432	1
5.4321	1
5.4335	1
5.4336	1
5.4337	1
5.4337	1
5.4338	1
5.4338	1
5.4338999999999995	1
5.4338999999999995	1
5.43445783880907	-1
5.4359	1
5.436	1
5.436	1
5.436	1
5.438068753797461	-1
5.4411000000000005	1
5.4412	1
5.441679668785852	-1
5.445290583774243	-1
5.448901498762634	-1
5.452	1
5.452512413751025	-1
5.452512413751025	2
5.456123328739416	-1
5.456123328739416	2
5.459734243727807	-1
5.459734243727807	2
5.463345158716198	-1
5.466956073704589	-1
5.466956073704589	2
5.47056698869298	-1
5.474177903681371	-1
5.477788818669762	-1
5.481399733658153	-1
5.4826999999999995	1
5.4828	1
5.4843	1
5.4844	1
5.4844	1
5.484500000000001	1
5.4850106486465435	-1
5.4863	1
5.4864	1
5.4886215636349345	-1
5.492232478623325	-1
5.492232478623325	2
5.495843393611716	-1
5.4981	1
5.499454308600107	-1
5.503065223588498	-1
5.5042	1
5.504300000000001	1
5.506676138576889	-1
5.507099999999999	1
5.507099999999999	1
5.5072	1
5.5072	1
5.51028705356528	-1
5.5106	1
5.5107	1
5.5107	1
5.5108	1
5.5108	1
5.5108999999999995	1
5.5108999999999995	1
5.5108999999999995	1
5.513897968553671	-1
5.5143	1
5.5164	1
5.5164	1
5.5166	1
5.5167	1
5.5169	1
5.5169	1
5.5169999999999995	1
5.5169999999999995	1
5.5169999999999995	1
5.5171	1
5.5171	1
5.5172	1
5.5172	1
5.5173000000000005	1
5.5174	1
5.5174	1
5.517508883542062	-1
5.521119798530453	-1
5.5237	1
5.5238	1
5.524730713518844	-1
5.524730713518844	2
5.5265	1
5.5266	1
5.5266	1
5.5273	1
5.5274	1
5.5276	1
5.5278	1
5.5278	1
5.5279	1
5.5279	1
5.5279	1
5.5282	1
5.5283	1
5.528341628507235	-1
5.528341628507235	2
5.5301	1
5.5309	1
5.531	1
5.531000000000001	1
5.531000000000001	1
5.5311	1
5.5311	1
5.5311	1
5.5312	1
5.5312	1
5.5313	1
5.5313	1
5.5314	1
5.5314	1
5.531952543495626	-1
5.535563458484017	-1
5.5356000000000005	1
5.5357	1
5.5382	1
5.5382	1
5.5383	1
5.5384	1
5.5384	1
5.5384	1
5.5385	1
5.5385	1
5.539174373472408	-1
5.539174373472408	2
5.542785288460799	-1
5.54639620344919	-1
5.5472	1
5.5472	1
5.5474	1
5.547499999999999	1
5.5476	1
5.5477	1
5.5478000000000005	1
5.5479	1
5.5479	1
5.548	1
5.548	1
5.548	1
5.5481	1
5.5481	1
5.5489	1
5.5500071184375805	-1
5.5500071184375805	2
5.5500071184375805	2
5.5536180334259715	-1
5.554600000000001	1
5.5547	1
5.5547	1
5.5548	1
5.5548	1
5.5549	1
5.5549	1
5.5549	1
5.557228948414362	-1
5.560839863402753	-1
5.5611	1
5.5611999999999995	1
5.5611999999999995	1
5.5613	1
5.5614	1
5.5616	1
5.5617	1
5.5618	1
5.5619	1
5.561999999999999	1
5.561999999999999	1
5.5631	1
5.5631	1
5.5632	1
5.5632	1
5.5633	1
5.5633	1
5.5633	1
5.564450778391144	-1
5.568061693379535	-1
5.571672608367926	-1
5.572	1
5.5721	1
5.5721	1
5.5722000000000005	1
5.5722000000000005	1
5.5723	1
5.5723	1
5.5724	1
5.5724	1
5.5724	1
5.5725	1
5.5725999999999996	1
5.5725999999999996	1
5.5727	1
5.5728	1
5.5728	1
5.5735	1
5.5735	1
5.575283523356317	-1
5.5763	1
5.5766	1
5.5766	1
5.576700000000001	1
5.576700000000001	1
5.576700000000001	1
5.5768	1
5.5768	1
5.578894438344708	-1
5.582505353333099	-1
5.582505353333099	2
5.582505353333099	2
5.5855	1
5.5855999999999995	1
5.5855999999999995	1
5.5857	1
5.5857	1
5.5858	1
5.5858	1
5.5859000000000005	1
5.586	1
5.586	1
5.58611626832149	-1
5.58611626832149	2
5.589727183309881	-1
5.591200000000001	1
5.5913	1
5.5913	1
5.5913	1
5.5914	1
5.5914	1
5.5915	1
5.5915	1
5.5916	1
5.593338098298272	-1
5.5954	1
5.5954	1
5.5954999999999995	1
5.5954999999999995	1
5.5956	1
5.5957	1
5.5957	1
5.5957	1
5.5958000000000006	1
5.5958000000000006	1
5.5959	1
5.596	1
5.596949013286663	-1
5.6005	1
5.600559928275054	-1
5.6006	1
5.6007	1
5.6007	1
5.6008	1
5.6008	1
5.6008	1
5.6009	1
5.604170843263445	-1
5.6058	1
5.6058	1
5.6059	1
5.6059	1
5.606	1
5.606	1
5.6061	1
5.6061	1
5.606199999999999	1
5.606199999999999	1
5.606199999999999	1
5.6063	1
5.607781758251836	-1
5.611392673240227	-1
5.6139	1
5.6139	1
5.614	1
5.614	1
5.6141000000000005	1
5.6141000000000005	1
5.6141000000000005	1
5.6142	1
5.6142	1
5.6143	1
5.6143	1
5.6144	1
5.615003588228618	-1
5.615003588228618	2
5.6186145032170085	-1
5.6193	1
5.619400000000001	1
5.619400000000001	1
5.6195	1
5.6195	1
5.6196	1
5.6196	1
5.6197	1
5.6197	1
5.6198	1
5.6198999999999995	1
5.6201	1
5.6201	1
5.6222254182053994	-1
5.62583633319379	-1
5.6261	1
5.6264	1
5.6264	1
5.6265	1
5.6265	1
5.6265	1
5.6266	1
5.6266	1
5.6267	1
5.6289	1
5.629447248182181	-1
5.633058163170572	-1
5.633058163170572	2
5.6334	1
5.6335	1
5.6335	1
5.6335999999999995	1
5.6335999999999995	1
5.6337	1
5.6337	1
5.6337	1
5.6338	1
5.633900000000001	1
5.633900000000001	1
5.634	1
5.634	1
5.6341	1
5.6341	1
5.636669078158963	-1
5.636669078158963	2
5.6402	1
5.640279993147354	-1
5.6403	1
5.6403	1
5.6403	1
5.6404	1
5.6404	1
5.6404	1
5.640499999999999	1
5.640499999999999	1
5.643890908135745	-1
5.643890908135745	2
5.644	1
5.6463	1
5.6463	1
5.647	1
5.6471	1
5.6471	1
5.6471	1
5.6472	1
5.6472	1
5.6472999999999995	1
5.6472999999999995	1
5.6474	1
5.6474	1
5.6475	1
5.6475	1
5.647501823124136	-1
5.647600000000001	1
5.6477	1
5.6477	1
5.651112738112527	-1
5.654	1
5.6541	1
5.6541	1
5.6541999999999994	1
5.6541999999999994	1
5.6543	1
5.6543	1
5.6543	1
5.6544	1
5.6544	1
5.6545000000000005	1
5.6545000000000005	1
5.654723653100918	-1
5.658334568089309	-1
5.6612	1
5.661300000000001	1
5.661300000000001	1
5.6614	1
5.6614	1
5.6615	1
5.6615	1
5.6616	1
5.6616	1
5.6617	1
5.6617	1
5.6617999999999995	1
5.6617999999999995	1
5.6619	1
5.6619	1
5.6619454830777	-1
5.662	1
5.662	1
5.662100000000001	1
5.662100000000001	1
5.6622	1
5.665556398066091	-1
5.6678999999999995	1
5.6678999999999995	1
5.6678999999999995	1
5.668	1
5.668	1
5.6681	1
5.6681	1
5.6681	1
5.669167313054482	-1
5.669167313054482	2
5.672778228042873	-1
5.6741	1
5.6741	1
5.6742	1
5.6742	1
5.6742	1
5.674300000000001	1
5.674300000000001	1
5.6744	1
5.6744	1
5.6744	1
5.6745	1
5.6745	1
5.6746	1
5.676389143031264	-1
5.676389143031264	2
5.676389143031264	2
5.6779	1
5.680000058019655	-1
5.6836109730080455	-1
5.6872218879964365	-1
5.690832802984827	-1
5.694443717973218	-1
5.698054632961609	-1
5.70166554795	-1
5.70166554795	2
5.705276462938391	-1
5.708887377926782	-1
5.712498292915173	-1
5.716109207903564	-1
5.719720122891955	-1
5.719720122891955	2
5.723331037880346	-1
5.726941952868737	-1
5.730552867857128	-1
5.730552867857128	2
5.7338	1
5.734163782845519	-1
5.734163782845519	2
5.73777469783391	-1
5.741385612822301	-1
5.744996527810692	-1
5.7486074427990825	-1
5.752	1
5.7522183577874735	-1
5.7522183577874735	2
5.7547	1
5.755829272775864	-1
5.759440187764255	-1
5.763051102752646	-1
5.763051102752646	2
5.766662017741037	-1
5.770272932729428	-1
5.770272932729428	2
5.773883847717819	-1
5.773883847717819	2
5.77749476270621	-1
5.781105677694601	-1
5.784716592682992	-1
5.788327507671383	-1
5.7903	1
5.791938422659774	-1
5.795549337648165	-1
5.799160252636556	-1
5.799160252636556	2
5.802771167624947	-1
5.806382082613338	-1
5.809992997601729	-1
5.8136039125901195	-1
5.8172148275785105	-1
5.8172148275785105	2
5.820825742566901	-1
5.824436657555292	-1
5.828047572543683	-1
5.828047572543683	2
5.831658487532074	-1
5.831658487532074	2
5.8331	1
5.835269402520465	-1
5.8361	1
5.838880317508856	-1
5.838880317508856	2
5.842491232497247	-1
5.846102147485638	-1
5.849713062474029	-1
5.849713062474029	2
5.85332397746242	-1
5.85332397746242	2
5.85332397746242	2
5.856934892450811	-1
5.856934892450811	2
5.860545807439202	-1
5.864156722427593	-1
5.867767637415984	-1
5.8679	1
5.8704	1
5.8705	1
5.871378552404375	-1
5.874989467392766	-1
5.878600382381157	-1
5.878600382381157	2
5.8822112973695475	-1
5.8857	1
5.8858222123579385	-1
5.8881	1
5.889433127346329	-1
5.89304404233472	-1
5.895300000000001	1
5.8954	1
5.896654957323111	-1
5.900265872311502	-1
5.9029	1
5.903876787299893	-1
5.9055	1
5.907487702288284	-1
5.911	1
5.911098617276675	-1
5.913500000000001	1
5.913600000000001	1
5.914709532265066	-1
5.918320447253457	-1
5.921931362241848	-1
5.921931362241848	2
5.9225	1
5.925542277230239	-1
5.92915319221863	-1
5.92915319221863	2
5.932	1
5.932764107207021	-1
5.936375022195412	-1
5.939985937183803	-1
5.939985937183803	2
5.943596852172194	-1
5.9445	1
5.9445	1
5.9472077671605845	-1
5.949999999999999	1
5.950100000000001	1
5.9508186821489755	-1
5.952299999999999	1
5.954429597137366	-1
5.958040512125757	-1
5.961651427114148	-1
5.961651427114148	2
5.961651427114148	2
5.9619	1
5.965262342102539	-1
5.96887325709093	-1
5.9708000000000006	1
5.9724	1
5.972484172079321	-1
5.976095087067712	-1
5.979706002056103	-1
5.983316917044494	-1
5.983316917044494	2
5.9841	1
5.9868	1
5.986927832032885	-1
5.989599999999999	1
5.989699999999999	1
5.990538747021276	-1
5.994149662009667	-1
5.9957	1
5.997760576998058	-1
5.997760576998058	2
5.999	1
6.001371491986449	-1
6.001371491986449	2
6.00498240697484	-1
6.007199999999999	1
6.008593321963231	-1
6.008699999999999	1
6.0122042369516215	-1
6.0122042369516215	2
6.0158151519400125	-1
6.019426066928403	-1
6.023036981916794	-1
6.024800000000001	1
6.024900000000001	1
6.026300000000001	1
6.026647896905185	-1
6.026647896905185	2
6.030258811893576	-1
6.033869726881967	-1
6.037480641870358	-1
6.041091556858749	-1
6.0428	1
6.0428999999999995	1
6.0442	1
6.04470247184714	-1
6.04470247184714	2
6.04470247184714	2
6.0457	1
6.0482	1
6.048313386835531	-1
6.048313386835531	2
6.051924301823922	-1
6.055535216812313	-1
6.059146131800704	-1
6.062757046789095	-1
6.066367961777486	-1
6.069978876765877	-1
6.069978876765877	2
6.0733	1
6.073589791754268	-1
6.0772007067426586	-1
6.077299999999999	1
6.077400000000001	1
6.0808116217310495	-1
6.0844225367194404	-1
6.0863	1
6.088033451707831	-1
6.088033451707831	2
6.091644366696222	-1
6.0951	1
6.0952	1
6.095255281684613	-1
6.098866196673004	-1
6.102477111661395	-1
6.106088026649786	-1
6.109698941638177	-1
6.1111	1
6.113309856626568	-1
6.113309856626568	2
6.1137999999999995	1
6.1165	1
6.1166	1
6.1167	1
6.116920771614959	-1
6.116920771614959	2
6.1171	1
6.1199	1
6.12	1
6.12053168660335	-1
6.124142601591741	-1
6.127753516580132	-1
6.131364431568523	-1
6.1347000000000005	1
6.1347000000000005	1
6.134975346556914	-1
6.1352	1
6.137600000000001	1
6.137700000000001	1
6.1381	1
6.138586261545305	-1
6.142197176533696	-1
6.1458080915220865	-1
6.1494190065104775	-1
6.153029921498868	-1
6.1531	1
6.1536	1
6.155900000000001	1
6.155900000000001	1
6.156640836487259	-1
6.16025175147565	-1
6.163862666464041	-1
6.163862666464041	2
6.167473581452432	-1
6.1703	1
6.171084496440823	-1
6.171084496440823	2
6.1728	1
6.174695411429214	-1
6.175700000000001	1
6.178306326417605	-1
6.178306326417605	2
6.181917241405996	-1
6.185528156394387	-1
6.1884	1
6.189139071382778	-1
6.192749986371169	-1
6.1944	1
6.1945	1
6.19636090135956	-1
6.199971816347951	-1
6.203582731336342	-1
6.203582731336342	2
6.2056	1
6.207193646324733	-1
6.2082	1
6.2108045613131235	-1
6.212400000000001	1
6.2125	1
6.2141	1
6.2142	1
6.2142	1
6.2144154763015145	-1
6.2144154763015145	2
6.218026391289905	-1
6.221637306278296	-1
6.221637306278296	2
6.222	1
6.225248221266687	-1
6.2273	1
6.2273	1
6.228859136255078	-1
6.228859136255078	2
6.228859136255078	2
6.232470051243469	-1
6.23608096623186	-1
6.23608096623186	2
6.2366	1
6.239691881220251	-1
6.2433	1
6.243302796208642	-1
6.2464	1
6.2464	1
6.246913711197033	-1
6.250524626185424	-1
6.2506	1
6.2522	1
6.254135541173815	-1
6.254135541173815	2
6.2553	1
6.257746456162206	-1
6.257746456162206	2
6.257746456162206	2
6.261357371150597	-1
6.264968286138988	-1
6.264968286138988	2
6.264968286138988	2
6.268579201127379	-1
6.27219011611577	-1
6.2758010311041605	-1
6.2758010311041605	2
6.2794119460925515	-1
6.283022861080942	-1
6.283022861080942	2
6.283022861080942	2
6.286633776069333	-1
6.2893	1
6.290244691057724	-1
6.2917	1
6.2918	1
6.293855606046115	-1
6.293855606046115	2
6.2941	1
6.2941	1
6.2972	1
6.297466521034506	-1
6.301077436022897	-1
6.304688351011288	-1
6.308299265999679	-1
6.31191018098807	-1
6.315521095976461	-1
6.315521095976461	2
6.3183	1
6.319132010964852	-1
6.322742925953243	-1
6.323499999999999	1
6.323600000000001	1
6.324999999999999	1
6.324999999999999	1
6.325100000000001	1
6.325100000000001	1
6.326353840941634	-1
6.329964755930025	-1
6.329964755930025	2
6.333575670918416	-1
6.337186585906807	-1
6.340797500895198	-1
6.340797500895198	2
6.340797500895198	2
6.3444084158835885	-1
6.3480193308719794	-1
6.3480193308719794	2
6.35163024586037	-1
6.355241160848761	-1
6.355241160848761	2
6.358852075837152	-1
6.3605	1
6.3607	1
6.362462990825543	-1
6.363200000000001	1
6.363200000000001	1
6.363300000000001	1
6.363300000000001	1
6.3634	1
6.3634	1
6.366073905813934	-1
6.3664000000000005	1
6.3664000000000005	1
6.3665	1
6.3665	1
6.367100000000001	1
6.3672	1
6.3672	1
6.3673	1
6.369684820802325	-1
6.3699	1
6.3711	1
6.371499999999999	1
6.371600000000001	1
6.371700000000001	1
6.3725000000000005	1
6.3726	1
6.373295735790716	-1
6.3749	1
6.3749	1
6.375	1
6.375	1
6.375	1
6.3751	1
6.3751999999999995	1
6.3751999999999995	1
6.3751999999999995	1
6.376906650779107	-1
6.380517565767498	-1
6.384128480755889	-1
6.384128480755889	2
6.38773939574428	-1
6.3886	1
6.391350310732671	-1
6.394961225721062	-1
6.398572140709453	-1
6.3996	1
6.4017	1
6.4018	1
6.402183055697844	-1
6.405793970686235	-1
6.4094048856746255	-1
6.4094048856746255	2
6.4130158006630165	-1
6.4130158006630165	2
6.416626715651407	-1
6.4190000000000005	1
6.420237630639798	-1
6.422000000000001	1
6.423848545628189	-1
6.423848545628189	2
6.42745946061658	-1
6.431070375604971	-1
6.4335	1
6.434681290593362	-1
6.434681290593362	2
6.434681290593362	2
6.434681290593362	2
6.434681290593362	2
6.436	1
6.438292205581753	-1
6.441903120570144	-1
6.441903120570144	2
6.445514035558535	-1
6.445514035558535	2
6.449124950546926	-1
6.452735865535317	-1
6.456346780523708	-1
6.456346780523708	2
6.459957695512099	-1
6.46356861050049	-1
6.46356861050049	2
6.4668	1
6.467179525488881	-1
6.470790440477272	-1
6.4744013554656625	-1
6.4780122704540535	-1
6.4780122704540535	2
6.481623185442444	-1
6.485234100430835	-1
6.4853	1
6.4879	1
6.488845015419226	-1
6.488845015419226	2
6.4914000000000005	1
6.492455930407617	-1
6.496066845396008	-1
6.496066845396008	2
6.499677760384399	-1
6.50328867537279	-1
6.5038	1
6.5063	1
6.5063	1
6.506899590361181	-1
6.5085	1
6.5085	1
6.510510505349572	-1
6.514121420337963	-1
6.517732335326354	-1
6.521343250314745	-1
6.521343250314745	2
6.521343250314745	2
6.5231	1
6.524954165303136	-1
6.524954165303136	2
6.528565080291527	-1
6.532175995279918	-1
6.5332	1
6.535786910268309	-1
6.5393978252566995	-1
6.5428	1
6.5430087402450905	-1
6.543799999999999	1
6.5464	1
6.5464	1
6.546619655233481	-1
6.548	1
6.5481	1
6.5481	1
6.5481	1
6.5497	1
6.549799999999999	1
6.549799999999999	1
6.549899999999999	1
6.549899999999999	1
6.550000000000001	1
6.550230570221872	-1
6.550700000000001	1
6.550700000000001	1
6.5532	1
6.5532	1
6.553841485210263	-1
6.557452400198654	-1
6.561063315187045	-1
6.564674230175436	-1
6.568285145163827	-1
6.5685	1
6.5710999999999995	1
6.571199999999999	1
6.571896060152218	-1
6.571896060152218	2
6.575506975140609	-1
6.575506975140609	2
6.579117890129	-1
6.582728805117391	-1
6.586339720105782	-1
6.589600000000001	1
6.589950635094173	-1
6.589950635094173	2
6.589950635094173	2
6.593561550082564	-1
6.597172465070955	-1
6.600783380059346	-1
6.604394295047737	-1
6.6068999999999996	1
6.6080052100361275	-1
6.6084	1
6.6084	1
6.608499999999999	1
6.608499999999999	1
6.6116161250245185	-1
6.615227040012909	-1
6.6188379550013	-1
6.622448869989691	-1
6.6234	1
6.6259999999999994	1
6.626059784978082	-1
6.626099999999999	1
6.628299999999999	1
6.628299999999999	1
6.628399999999999	1
6.628399999999999	1
6.629670699966473	-1
6.631399999999999	1
6.631399999999999	1
6.631500000000001	1
6.631500000000001	1
6.6317	1
6.6317	1
6.632300000000001	1
6.6324000000000005	1
6.633281614954864	-1
6.636892529943255	-1
6.6372	1
6.6373999999999995	1
6.637499999999999	1
6.637600000000001	1
6.637700000000001	1
6.6378	1
6.638299999999999	1
6.638299999999999	1
6.638400000000001	1
6.638400000000001	1
6.6385000000000005	1
6.640503444931646	-1
6.644114359920037	-1
6.644114359920037	2
6.647725274908428	-1
6.647725274908428	2
6.651336189896819	-1
6.65494710488521	-1
6.658558019873601	-1
6.662168934861992	-1
6.665779849850383	-1
6.669390764838774	-1
6.6730016798271645	-1
6.6751000000000005	1
6.6766125948155555	-1
6.680223509803946	-1
6.683834424792337	-1
6.687445339780728	-1
6.6898	1
6.691056254769119	-1
6.691056254769119	2
6.6927	1
6.69466716975751	-1
6.69466716975751	2
6.698278084745901	-1
6.698278084745901	2
6.698278084745901	2
6.701888999734292	-1
6.705499914722683	-1
6.709110829711074	-1
6.712721744699465	-1
6.716332659687856	-1
6.719943574676247	-1
6.723554489664638	-1
6.723554489664638	2
6.727165404653029	-1
6.7303999999999995	1
6.730499999999999	1
6.73077631964142	-1
6.73077631964142	2
6.734387234629811	-1
6.7379981496182015	-1
6.7416090646065925	-1
6.745219979594983	-1
6.747400000000001	1
6.747400000000001	1
6.748830894583374	-1
6.7522	1
6.7523	1
6.7524	1
6.752441809571765	-1
6.756052724560156	-1
6.759663639548547	-1
6.7623	1
6.7624	1
6.763274554536938	-1
6.7635000000000005	1
6.7661	1
6.7661999999999995	1
6.766885469525329	-1
6.768700000000001	1
6.768800000000001	1
6.768800000000001	1
6.7689	1
6.77049638451372	-1
6.7715	1
6.7715	1
6.774107299502111	-1
6.777718214490502	-1
6.7785	1
6.7812	1
6.7812	1
6.781329129478893	-1
6.781329129478893	2
6.7837	1
6.7837	1
6.7838	1
6.7838	1
6.784940044467284	-1
6.7872	1
6.788550959455675	-1
6.7902000000000005	1
6.7902000000000005	1
6.792161874444066	-1
6.7927	1
6.795772789432457	-1
6.799383704420848	-1
6.8029946194092386	-1
6.8029946194092386	2
6.8066055343976295	-1
6.809699999999999	1
6.809699999999999	1
6.8098	1
6.81021644938602	-1
6.8111	1
6.8111	1
6.8111999999999995	1
6.8111999999999995	1
6.812900000000001	1
6.812900000000001	1
6.813000000000001	1
6.813000000000001	1
6.813700000000001	1
6.813700000000001	1
6.8138000000000005	1
6.8138000000000005	1
6.813827364374411	-1
6.8149	1
6.8149	1
6.817438279362802	-1
6.821049194351193	-1
6.824660109339584	-1
6.824660109339584	2
6.828271024327975	-1
6.8289	1
6.8312	1
6.831881939316366	-1
6.833500000000001	1
6.833600000000001	1
6.835492854304757	-1
6.839103769293148	-1
6.839103769293148	2
6.842714684281539	-1
6.84632559926993	-1
6.849936514258321	-1
6.851100000000001	1
6.851100000000001	1
6.853547429246712	-1
6.857158344235103	-1
6.860769259223494	-1
6.864380174211885	-1
6.8658	1
6.867991089200276	-1
6.867991089200276	2
6.8682	1
6.8716020041886665	-1
6.8752129191770575	-1
6.878823834165448	-1
6.882434749153839	-1
6.882899999999999	1
6.885400000000001	1
6.8855	1
6.88604566414223	-1
6.888400000000001	1
6.8885000000000005	1
6.8885000000000005	1
6.889656579130621	-1
6.893267494119012	-1
6.896878409107403	-1
6.900489324095794	-1
6.904100239084185	-1
6.904100239084185	2
6.9043	1
6.907711154072576	-1
6.91	1
6.9101	1
6.911322069060967	-1
6.911322069060967	2
6.913	1
6.913	1
6.9131	1
6.914932984049358	-1
6.914932984049358	2
6.9168	1
6.9168	1
6.9169	1
6.918543899037749	-1
6.922	1
6.92215481402614	-1
6.9244	1
6.925765729014531	-1
6.925765729014531	2
6.929376644002922	-1
6.932987558991313	-1
6.9365984739797035	-1
6.9365984739797035	2
6.9368	1
6.939299999999999	1
6.939400000000001	1
6.939400000000001	1
6.939500000000001	1
6.9402093889680945	-1
6.9422	1
6.942399999999999	1
6.942399999999999	1
6.943820303956485	-1
6.947431218944876	-1
6.951042133933267	-1
6.951042133933267	2
6.954653048921658	-1
6.958263963910049	-1
6.96187487889844	-1
6.963699999999999	1
6.963699999999999	1
6.965485793886831	-1
6.969096708875222	-1
6.972707623863613	-1
6.976318538852004	-1
6.9794	1
6.979929453840395	-1
6.982200000000001	1
6.9823	1
6.983540368828786	-1
6.983540368828786	2
6.987151283817177	-1
6.990762198805568	-1
6.994373113793959	-1
6.9948	1
6.99798402878235	-1
6.999700000000001	1
6.9998000000000005	1
7.0015949437707405	-1
7.0015949437707405	2
7.0052058587591315	-1
7.008816773747522	-1
7.012427688735913	-1
7.016038603724304	-1
7.016038603724304	2
7.0167	1
7.0184999999999995	1
7.019649518712695	-1
7.0203	1
7.023260433701086	-1
7.026871348689477	-1
7.030482263677868	-1
7.034000000000001	1
7.034093178666259	-1
7.0365	1
7.0365	1
7.03770409365465	-1
7.041315008643041	-1
7.044925923631432	-1
7.048536838619823	-1
7.048536838619823	2
7.048536838619823	2
7.052147753608214	-1
7.0548	1
7.055758668596605	-1
7.055758668596605	2
7.0562	1
7.0572	1
7.0572	1
7.0573	1
7.0585	1
7.0588	1
7.0588999999999995	1
7.059369583584996	-1
7.0608	1
7.062980498573387	-1
7.066591413561778	-1
7.066591413561778	2
7.0702023285501685	-1
7.0702023285501685	2
7.0738132435385594	-1
7.0738132435385594	2
7.07742415852695	-1
7.0807	1
7.081035073515341	-1
7.084645988503732	-1
7.0871	1
7.088256903492123	-1
7.088256903492123	2
7.091867818480514	-1
7.0939	1
7.0939	1
7.095478733468905	-1
7.099089648457296	-1
7.099089648457296	2
7.099089648457296	2
7.102700563445687	-1
7.106311478434078	-1
7.109922393422469	-1
7.110799999999999	1
7.1135	1
7.11353330841086	-1
7.1163	1
7.1164	1
7.117144223399251	-1
7.120755138387642	-1
7.124366053376033	-1
7.127976968364424	-1
7.128	1
7.1305	1
7.1305	1
7.131587883352815	-1
7.131587883352815	2
7.132	1
7.1351987983412055	-1
7.1388097133295965	-1
7.1388097133295965	2
7.142420628317987	-1
7.146031543306378	-1
7.146031543306378	2
7.149642458294769	-1
7.1504	1
7.1529	1
7.15325337328316	-1
7.156864288271551	-1
7.160475203259942	-1
7.1631	1
7.164086118248333	-1
7.164086118248333	2
7.1655999999999995	1
7.167697033236724	-1
7.167697033236724	2
7.1711	1
7.171307948225115	-1
7.174918863213506	-1
7.178529778201897	-1
7.182140693190288	-1
7.184799999999999	1
7.184900000000001	1
7.185751608178679	-1
7.18936252316707	-1
7.18936252316707	2
7.1914	1
7.192973438155461	-1
7.1939	1
7.196584353143852	-1
7.2001952681322425	-1
7.2035	1
7.2036	1
7.2038061831206335	-1
7.207417098109024	-1
7.211028013097415	-1
7.214638928085806	-1
7.2151	1
7.218249843074197	-1
7.2195	1
7.221860758062588	-1
7.221860758062588	2
7.222099999999999	1
7.224500000000001	1
7.224600000000001	1
7.2247	1
7.2247	1
7.2248	1
7.225471673050979	-1
7.2277000000000005	1
7.2278	1
7.2278	1
7.2279	1
7.2280999999999995	1
7.2280999999999995	1
7.2288	1
7.2288	1
7.22908258803937	-1
7.232693503027761	-1
7.2326999999999995	1
7.2326999999999995	1
7.2336	1
7.234500000000001	1
7.234500000000001	1
7.236304418016152	-1
7.239915333004543	-1
7.243526247992934	-1
7.247137162981325	-1
7.250748077969716	-1
7.2509	1
7.253299999999999	1
7.253399999999999	1
7.254358992958107	-1
7.257969907946498	-1
7.261	1
7.261580822934889	-1
7.261580822934889	2
7.2651917379232795	-1
7.2688026529116705	-1
7.2705	1
7.2705	1
7.272413567900061	-1
7.276024482888452	-1
7.279635397876843	-1
7.283246312865234	-1
7.283246312865234	2
7.2867	1
7.2867	1
7.286857227853625	-1
7.286857227853625	2
7.290468142842016	-1
7.294079057830407	-1
7.297689972818798	-1
7.301300887807189	-1
7.3033	1
7.3033	1
7.30491180279558	-1
7.308522717783971	-1
7.312133632772362	-1
7.315744547760753	-1
7.3176000000000005	1
7.319355462749144	-1
7.32	1
7.3201	1
7.322966377737535	-1
7.326577292725926	-1
7.330188207714317	-1
7.3337991227027075	-1
7.335000000000001	1
7.3374100376910985	-1
7.3375	1
7.3376	1
7.340299999999999	1
7.340299999999999	1
7.340400000000001	1
7.340400000000001	1
7.341020952679489	-1
7.3429	1
7.343	1
7.34463186766788	-1
7.348242782656271	-1
7.351853697644662	-1
7.355464612633053	-1
7.359075527621444	-1
7.3598	1
7.362399999999999	1
7.362500000000001	1
7.362686442609835	-1
7.366297357598226	-1
7.369908272586617	-1
7.373519187575008	-1
7.377130102563399	-1
7.3774	1
7.379899999999999	1
7.380000000000001	1
7.38074101755179	-1
7.384351932540181	-1
7.384351932540181	2
7.387962847528572	-1
7.391573762516963	-1
7.395184677505354	-1
7.395184677505354	2
7.3987955924937445	-1
7.398999999999999	1
7.4024065074821355	-1
7.406017422470526	-1
7.406017422470526	2
7.409628337458917	-1
7.409628337458917	2
7.413239252447308	-1
7.413239252447308	2
7.416850167435699	-1
7.42046108242409	-1
7.424071997412481	-1
7.427682912400872	-1
7.4312000000000005	1
7.431293827389263	-1
7.4337	1
7.4338	1
7.434904742377654	-1
7.438515657366045	-1
7.442126572354436	-1
7.442126572354436	2
7.445737487342827	-1
7.449348402331218	-1
7.4505	1
7.4505	1
7.452959317319609	-1
7.456570232308	-1
7.460181147296391	-1
7.4637920622847815	-1
7.4672	1
7.4674029772731725	-1
7.470000000000001	1
7.4701	1
7.471013892261563	-1
7.474624807249954	-1
7.478235722238345	-1
7.481846637226736	-1
7.485099999999999	1
7.4851	1
7.4852	1
7.4852	1
7.4853	1
7.4853	1
7.485457552215127	-1
7.4879999999999995	1
7.488099999999999	1
7.489068467203518	-1
7.492679382191909	-1
7.4962902971803	-1
7.499901212168691	-1
7.5011	1
7.503512127157082	-1
7.503512127157082	2
7.5037	1
7.5038	1
7.506399999999999	1
7.506399999999999	1
7.507123042145473	-1
7.510733957133864	-1
7.514344872122255	-1
7.517955787110646	-1
7.517955787110646	2
7.518	1
7.5204	1
7.5204	1
7.521566702099037	-1
7.521566702099037	2
7.5232	1
7.5232	1
7.5233	1
7.5233	1
7.524800000000001	1
7.525177617087428	-1
7.5287885320758186	-1
7.5323994470642095	-1
7.5360103620526	-1
7.539621277040991	-1
7.5404	1
7.5424	1
7.543100000000001	1
7.543200000000001	1
7.543232192029382	-1
7.543232192029382	2
7.546843107017773	-1
7.550454022006164	-1
7.554064936994555	-1
7.557675851982946	-1
7.561286766971337	-1
7.5632	1
7.5633	1
7.564897681959728	-1
7.565300000000001	1
7.5654	1
7.5654	1
7.5654	1
7.567500000000001	1
7.567500000000001	1
7.5678	1
7.5679	1
7.5679	1
7.5679	1
7.568508596948119	-1
7.568899999999999	1
7.569000000000001	1
7.571	1
7.571	1
7.5710999999999995	1
7.571300000000001	1
7.571300000000001	1
7.571400000000001	1
7.571400000000001	1
7.5715	1
7.5715	1
7.5716	1
7.57211951193651	-1
7.5739	1
7.574	1
7.574	1
7.5741	1
7.574299999999999	1
7.574400000000001	1
7.5745000000000005	1
7.5745000000000005	1
7.575730426924901	-1
7.579341341913292	-1
7.579700000000001	1
7.579700000000001	1
7.5798000000000005	1
7.5798000000000005	1
7.5799	1
7.5799	1
7.58	1
7.58	1
7.5801	1
7.5801	1
7.5802	1
7.5802	1
7.5802	1
7.580299999999999	1
7.5809	1
7.5809999999999995	1
7.582952256901683	-1
7.582952256901683	2
7.586563171890074	-1
7.590174086878465	-1
7.593785001866856	-1
7.5973959168552465	-1
7.6010068318436375	-1
7.6010068318436375	2
7.604617746832028	-1
7.606199999999999	1
7.608228661820419	-1
7.61183957680881	-1
7.615450491797201	-1
7.619061406785592	-1
7.6211	1
7.622672321773983	-1
7.6236999999999995	1
7.623799999999999	1
7.626283236762374	-1
7.629894151750765	-1
7.629894151750765	2
7.633505066739156	-1
7.637115981727547	-1
7.637115981727547	2
7.637115981727547	2
7.640726896715938	-1
7.640726896715938	2
7.644337811704329	-1
7.64794872669272	-1
7.651559641681111	-1
7.651559641681111	2
7.655170556669502	-1
7.658200000000001	1
7.658781471657893	-1
7.658781471657893	2
7.6623923866462835	-1
7.6660033016346745	-1
7.669614216623065	-1
7.669614216623065	2
7.673225131611456	-1
7.675599999999999	1
7.676836046599847	-1
7.678000000000001	1
7.680446961588238	-1
7.684057876576629	-1
7.68766879156502	-1
7.68766879156502	2
7.691279706553411	-1
7.694890621541802	-1
7.6952	1
7.6953	1
7.698501536530193	-1
7.702112451518584	-1
7.705723366506975	-1
7.709334281495366	-1
7.7097999999999995	1
7.712300000000001	1
7.712300000000001	1
7.712945196483757	-1
7.712945196483757	2
7.712945196483757	2
7.714600000000001	1
7.714600000000001	1
7.716556111472148	-1
7.717499999999999	1
7.717600000000001	1
7.717600000000001	1
7.717700000000001	1
7.7178	1
7.7179	1
7.7186	1
7.7187	1
7.720167026460539	-1
7.721	1
7.721299999999999	1
7.721299999999999	1
7.721399999999999	1
7.7234	1
7.7235	1
7.72377794144893	-1
7.725	1
7.725	1
7.725	1
7.725099999999999	1
7.725099999999999	1
7.725199999999999	1
7.7264	1
7.726699999999999	1
7.726800000000001	1
7.726800000000001	1
7.726800000000001	1
7.7269000000000005	1
7.7273888564373205	-1
7.7273888564373205	2
7.7309997714257115	-1
7.7318999999999996	1
7.731999999999999	1
7.734610686414102	-1
7.738221601402493	-1
7.741832516390884	-1
7.745443431379275	-1
7.749054346367666	-1
7.752665261356057	-1
7.752665261356057	2
7.756276176344448	-1
7.756276176344448	2
7.7563	1
7.7564	1
7.7564	1
7.7569	1
7.759600000000001	1
7.7597000000000005	1
7.7597000000000005	1
7.7598	1
7.759887091332839	-1
7.762700000000001	1
7.762700000000001	1
7.7628	1
7.7628	1
7.7629	1
7.7629	1
7.763	1
7.763	1
7.76349800632123	-1
7.76349800632123	2
7.7658000000000005	1
7.7659	1
7.7659	1
7.767108921309621	-1
7.767108921309621	2
7.7691	1
7.7692	1
7.769299999999999	1
7.769399999999999	1
7.769399999999999	1
7.769500000000001	1
7.7699	1
7.7699	1
7.77	1
7.770719836298012	-1
7.773	1
7.773	1
7.7731	1
7.774330751286403	-1
7.7759	1
7.776	1
7.776	1
7.7761	1
7.7761	1
7.776199999999999	1
7.777941666274794	-1
7.781000000000001	1
7.781000000000001	1
7.7811	1
7.7811	1
7.7812	1
7.7812	1
7.7813	1
7.7813	1
7.781552581263185	-1
7.7821	1
7.7821	1
7.782299999999999	1
7.782500000000001	1
7.782500000000001	1
7.7826	1
7.7826	1
7.7844999999999995	1
7.7844999999999995	1
7.784599999999999	1
7.784599999999999	1
7.785163496251576	-1
7.788774411239967	-1
7.79	1
7.792385326228358	-1
7.7924	1
7.7924	1
7.7959962412167485	-1
7.7996071562051394	-1
7.80321807119353	-1
7.80321807119353	2
7.806828986181921	-1
7.806828986181921	2
7.810439901170312	-1
7.814050816158703	-1
7.817661731147094	-1
7.818300000000001	1
7.8209	1
7.8209	1
7.821	1
7.821	1
7.821272646135485	-1
7.824883561123876	-1
7.826600000000001	1
7.826600000000001	1
7.826700000000001	1
7.826700000000001	1
7.8268	1
7.8268	1
7.827	1
7.827	1
7.828494476112267	-1
7.832105391100658	-1
7.8329	1
7.8329	1
7.833	1
7.833	1
7.8332	1
7.8332999999999995	1
7.8338	1
7.8339	1
7.8339	1
7.8339	1
7.834199999999999	1
7.834199999999999	1
7.834199999999999	1
7.834300000000001	1
7.834300000000001	1
7.8344000000000005	1
7.835716306089049	-1
7.83932722107744	-1
7.839600000000001	1
7.839700000000001	1
7.8428	1
7.8429	1
7.842938136065831	-1
7.842938136065831	2
7.843400000000001	1
7.8459	1
7.846	1
7.846	1
7.8461	1
7.846399999999999	1
7.846500000000001	1
7.846500000000001	1
7.846500000000001	1
7.846549051054222	-1
7.8468	1
7.8468	1
7.847200000000001	1
7.847200000000001	1
7.8474	1
7.8475	1
7.850159966042613	-1
7.8515999999999995	1
7.851699999999999	1
7.8519000000000005	1
7.852	1
7.852	1
7.852	1
7.853770881031004	-1
7.853770881031004	2
7.856400000000001	1
7.8565000000000005	1
7.8565000000000005	1
7.8566	1
7.857381796019395	-1
7.8609927110077855	-1
7.8609927110077855	2
7.8646036259961765	-1
7.868214540984567	-1
7.868214540984567	2
7.871825455972958	-1
7.875436370961349	-1
7.87904728594974	-1
7.87904728594974	2
7.882658200938131	-1
7.882658200938131	2
7.886269115926522	-1
7.889880030914913	-1
7.893490945903304	-1
7.897101860891695	-1
7.897101860891695	2
7.900712775880086	-1
7.904323690868477	-1
7.907934605856868	-1
7.908099999999999	1
7.911545520845259	-1
7.91515643583365	-1
7.918767350822041	-1
7.922378265810432	-1
7.922378265810432	2
7.9259891807988225	-1
7.9262	1
7.9262999999999995	1
7.9296000957872135	-1
7.933211010775604	-1
7.933211010775604	2
7.936821925763995	-1
7.940432840752386	-1
7.940432840752386	2
7.9428	1
7.944043755740777	-1
7.947654670729168	-1
7.947654670729168	2
7.951265585717559	-1
7.95487650070595	-1
7.958487415694341	-1
7.960800000000001	1
7.960800000000001	1
7.962098330682732	-1
7.962098330682732	2
7.965709245671123	-1
7.969320160659514	-1
7.972931075647905	-1
7.972931075647905	2
7.976541990636296	-1
7.978199999999999	1
7.980152905624687	-1
7.983763820613078	-1
7.987374735601469	-1
7.987374735601469	2
7.9909856505898595	-1
7.994400000000001	1
7.994400000000001	1
7.9945965655782505	-1
7.9945965655782505	2
7.9945965655782505	2
7.997400000000001	1
7.997400000000001	1
7.998207480566641	-1
8.0006	1
8.0007	1
8.0008	1
8.001	1
8.001	1
8.001	1
8.0011	1
8.0011	1
8.001818395555032	-1
8.0052	1
8.0053	1
8.0053	1
8.0054	1
8.005429310543423	-1
8.005429310543423	2
8.0067	1
8.0075	1
8.0075	1
8.0076	1
8.0076	1
8.0084	1
8.0084	1
8.0084	1
8.0085	1
8.0085	1
8.0086	1
8.009040225531814	-1
8.012651140520205	-1
8.012651140520205	2
8.0134	1
8.0152	1
8.0154	1
8.0158	1
8.016262055508596	-1
8.016262055508596	2
8.016262055508596	2
8.0165	1
8.0165	1
8.0166	1
8.0166	1
8.0166	1
8.0167	1
8.0167	1
8.0189	1
8.019	1
8.019	1
8.0191	1
8.019872970496987	-1
8.019872970496987	2
8.0223	1
8.0223	1
8.0223	1
8.023483885485378	-1
8.023483885485378	2
8.0253	1
8.0254	1
8.0254	1
8.0254	1
8.0255	1
8.0255	1
8.0256	1
8.0256	1
8.027094800473769	-1
8.027094800473769	2
8.03070571546216	-1
8.034316630450551	-1
8.037927545438942	-1
8.041538460427333	-1
8.045149375415724	-1
8.045149375415724	2
8.048760290404115	-1
8.048760290404115	2
8.052371205392506	-1
8.055982120380897	-1
8.055982120380897	2
8.055982120380897	2
8.059593035369288	-1
8.063203950357678	-1
8.0642	1
8.0642	1
8.06681486534607	-1
8.06681486534607	2
8.0672	1
8.0673	1
8.0673	1
8.0674	1
8.0674	1
8.0697	1
8.0697	1
8.07042578033446	-1
8.0714	1
8.0718	1
8.0737	1
8.0738	1
8.0739	1
8.0739	1
8.074	1
8.074	1
8.074	1
8.074036695322851	-1
8.0741	1
8.0741	1
8.0742	1
8.0775	1
8.0775	1
8.077647610311242	-1
8.0785	1
8.0785	1
8.081	1
8.081	1
8.0811	1
8.0811	1
8.081258525299633	-1
8.084869440288024	-1
8.084869440288024	2
8.0884	1
8.0884	1
8.0884	1
8.088480355276415	-1
8.0885	1
8.0885	1
8.0886	1
8.0886	1
8.0891	1
8.0891	1
8.0891	1
8.0892	1
8.0893	1
8.0893	1
8.0897	1
8.0898	1
8.0898	1
8.0899	1
8.0899	1
8.09	1
8.091	1
8.091	1
8.0919	1
8.0919	1
8.092	1
8.092	1
8.092	1
8.092091270264806	-1
8.092091270264806	2
8.095702185253197	-1
8.095702185253197	2
8.099313100241588	-1
8.102924015229979	-1
8.102924015229979	2
8.10653493021837	-1
8.11014584520676	-1
8.113756760195152	-1
8.117367675183543	-1
8.120978590171934	-1
8.124589505160325	-1
8.128200420148715	-1
8.131811335137106	-1
8.135422250125497	-1
8.1363	1
8.1363	1
8.1364	1
8.1364	1
8.139033165113888	-1
8.139033165113888	2
8.14	1
8.1401	1
8.1401	1
8.1402	1
8.1402	1
8.1403	1
8.1403	1
8.14264408010228	-1
8.1462	1
8.1462	1
8.14625499509067	-1
8.1463	1
8.1463	1
8.1464	1
8.1464	1
8.149	1
8.1491	1
8.149865910079061	-1
8.1507	1
8.1509	1
8.151	1
8.1511	1
8.1511	1
8.1512	1
8.1513	1
8.1513	1
8.1519	1
8.152	1
8.153476825067452	-1
8.1553	1
8.1553	1
8.1554	1
8.1554	1
8.1554	1
8.1555	1
8.1555	1
8.1555	1
8.1556	1
8.1556	1
8.157087740055843	-1
8.157087740055843	2
8.1587	1
8.160698655044234	-1
8.164309570032625	-1
8.167920485021016	-1
8.167920485021016	2
8.1697	1
8.1697	1
8.1698	1
8.17	1
8.1701	1
8.1701	1
8.1702	1
8.1702	1
8.1703	1
8.1703	1
8.1704	1
8.1705	1
8.1705	1
8.1705	1
8.1706	1
8.171531400009407	-1
8.1722	1
8.175142314997798	-1
8.178753229986189	-1
8.18236414497458	-1
8.18597505996297	-1
8.189585974951362	-1
8.189585974951362	2
8.193196889939752	-1
8.196807804928143	-1
8.200418719916534	-1
8.200418719916534	2
8.204029634904925	-1
8.206	1
8.207640549893316	-1
8.211251464881707	-1
8.214862379870098	-1
8.218473294858489	-1
8.2198	1
8.22208420984688	-1
8.2225	1
8.2226	1
8.225695124835271	-1
8.225695124835271	2
8.229306039823662	-1
8.232916954812053	-1
8.236527869800444	-1
8.2391	1
8.2392	1
8.240138784788835	-1
8.243749699777226	-1
8.247360614765617	-1
8.247360614765617	2
8.250971529754008	-1
8.250971529754008	2
8.254582444742399	-1
8.258000000000001	1
8.25819335973079	-1
8.26180427471918	-1
8.26180427471918	2
8.26180427471918	2
8.265415189707571	-1
8.265415189707571	2
8.269026104695962	-1
8.272637019684353	-1
8.276247934672744	-1
8.279858849661135	-1
8.283469764649526	-1
8.287080679637917	-1
8.287080679637917	2
8.290691594626308	-1
8.294302509614699	-1
8.2958	1
8.2958	1
8.2978	1
8.2978	1
8.29791342460309	-1
8.298	1
8.298	1
8.2999	1
8.2999	1
8.3	1
8.3	1
8.3001	1
8.3001	1
8.3002	1
8.3002	1
8.30152433959148	-1
8.30152433959148	2
8.3032	1
8.3032	1
8.3033	1
8.3042	1
8.3043	1
8.305135254579872	-1
8.3062	1
8.3063	1
8.3063	1
8.3064	1
8.3064	1
8.3065	1
8.3065	1
8.3065	1
8.3066	1
8.3067	1
8.3067	1
8.3068	1
8.3078	1
8.3079	1
8.3079	1
8.308	1
8.308	1
8.308	1
8.3081	1
8.3081	1
8.3081	1
8.3082	1
8.308746169568263	-1
8.312357084556654	-1
8.312357084556654	2
8.3128	1
8.3146	1
8.3147	1
8.3147	1
8.3148	1
8.3148	1
8.3149	1
8.3149	1
8.315	1
8.315	1
8.315	1
8.3151	1
8.3151	1
8.3152	1
8.3152	1
8.3153	1
8.3153	1
8.3154	1
8.3154	1
8.315967999545045	-1
8.3177	1
8.3178	1
8.3178	1
8.3179	1
8.3179	1
8.318	1
8.318	1
8.3181	1
8.3181	1
8.3181	1
8.3182	1
8.3182	1
8.3183	1
8.3183	1
8.3184	1
8.3184	1
8.3193	1
8.3194	1
8.3195	1
8.3195	1
8.319578914533436	-1
8.3227	1
8.3228	1
8.3228	1
8.3229	1
8.3231	1
8.3231	1
8.323189829521827	-1
8.3234	1
8.3234	1
8.3234	1
8.3235	1
8.3235	1
8.3236	1
8.3236	1
8.3247	1
8.3248	1
8.3248	1
8.3249	1
8.3249	1
8.3254	1
8.3255	1
8.326800744510217	-1
8.330411659498608	-1
8.334022574487	-1
8.33763348947539	-1
8.341244404463781	-1
8.344855319452172	-1
8.348466234440563	-1
8.352077149428954	-1
8.355688064417345	-1
8.359298979405736	-1
8.359298979405736	2
8.362909894394127	-1
8.366520809382518	-1
8.370131724370909	-1
8.3737426393593	-1
8.37735355434769	-1
8.380964469336082	-1
8.384575384324473	-1
8.388186299312864	-1
8.391797214301254	-1
8.395408129289645	-1
8.399019044278036	-1
8.402629959266427	-1
8.402629959266427	2
8.406240874254818	-1
8.40985178924321	-1
8.4134627042316	-1
8.417073619219991	-1
8.420684534208382	-1
8.424295449196773	-1
8.427906364185164	-1
8.431517279173555	-1
8.435128194161946	-1
8.435128194161946	2
8.435128194161946	2
8.438739109150337	-1
8.442350024138728	-1
8.442350024138728	2
8.445960939127119	-1
8.44957185411551	-1
8.4531827691039	-1
8.456793684092291	-1
8.460404599080682	-1
8.464015514069073	-1
8.467626429057464	-1
8.467626429057464	2
8.471237344045855	-1
8.474848259034246	-1
8.478459174022637	-1
8.478459174022637	2
8.482070089011028	-1
8.485681003999419	-1
8.48929191898781	-1
8.492902833976201	-1
8.496513748964592	-1
8.500124663952983	-1
8.503735578941374	-1
8.507346493929765	-1
8.507346493929765	2
8.510957408918156	-1
8.510957408918156	2
8.514568323906547	-1
8.514568323906547	2
8.518179238894938	-1
8.521790153883329	-1
8.52540106887172	-1
8.52540106887172	2
8.52901198386011	-1
8.532622898848501	-1
8.536233813836892	-1
8.536233813836892	2
8.539844728825283	-1
8.543455643813674	-1
8.547066558802065	-1
8.547066558802065	2
8.550677473790456	-1
8.554288388778847	-1
8.5572	1
8.5573	1
8.5573	1
8.5573	1
8.5573	1
8.5574	1
8.5574	1
8.557899303767238	-1
8.561510218755629	-1
8.5618	1
8.56512113374402	-1
8.56873204873241	-1
8.572342963720802	-1
8.575953878709193	-1
8.575953878709193	2
8.579564793697584	-1
8.5829	1
8.583	1
8.583175708685975	-1
8.586786623674366	-1
8.586786623674366	2
8.590397538662756	-1
8.594008453651147	-1
8.597619368639538	-1
8.597619368639538	2
8.60123028362793	-1
8.6013	1
8.60484119861632	-1
8.608452113604711	-1
8.612063028593102	-1
8.6152	1
8.615673943581493	-1
8.6177	1
8.6177	1
8.619284858569884	-1
8.622895773558275	-1
8.626506688546666	-1
8.630117603535057	-1
8.6326	1
8.633728518523448	-1
8.6352	1
8.6353	1
8.637339433511839	-1
8.64095034850023	-1
8.64456126348862	-1
8.648172178477012	-1
8.6504	1
8.651783093465403	-1
8.6527	1
8.6528	1
8.6542	1
8.6542	1
8.6543	1
8.6543	1
8.655394008453793	-1
8.656	1
8.6561	1
8.6562	1
8.6562	1
8.6563	1
8.6563	1
8.6564	1
8.6564	1
8.6588	1
8.6588	1
8.659004923442184	-1
8.662615838430575	-1
8.666226753418966	-1
8.666226753418966	2
8.669837668407357	-1
8.673448583395748	-1
8.6767	1
8.6767	1
8.67705949838414	-1
8.67705949838414	2
8.68067041337253	-1
8.68067041337253	2
8.684281328360921	-1
8.687892243349312	-1
8.691503158337703	-1
8.6944	1
8.695114073326094	-1
8.697	1
8.698724988314485	-1
8.702335903302876	-1
8.702335903302876	2
8.705946818291267	-1
8.709557733279658	-1
8.713168648268049	-1
8.7146	1
8.7147	1
8.71677956325644	-1
8.72039047824483	-1
8.724001393233221	-1
8.727612308221612	-1
8.7295	1
8.731223223210003	-1
8.7319	1
8.7319	1
8.734834138198394	-1
8.738445053186785	-1
8.742055968175176	-1
8.745666883163567	-1
8.748	1
8.749277798151958	-1
8.7506	1
8.7507	1
8.752888713140349	-1
8.75649962812874	-1
8.76011054311713	-1
8.76011054311713	2
8.763721458105522	-1
8.7672	1
8.7673	1
8.767332373093913	-1
8.770943288082304	-1
8.774554203070695	-1
8.778165118059086	-1
8.7816	1
8.781776033047477	-1
8.7841	1
8.7841	1
8.785386948035868	-1
8.785386948035868	2
8.7868	1
8.7868	1
8.7869	1
8.788997863024258	-1
8.788997863024258	2
8.79260877801265	-1
8.79621969300104	-1
8.799830607989431	-1
8.803441522977822	-1
8.8063	1
8.807052437966213	-1
8.8094	1
8.8095	1
8.810663352954604	-1
8.8114	1
8.8114	1
8.8115	1
8.8115	1
8.814274267942995	-1
8.817885182931386	-1
8.817885182931386	2
8.817885182931386	2
8.821496097919777	-1
8.825107012908168	-1
8.8286	1
8.828717927896559	-1
8.828717927896559	2
8.8309	1
8.8309	1
8.831	1
8.83232884288495	-1
8.833	1
8.8331	1
8.8344	1
8.8344	1
8.8345	1
8.8345	1
8.8346	1
8.8346	1
8.83593975787334	-1
8.8364	1
8.8365	1
8.8373	1
8.8375	1
8.839550672861732	-1
8.8396	1
8.8396	1
8.842	1
8.8421	1
8.8421	1
8.8421	1
8.8422	1
8.8422	1
8.843161587850123	-1
8.8434	1
8.8434	1
8.8445	1
8.8446	1
8.8446	1
8.8447	1
8.8447	1
8.8448	1
8.8467	1
8.846772502838514	-1
8.8468	1
8.8468	1
8.8469	1
8.8469	1
8.847	1
8.850383417826905	-1
8.850383417826905	2
8.8507	1
8.851	1
8.8511	1
8.853994332815295	-1
8.853994332815295	2
8.8571	1
8.8572	1
8.8572	1
8.8573	1
8.8573	1
8.857605247803686	-1
8.861216162792077	-1
8.861216162792077	2
8.861216162792077	2
8.864827077780468	-1
8.864827077780468	2
8.86843799276886	-1
8.87204890775725	-1
8.875659822745641	-1
8.879270737734032	-1
8.882881652722423	-1
8.886492567710814	-1
8.890103482699205	-1
8.890103482699205	2
8.893714397687596	-1
8.897325312675987	-1
8.900936227664378	-1
8.9045	1
8.904547142652769	-1
8.9046	1
8.90815805764116	-1
8.91176897262955	-1
8.915379887617942	-1
8.918990802606332	-1
8.918990802606332	2
8.922601717594723	-1
8.922601717594723	2
8.923	1
8.926212632583114	-1
8.929823547571505	-1
8.933434462559896	-1
8.937045377548287	-1
8.9387	1
8.940656292536678	-1
8.940656292536678	2
8.9411	1
8.9427	1
8.9427	1
8.9428	1
8.9428	1
8.944267207525069	-1
8.9452	1
8.9452	1
8.9453	1
8.9453	1
8.94787812251346	-1
8.951489037501851	-1
8.955099952490242	-1
8.958710867478633	-1
8.958710867478633	2
8.962321782467024	-1
8.962321782467024	2
8.964	1
8.965932697455415	-1
8.9662	1
8.9662	1
8.9663	1
8.9664	1
8.9691	1
8.9692	1
8.9694	1
8.9694	1
8.9695	1
8.9695	1
8.969543612443806	-1
8.9696	1
8.9697	1
8.973	1
8.9731	1
8.973154527432197	-1
8.9744	1
8.9745	1
8.9745	1
8.9746	1
8.976765442420588	-1
8.9781	1
8.9783	1
8.9783	1
8.9784	1
8.9784	1
8.9784	1
8.9785	1
8.9785	1
8.9793	1
8.9794	1
8.980376357408979	-1
8.9804	1
8.9804	1
8.9822	1
8.9822	1
8.98398727239737	-1
8.98398727239737	2
8.9852	1
8.9852	1
8.9853	1
8.9853	1
8.9854	1
8.9854	1
8.9854	1
8.98759818738576	-1
8.9877	1
8.9878	1
8.9878	1
8.9879	1
8.9879	1
8.988	1
8.991209102374151	-1
8.991209102374151	2
8.9948	1
8.994820017362542	-1
8.9949	1
8.9949	1
8.995	1
8.995	1
8.9951	1
8.9951	1
8.9963	1
8.9963	1
8.9965	1
8.9965	1
8.9966	1
8.9966	1
8.998430932350933	-1
8.998430932350933	2
9.002041847339324	-1
9.0037	1
9.0037	1
9.005652762327715	-1
9.009263677316106	-1
9.012874592304497	-1
9.016485507292888	-1
9.020096422281279	-1
9.02370733726967	-1
9.02731825225806	-1
9.0285	1
9.030929167246452	-1
9.030929167246452	2
9.031	1
9.0325	1
9.0326	1
9.0327	1
9.0327	1
9.0342	1
9.0343	1
9.0343	1
9.0344	1
9.0344	1
9.0345	1
9.0345	1
9.034540082234843	-1
9.0346	1
9.0367	1
9.0368	1
9.0371	1
9.0372	1
9.0374	1
9.0375	1
9.0375	1
9.0375	1
9.038150997223234	-1
9.0385	1
9.0386	1
9.0399	1
9.04	1
9.04	1
9.0401	1
9.0401	1
9.0402	1
9.041761912211625	-1
9.0419	1
9.0419	1
9.042	1
9.042	1
9.0447	1
9.0448	1
9.0448	1
9.0449	1
9.0449	1
9.0449	1
9.045	1
9.045	1
9.045	1
9.0451	1
9.0451	1
9.0452	1
9.045372827200016	-1
9.0459	1
9.046	1
9.046	1
9.0461	1
9.0474	1
9.0475	1
9.0475	1
9.0476	1
9.0476	1
9.0477	1
9.0477	1
9.0477	1
9.048983742188407	-1
9.049	1
9.0491	1
9.0491	1
9.0492	1
9.0492	1
9.0493	1
9.0493	1
9.052594657176797	-1
9.052594657176797	2
9.056205572165188	-1
9.05981648715358	-1
9.05981648715358	2
9.06342740214197	-1
9.067038317130361	-1
9.070649232118752	-1
9.074260147107143	-1
9.077871062095534	-1
9.081481977083925	-1
9.085092892072316	-1
9.088703807060707	-1
9.092314722049098	-1
9.092314722049098	2
9.095925637037489	-1
9.09953655202588	-1
9.10314746701427	-1
9.106758382002662	-1
9.110369296991053	-1
9.113980211979444	-1
9.117591126967834	-1
9.121202041956225	-1
9.124812956944616	-1
9.128423871933007	-1
9.132034786921398	-1
9.13564570190979	-1
9.13925661689818	-1
9.142867531886571	-1
9.146478446874962	-1
9.146478446874962	2
9.150089361863353	-1
9.153700276851744	-1
9.153700276851744	2
9.157311191840135	-1
9.160922106828526	-1
9.164533021816917	-1
9.168143936805308	-1
9.171754851793699	-1
9.17536576678209	-1
9.17897668177048	-1
9.17897668177048	2
9.182587596758871	-1
9.186198511747262	-1
9.189809426735653	-1
9.193420341724044	-1
9.197031256712435	-1
9.197031256712435	2
9.200642171700826	-1
9.200642171700826	2
9.204253086689217	-1
9.207864001677608	-1
9.211474916665999	-1
9.211474916665999	2
9.211474916665999	2
9.21508583165439	-1
9.218696746642781	-1
9.222307661631172	-1
9.225918576619563	-1
9.229529491607954	-1
9.233140406596345	-1
9.233140406596345	2
9.236751321584736	-1
9.236751321584736	2
9.240362236573127	-1
9.243973151561518	-1
9.247584066549908	-1
9.247584066549908	2
9.2511949815383	-1
9.25480589652669	-1
9.258416811515081	-1
9.262027726503472	-1
9.265638641491863	-1
9.269249556480254	-1
9.272860471468645	-1
9.272860471468645	2
9.276471386457036	-1
9.280082301445427	-1
9.283693216433818	-1
9.287304131422209	-1
9.2909150464106	-1
9.2909150464106	2
9.29452596139899	-1
9.2961	1
9.2962	1
9.2968	1
9.2969	1
9.2969	1
9.297	1
9.2974	1
9.2974	1
9.298136876387382	-1
9.301747791375773	-1
9.3018	1
9.3018	1
9.3023	1
9.3024	1
9.3034	1
9.3046	1
9.305358706364164	-1
9.3061	1
9.3061	1
9.3062	1
9.3062	1
9.3062	1
9.3063	1
9.3063	1
9.3064	1
9.3064	1
9.3065	1
9.308969621352555	-1
9.308969621352555	2
9.3124	1
9.3125	1
9.3125	1
9.312580536340946	-1
9.3126	1
9.3126	1
9.3127	1
9.3127	1
9.3128	1
9.3128	1
9.3128	1
9.3129	1
9.3137	1
9.3147	1
9.3148	1
9.3148	1
9.316191451329336	-1
9.3167	1
9.3168	1
9.3168	1
9.3169	1
9.3177	1
9.3178	1
9.319802366317727	-1
9.320500000000001	1
9.3206	1
9.3213	1
9.3214	1
9.3214	1
9.3215	1
9.323413281306118	-1
9.32702419629451	-1
9.3306351112829	-1
9.3317	1
9.3317	1
9.3318	1
9.3318	1
9.3319	1
9.3319	1
9.334246026271291	-1
9.3367	1
9.337856941259682	-1
9.341467856248073	-1
9.345078771236464	-1
9.345078771236464	2
9.348689686224855	-1
9.352300601213246	-1
9.355911516201637	-1
9.359522431190028	-1
9.363133346178419	-1
9.36674426116681	-1
9.3703551761552	-1
9.373966091143592	-1
9.377577006131983	-1
9.381187921120373	-1
9.384798836108764	-1
9.384798836108764	2
9.388409751097155	-1
9.392020666085546	-1
9.395631581073937	-1
9.399242496062328	-1
9.40285341105072	-1
9.40646432603911	-1
9.410075241027501	-1
9.410075241027501	2
9.413686156015892	-1
9.417297071004283	-1
9.420907985992674	-1
9.424518900981065	-1
9.428129815969456	-1
9.428129815969456	2
9.431740730957847	-1
9.435351645946238	-1
9.438962560934629	-1
9.44257347592302	-1
9.44618439091141	-1
9.449795305899801	-1
9.453406220888192	-1
9.457017135876583	-1
9.460628050864974	-1
9.464238965853365	-1
9.467849880841756	-1
9.471460795830147	-1
9.475071710818538	-1
9.478682625806929	-1
9.48229354079532	-1
9.48590445578371	-1
9.489515370772102	-1
9.489515370772102	2
9.493126285760493	-1
9.496737200748884	-1
9.496737200748884	2
9.500348115737275	-1
9.500348115737275	2
9.503959030725666	-1
9.507569945714057	-1
9.507569945714057	2
9.511180860702448	-1
9.514791775690838	-1
9.514791775690838	2
9.51840269067923	-1
9.51840269067923	2
9.52201360566762	-1
9.52201360566762	2
9.525624520656011	-1
9.525624520656011	2
9.525624520656011	2
9.529235435644402	-1
9.532846350632793	-1
9.536457265621184	-1
9.536457265621184	2
9.540068180609575	-1
9.543679095597966	-1
9.547290010586357	-1
9.550900925574748	-1
9.554511840563139	-1
9.55812275555153	-1
9.56173367053992	-1
9.565344585528312	-1
9.568955500516703	-1
9.568955500516703	2
9.572566415505094	-1
9.572566415505094	2
9.576177330493485	-1
9.579788245481875	-1
9.583399160470266	-1
9.583399160470266	2
9.587010075458657	-1
9.590620990447048	-1
9.59423190543544	-1
9.59784282042383	-1
9.601453735412221	-1
9.601453735412221	2
9.605064650400612	-1
9.608675565389003	-1
9.608675565389003	2
9.612286480377394	-1
9.615897395365785	-1
9.619508310354176	-1
9.623119225342567	-1
9.626730140330958	-1
9.630341055319349	-1
9.63395197030774	-1
9.63756288529613	-1
9.641173800284522	-1
9.644784715272912	-1
9.644784715272912	2
9.644784715272912	2
9.648395630261303	-1
9.652006545249694	-1
9.655617460238085	-1
9.659228375226476	-1
9.662839290214867	-1
9.666450205203258	-1
9.666450205203258	2
9.666450205203258	2
9.670061120191649	-1
9.670061120191649	2
9.67367203518004	-1
9.677282950168431	-1
9.680893865156822	-1
9.680893865156822	2
9.684504780145213	-1
9.684504780145213	2
9.688115695133604	-1
9.691726610121995	-1
9.695337525110386	-1
9.698948440098777	-1
9.698948440098777	2
9.702559355087168	-1
9.706170270075559	-1
9.70978118506395	-1
9.70978118506395	2
9.70978118506395	2
9.71339210005234	-1
9.71339210005234	2
9.717003015040731	-1
9.717003015040731	2
9.720613930029122	-1
9.724224845017513	-1
9.727835760005904	-1
9.731446674994295	-1
9.735057589982686	-1
9.738668504971077	-1
9.742279419959468	-1
9.745890334947859	-1
9.74950124993625	-1
9.74950124993625	2
9.75311216492464	-1
9.75311216492464	2
9.75311216492464	2
9.75311216492464	2
9.756723079913032	-1
9.760333994901423	-1
9.763944909889814	-1
9.763944909889814	2
9.763944909889814	2
9.767555824878205	-1
9.771166739866596	-1
9.774777654854987	-1
9.778388569843377	-1
9.781999484831768	-1
9.781999484831768	2
9.78561039982016	-1
9.78922131480855	-1
9.78922131480855	2
9.792832229796941	-1
9.796443144785332	-1
9.800054059773723	-1
9.803664974762114	-1
9.807275889750505	-1
9.810886804738896	-1
9.814497719727287	-1
9.818108634715678	-1
9.821719549704069	-1
9.821719549704069	2
9.82533046469246	-1
9.82533046469246	2
9.82894137968085	-1
9.832552294669242	-1
9.836163209657633	-1
9.839774124646024	-1
9.843385039634414	-1
9.843385039634414	2
9.846995954622805	-1
9.850606869611196	-1
9.850606869611196	2
9.850606869611196	2
9.854217784599587	-1
9.857828699587978	-1
9.857828699587978	2
9.86143961457637	-1
9.86505052956476	-1
9.868661444553151	-1
9.872272359541542	-1
9.875883274529933	-1
9.879494189518324	-1
9.879494189518324	2
9.883105104506715	-1
9.886716019495106	-1
9.890326934483497	-1
9.893937849471888	-1
9.897548764460279	-1
9.90115967944867	-1
9.90477059443706	-1
9.908381509425451	-1
9.911992424413842	-1
9.915603339402233	-1
9.919214254390624	-1
9.922825169379015	-1
9.926436084367406	-1
9.930046999355797	-1
9.930046999355797	2
9.933657914344188	-1
9.937268829332579	-1
9.94087974432097	-1
9.944490659309361	-1
9.948101574297752	-1
9.951712489286143	-1
9.955323404274534	-1
9.958934319262925	-1
9.958934319262925	2
9.962545234251316	-1
9.966156149239707	-1
9.969767064228098	-1
9.973377979216488	-1
9.97698889420488	-1
9.97698889420488	2
9.98059980919327	-1
9.98059980919327	2
9.984210724181661	-1
9.987821639170052	-1
9.991432554158443	-1
9.991432554158443	2
9.995043469146834	-1
9.998654384135225	-1
10.002265299123616	-1
10.002265299123616	2
10.005876214112007	-1
10.005876214112007	2
10.009487129100398	-1
10.013098044088789	-1
10.01670895907718	-1
10.02031987406557	-1
10.023930789053962	-1
10.023930789053962	2
10.027541704042353	-1
10.031152619030744	-1
10.031152619030744	2
10.034763534019135	-1
10.038374449007526	-1
10.041985363995916	-1
10.041985363995916	2
10.045596278984307	-1
10.049207193972698	-1
10.05281810896109	-1
10.05281810896109	2
10.05642902394948	-1
10.060039938937871	-1
10.060039938937871	2
10.063650853926262	-1
10.067261768914653	-1
10.070872683903044	-1
10.074483598891435	-1
10.078094513879826	-1
10.081705428868217	-1
10.085316343856608	-1
10.088927258844999	-1
10.09253817383339	-1
10.09614908882178	-1
10.099760003810172	-1
10.103370918798563	-1
10.106981833786953	-1
10.106981833786953	2
10.110592748775344	-1
10.114203663763735	-1
10.117814578752126	-1
10.121425493740517	-1
10.121425493740517	2
10.125036408728908	-1
10.1286473237173	-1
10.13225823870569	-1
10.135869153694081	-1
10.139480068682472	-1
10.143090983670863	-1
10.143090983670863	2
10.146701898659254	-1
10.150312813647645	-1
10.153923728636036	-1
10.157534643624427	-1
10.157534643624427	2
10.161145558612818	-1
10.164756473601209	-1
10.164756473601209	2
10.1683673885896	-1
10.17197830357799	-1
10.175589218566381	-1
10.179200133554772	-1
10.179200133554772	2
10.182811048543163	-1
10.182811048543163	2
10.186421963531554	-1
10.186421963531554	2
10.190032878519945	-1
10.193643793508336	-1
10.193643793508336	2
10.197254708496727	-1
10.200865623485118	-1
10.200865623485118	2
10.204476538473509	-1
10.2080874534619	-1
10.21169836845029	-1
10.21169836845029	2
10.215309283438682	-1
10.218920198427073	-1
10.222531113415464	-1
10.226142028403855	-1
10.226142028403855	2
10.229752943392246	-1
10.233363858380637	-1
10.233363858380637	2
10.236974773369028	-1
10.240585688357418	-1
10.24419660334581	-1
10.2478075183342	-1
10.251418433322591	-1
10.255029348310982	-1
10.258640263299373	-1
10.262251178287764	-1
10.265862093276155	-1
10.269473008264546	-1
10.269473008264546	2
10.273083923252937	-1
10.276694838241328	-1
10.280305753229719	-1
10.28391666821811	-1
10.28391666821811	2
10.2875275832065	-1
10.291138498194892	-1
10.294749413183283	-1
10.294749413183283	2
10.298360328171674	-1
10.301971243160065	-1
10.301971243160065	2
10.305582158148455	-1
10.309193073136846	-1
10.312803988125237	-1
10.312803988125237	2
10.316414903113628	-1
10.316414903113628	2
10.32002581810202	-1
10.32363673309041	-1
10.327247648078801	-1
10.327247648078801	2
10.330858563067192	-1
10.334469478055583	-1
10.338080393043974	-1
10.341691308032365	-1
10.345302223020756	-1
10.348913138009147	-1
10.348913138009147	2
10.352524052997538	-1
10.356134967985929	-1
10.35974588297432	-1
10.36335679796271	-1
10.366967712951102	-1
10.370578627939492	-1
10.374189542927883	-1
10.377800457916274	-1
10.381411372904665	-1
10.385022287893056	-1
10.388633202881447	-1
10.392244117869838	-1
10.395855032858229	-1
10.395855032858229	2
10.39946594784662	-1
10.39946594784662	2
10.403076862835011	-1
10.406687777823402	-1
10.410298692811793	-1
10.413909607800184	-1
10.413909607800184	2
10.413909607800184	2
10.417520522788575	-1
10.421131437776966	-1
10.424742352765357	-1
10.428353267753748	-1
10.431964182742139	-1
10.43557509773053	-1
10.43918601271892	-1
10.43918601271892	2
10.442796927707311	-1
10.446407842695702	-1
10.450018757684093	-1
10.453629672672484	-1
10.457240587660875	-1
10.460851502649266	-1
10.464462417637657	-1
10.468073332626048	-1
10.471684247614439	-1
10.47529516260283	-1
10.47890607759122	-1
10.482516992579612	-1
10.482516992579612	2
10.486127907568003	-1
10.489738822556394	-1
10.493349737544785	-1
10.496960652533176	-1
10.500571567521567	-1
10.500571567521567	2
10.500571567521567	2
10.504182482509957	-1
10.507793397498348	-1
10.507793397498348	2
10.507793397498348	2
10.507793397498348	2
10.51140431248674	-1
10.51501522747513	-1
10.518626142463521	-1
10.522237057451912	-1
10.525847972440303	-1
10.529458887428694	-1
10.529458887428694	2
10.533069802417085	-1
10.536680717405476	-1
10.540291632393867	-1
10.543902547382258	-1
10.547513462370649	-1
10.55112437735904	-1
10.55473529234743	-1
10.55473529234743	2
10.55473529234743	2
10.558346207335822	-1
10.561957122324213	-1
10.565568037312604	-1
10.569178952300994	-1
10.572789867289385	-1
10.572789867289385	2
10.576400782277776	-1
10.580011697266167	-1
10.583622612254558	-1
10.58723352724295	-1
10.58723352724295	2
10.59084444223134	-1
10.59084444223134	2
10.594455357219731	-1
10.598066272208122	-1
10.601677187196513	-1
10.605288102184904	-1
10.605288102184904	2
10.608899017173295	-1
10.612509932161686	-1
10.616120847150077	-1
10.619731762138468	-1
10.623342677126859	-1
10.62695359211525	-1
10.63056450710364	-1
10.634175422092031	-1
10.637786337080422	-1
10.641397252068813	-1
10.645008167057204	-1
10.648619082045595	-1
10.652229997033986	-1
10.655840912022377	-1
10.659451827010768	-1
10.663062741999159	-1
10.66667365698755	-1
10.670284571975941	-1
10.673895486964332	-1
10.673895486964332	2
10.677506401952723	-1
10.681117316941114	-1
10.681117316941114	2
10.684728231929505	-1
10.688339146917896	-1
10.688339146917896	2
10.688339146917896	2
10.691950061906287	-1
10.695560976894678	-1
10.699171891883068	-1
10.70278280687146	-1
10.70639372185985	-1
10.710004636848241	-1
10.710004636848241	2
10.710004636848241	2
10.713615551836632	-1
10.717226466825023	-1
10.717226466825023	2
10.720837381813414	-1
10.724448296801805	-1
10.728059211790196	-1
10.731670126778587	-1
10.735281041766978	-1
10.735281041766978	2
10.738891956755369	-1
10.74250287174376	-1
10.74611378673215	-1
10.749724701720542	-1
10.753335616708933	-1
10.753335616708933	2
10.753335616708933	2
10.756946531697324	-1
10.760557446685715	-1
10.764168361674106	-1
10.767779276662496	-1
10.771390191650887	-1
10.775001106639278	-1
10.77861202162767	-1
10.78222293661606	-1
10.78222293661606	2
10.785833851604451	-1
10.785833851604451	2
10.789444766592842	-1
10.793055681581233	-1
10.796666596569624	-1
10.796666596569624	2
10.800277511558015	-1
10.803888426546406	-1
10.807499341534797	-1
10.807499341534797	2
10.811110256523188	-1
10.814721171511579	-1
10.81833208649997	-1
10.82194300148836	-1
10.825553916476752	-1
10.829164831465143	-1
10.829164831465143	2
10.832775746453533	-1
10.832775746453533	2
10.836386661441924	-1
10.839997576430315	-1
10.843608491418706	-1
10.847219406407097	-1
10.850830321395488	-1
10.85444123638388	-1
10.85805215137227	-1
10.85805215137227	2
10.861663066360661	-1
10.865273981349052	-1
10.868884896337443	-1
10.872495811325834	-1
10.876106726314225	-1
10.879717641302616	-1
10.883328556291007	-1
10.886939471279398	-1
10.890550386267789	-1
10.89416130125618	-1
10.89777221624457	-1
10.901383131232961	-1
10.904994046221352	-1
10.908604961209743	-1
10.908604961209743	2
10.912215876198134	-1
10.915826791186525	-1
10.919437706174916	-1
10.919437706174916	2
10.923048621163307	-1
10.926659536151698	-1
10.926659536151698	2
10.930270451140089	-1
10.93388136612848	-1
10.93749228111687	-1
10.941103196105262	-1
10.944714111093653	-1
10.948325026082044	-1
10.951935941070435	-1
10.955546856058826	-1
10.959157771047217	-1
10.959157771047217	2
10.962768686035608	-1
10.966379601023998	-1
10.96999051601239	-1
10.97360143100078	-1
10.977212345989171	-1
10.980823260977562	-1
10.984434175965953	-1
10.988045090954344	-1
10.991656005942735	-1
10.995266920931126	-1
10.998877835919517	-1
11.002488750907908	-1
11.006099665896299	-1
11.00971058088469	-1
11.00971058088469	2
11.01332149587308	-1
11.016932410861472	-1
11.020543325849863	-1
11.024154240838254	-1
11.027765155826645	-1
11.027765155826645	2
11.031376070815035	-1
11.031376070815035	2
11.034986985803426	-1
11.038597900791817	-1
11.042208815780208	-1
11.0458197307686	-1
11.04943064575699	-1
11.053041560745381	-1
11.053041560745381	2
11.056652475733772	-1
11.060263390722163	-1
11.063874305710554	-1
11.067485220698945	-1
11.071096135687336	-1
11.074707050675727	-1
11.078317965664118	-1
11.081928880652509	-1
11.0855397956409	-1
11.08915071062929	-1
11.08915071062929	2
11.092761625617682	-1
11.096372540606072	-1
11.099983455594463	-1
11.103594370582854	-1
11.107205285571245	-1
11.110816200559636	-1
11.114427115548027	-1
11.118038030536418	-1
11.118038030536418	2
11.121648945524809	-1
11.1252598605132	-1
11.1252598605132	2
11.1252598605132	2
11.128870775501591	-1
11.132481690489982	-1
11.136092605478373	-1
11.139703520466764	-1
11.143314435455155	-1
11.146925350443546	-1
11.150536265431937	-1
11.154147180420328	-1
11.157758095408719	-1
11.157758095408719	2
11.16136901039711	-1
11.16136901039711	2
11.1649799253855	-1
11.168590840373891	-1
11.172201755362282	-1
11.175812670350673	-1
11.175812670350673	2
11.179423585339064	-1
11.183034500327455	-1
11.186645415315846	-1
11.190256330304237	-1
11.193867245292628	-1
11.197478160281019	-1
11.197478160281019	2
11.20108907526941	-1
11.2046999902578	-1
11.208310905246192	-1
11.211921820234583	-1
11.215532735222974	-1
11.219143650211365	-1
11.222754565199756	-1
11.226365480188147	-1
11.229976395176537	-1
11.233587310164928	-1
11.23719822515332	-1
11.24080914014171	-1
11.244420055130101	-1
11.248030970118492	-1
11.251641885106883	-1
11.255252800095274	-1
11.255252800095274	2
11.258863715083665	-1
11.262474630072056	-1
11.262474630072056	2
11.266085545060447	-1
11.269696460048838	-1
11.269696460048838	2
11.273307375037229	-1
11.27691829002562	-1
11.28052920501401	-1
11.284140120002402	-1
11.287751034990793	-1
11.287751034990793	2
11.291361949979184	-1
11.294972864967574	-1
11.298583779955965	-1
11.302194694944356	-1
11.305805609932747	-1
11.309416524921138	-1
11.31302743990953	-1
11.31663835489792	-1
11.320249269886311	-1
11.323860184874702	-1
11.327471099863093	-1
11.331082014851484	-1
11.334692929839875	-1
11.338303844828266	-1
11.341914759816657	-1
11.345525674805048	-1
11.345525674805048	2
11.349136589793439	-1
11.35274750478183	-1
11.35274750478183	2
11.35635841977022	-1
11.359969334758611	-1
11.363580249747002	-1
11.363580249747002	2
11.367191164735393	-1
11.370802079723784	-1
11.370802079723784	2
11.374412994712175	-1
11.378023909700566	-1
11.381634824688957	-1
11.385245739677348	-1
11.385245739677348	2
11.388856654665739	-1
11.388856654665739	2
11.39246756965413	-1
11.396078484642521	-1
11.399689399630912	-1
11.403300314619303	-1
11.403300314619303	2
11.406911229607694	-1
11.406911229607694	2
11.406911229607694	2
11.410522144596085	-1
11.414133059584476	-1
11.417743974572867	-1
11.417743974572867	2
11.421354889561258	-1
11.424965804549648	-1
11.42857671953804	-1
11.43218763452643	-1
11.43218763452643	2
11.435798549514821	-1
11.439409464503212	-1
11.439409464503212	2
11.443020379491603	-1
11.446631294479994	-1
11.446631294479994	2
11.450242209468385	-1
11.453853124456776	-1
11.457464039445167	-1
11.461074954433558	-1
11.461074954433558	2
11.461074954433558	2
11.464685869421949	-1
11.46829678441034	-1
11.47190769939873	-1
11.475518614387122	-1
11.479129529375513	-1
11.479129529375513	2
11.482740444363904	-1
11.486351359352295	-1
11.486351359352295	2
11.489962274340686	-1
11.493573189329076	-1
11.497184104317467	-1
11.500795019305858	-1
11.50440593429425	-1
11.50801684928264	-1
11.511627764271031	-1
11.511627764271031	2
11.511627764271031	2
11.515238679259422	-1
11.518849594247813	-1
11.522460509236204	-1
11.526071424224595	-1
11.526071424224595	2
11.529682339212986	-1
11.533293254201377	-1
11.536904169189768	-1
11.536904169189768	2
11.540515084178159	-1
11.54412599916655	-1
11.54412599916655	2
11.54773691415494	-1
11.551347829143332	-1
11.554958744131723	-1
11.554958744131723	2
11.558569659120113	-1
11.558569659120113	2
11.562180574108504	-1
11.565791489096895	-1
11.569402404085286	-1
11.573013319073677	-1
11.576624234062068	-1
11.58023514905046	-1
11.58023514905046	2
11.58384606403885	-1
11.587456979027241	-1
11.591067894015632	-1
11.594678809004023	-1
11.598289723992414	-1
11.601900638980805	-1
11.605511553969196	-1
11.605511553969196	2
11.609122468957587	-1
11.612733383945978	-1
11.612733383945978	2
11.616344298934369	-1
11.616344298934369	2
11.61995521392276	-1
11.62356612891115	-1
11.627177043899541	-1
11.627177043899541	2
11.627177043899541	2
11.630787958887932	-1
11.630787958887932	2
11.634398873876323	-1
11.634398873876323	2
11.638009788864714	-1
11.641620703853105	-1
11.645231618841496	-1
11.648842533829887	-1
11.648842533829887	2
11.652453448818278	-1
11.656064363806669	-1
11.65967527879506	-1
11.65967527879506	2
11.66328619378345	-1
11.666897108771842	-1
11.666897108771842	2
11.670508023760233	-1
11.674118938748624	-1
11.677729853737015	-1
11.681340768725406	-1
11.681340768725406	2
11.681340768725406	2
11.684951683713797	-1
11.688562598702188	-1
11.692173513690578	-1
11.692173513690578	2
11.69578442867897	-1
11.69939534366736	-1
11.703006258655751	-1
11.706617173644142	-1
11.710228088632533	-1
11.710228088632533	2
11.710228088632533	2
11.713839003620924	-1
11.717449918609315	-1
11.721060833597706	-1
11.724671748586097	-1
11.728282663574488	-1
11.731893578562879	-1
11.73550449355127	-1
11.73911540853966	-1
11.73911540853966	2
11.742726323528052	-1
11.742726323528052	2
11.746337238516443	-1
11.746337238516443	2
11.746337238516443	2
11.749948153504834	-1
11.753559068493225	-1
11.757169983481615	-1
11.760780898470006	-1
11.760780898470006	2
11.764391813458397	-1
11.768002728446788	-1
11.77161364343518	-1
11.77161364343518	2
11.77522455842357	-1
11.77522455842357	2
11.778835473411961	-1
11.782446388400352	-1
11.786057303388743	-1
11.789668218377134	-1
11.793279133365525	-1
11.796890048353916	-1
11.800500963342307	-1
11.804111878330698	-1
11.807722793319089	-1
11.81133370830748	-1
11.81494462329587	-1
11.81494462329587	2
11.818555538284262	-1
11.822166453272652	-1
11.822166453272652	2
11.825777368261043	-1
11.829388283249434	-1
11.832999198237825	-1
11.832999198237825	2
11.836610113226216	-1
11.840221028214607	-1
11.843831943202998	-1
11.847442858191389	-1
11.85105377317978	-1
11.85105377317978	2
11.854664688168171	-1
11.858275603156562	-1
11.861886518144953	-1
11.865497433133344	-1
11.869108348121735	-1
11.872719263110126	-1
11.876330178098517	-1
11.879941093086908	-1
11.883552008075299	-1
11.883552008075299	2
11.88716292306369	-1
11.88716292306369	2
11.88716292306369	2
11.89077383805208	-1
11.894384753040471	-1
11.897995668028862	-1
11.897995668028862	2
11.901606583017253	-1
11.905217498005644	-1
11.905217498005644	2
11.908828412994035	-1
11.912439327982426	-1
11.916050242970817	-1
11.919661157959208	-1
11.923272072947599	-1
11.923272072947599	2
11.92688298793599	-1
11.93049390292438	-1
11.934104817912772	-1
11.934104817912772	2
11.937715732901163	-1
11.941326647889554	-1
11.944937562877945	-1
11.944937562877945	2
11.948548477866336	-1
11.952159392854727	-1
11.955770307843117	-1
11.959381222831508	-1
11.9629921378199	-1
11.96660305280829	-1
11.970213967796681	-1
11.973824882785072	-1
11.977435797773463	-1
11.981046712761854	-1
11.984657627750245	-1
11.988268542738636	-1
11.991879457727027	-1
11.995490372715418	-1
11.995490372715418	2
11.999101287703809	-1
12.0027122026922	-1
12.0027122026922	2
12.00632311768059	-1
12.009934032668982	-1
12.013544947657373	-1
12.017155862645764	-1
12.020766777634154	-1
12.024377692622545	-1
12.027988607610936	-1
12.031599522599327	-1
12.035210437587718	-1
12.03882135257611	-1
12.0424322675645	-1
12.046043182552891	-1
12.049654097541282	-1
12.053265012529673	-1
12.056875927518064	-1
12.060486842506455	-1
12.064097757494846	-1
12.064097757494846	2
12.067708672483237	-1
12.071319587471628	-1
12.071319587471628	2
12.074930502460019	-1
12.07854141744841	-1
12.07854141744841	2
12.0821523324368	-1
12.085763247425191	-1
12.089374162413582	-1
12.092985077401973	-1
12.092985077401973	2
12.096595992390364	-1
12.100206907378755	-1
12.103817822367146	-1
12.107428737355537	-1
12.111039652343928	-1
12.114650567332319	-1
12.11826148232071	-1
12.121872397309101	-1
12.125483312297492	-1
12.129094227285883	-1
12.132705142274274	-1
12.136316057262665	-1
12.139926972251056	-1
12.143537887239447	-1
12.147148802227838	-1
12.150759717216228	-1
12.15437063220462	-1
12.15798154719301	-1
12.15798154719301	2
12.161592462181401	-1
12.165203377169792	-1
12.168814292158183	-1
12.172425207146574	-1
12.176036122134965	-1
12.179647037123356	-1
12.183257952111747	-1
12.186868867100138	-1
12.186868867100138	2
12.190479782088529	-1
12.190479782088529	2
12.19409069707692	-1
12.19409069707692	2
12.19770161206531	-1
12.201312527053702	-1
12.204923442042093	-1
12.208534357030484	-1
12.212145272018875	-1
12.215756187007266	-1
12.219367101995656	-1
12.222978016984047	-1
12.226588931972438	-1
12.23019984696083	-1
12.23381076194922	-1
12.23381076194922	2
12.237421676937611	-1
12.241032591926002	-1
12.244643506914393	-1
12.248254421902784	-1
12.251865336891175	-1
12.255476251879566	-1
12.259087166867957	-1
12.262698081856348	-1
12.266308996844739	-1
12.266308996844739	2
12.266308996844739	2
12.26991991183313	-1
12.26991991183313	2
12.26991991183313	2
12.27353082682152	-1
12.277141741809912	-1
12.280752656798303	-1
12.284363571786693	-1
12.287974486775084	-1
12.291585401763475	-1
12.295196316751866	-1
12.298807231740257	-1
12.298807231740257	2
12.302418146728648	-1
12.30602906171704	-1
12.30963997670543	-1
12.313250891693821	-1
12.316861806682212	-1
12.320472721670603	-1
12.324083636658994	-1
12.324083636658994	2
12.324083636658994	2
12.327694551647385	-1
12.331305466635776	-1
12.334916381624167	-1
12.338527296612558	-1
12.342138211600949	-1
12.34574912658934	-1
12.34936004157773	-1
12.352970956566121	-1
12.356581871554512	-1
12.360192786542903	-1
12.360192786542903	2
12.363803701531294	-1
12.367414616519685	-1
12.371025531508076	-1
12.374636446496467	-1
12.378247361484858	-1
12.381858276473249	-1
12.38546919146164	-1
12.38908010645003	-1
12.392691021438422	-1
12.396301936426813	-1
12.399912851415204	-1
12.399912851415204	2
12.403523766403595	-1
12.407134681391986	-1
12.410745596380377	-1
12.414356511368767	-1
12.417967426357158	-1
12.42157834134555	-1
12.42157834134555	2
12.42518925633394	-1
12.42518925633394	2
12.428800171322331	-1
12.432411086310722	-1
12.436022001299113	-1
12.439632916287504	-1
12.443243831275895	-1
12.446854746264286	-1
12.450465661252677	-1
12.454076576241068	-1
12.457687491229459	-1
12.46129840621785	-1
12.46490932120624	-1
12.46490932120624	2
12.468520236194632	-1
12.472131151183023	-1
12.475742066171414	-1
12.479352981159805	-1
12.482963896148195	-1
12.486574811136586	-1
12.490185726124977	-1
12.493796641113368	-1
12.49740755610176	-1
12.50101847109015	-1
12.504629386078541	-1
12.508240301066932	-1
12.511851216055323	-1
12.515462131043714	-1
12.515462131043714	2
12.519073046032105	-1
12.522683961020496	-1
12.522683961020496	2
12.526294876008887	-1
12.529905790997278	-1
12.529905790997278	2
12.533516705985669	-1
12.533516705985669	2
12.53712762097406	-1
12.54073853596245	-1
12.54073853596245	2
12.544349450950842	-1
12.547960365939232	-1
12.551571280927623	-1
12.555182195916014	-1
12.558793110904405	-1
12.562404025892796	-1
12.562404025892796	2
12.566014940881187	-1
12.569625855869578	-1
12.573236770857969	-1
12.573236770857969	2
12.573236770857969	2
12.57684768584636	-1
12.580458600834751	-1
12.584069515823142	-1
12.584069515823142	2
12.587680430811533	-1
12.591291345799924	-1
12.594902260788315	-1
12.598513175776706	-1
12.602124090765097	-1
12.605735005753488	-1
12.609345920741879	-1
12.61295683573027	-1
12.61656775071866	-1
12.620178665707051	-1
12.623789580695442	-1
12.627400495683833	-1
12.631011410672224	-1
12.634622325660615	-1
12.638233240649006	-1
12.641844155637397	-1
12.645455070625788	-1
12.649065985614179	-1
12.65267690060257	-1
12.65267690060257	2
12.65628781559096	-1
12.65628781559096	2
12.659898730579352	-1
12.663509645567743	-1
12.667120560556134	-1
12.667120560556134	2
12.670731475544525	-1
12.674342390532916	-1
12.677953305521307	-1
12.681564220509697	-1
12.685175135498088	-1
12.68878605048648	-1
12.69239696547487	-1
12.696007880463261	-1
12.699618795451652	-1
12.703229710440043	-1
12.706840625428434	-1
12.706840625428434	2
12.710451540416825	-1
12.714062455405216	-1
12.717673370393607	-1
12.721284285381998	-1
12.721284285381998	2
12.724895200370389	-1
12.724895200370389	2
12.724895200370389	2
12.72850611535878	-1
12.73211703034717	-1
12.735727945335562	-1
12.739338860323953	-1
12.742949775312344	-1
12.742949775312344	2
12.746560690300734	-1
12.750171605289125	-1
12.750171605289125	2
12.753782520277516	-1
12.757393435265907	-1
12.761004350254298	-1
12.76461526524269	-1
12.76822618023108	-1
12.771837095219471	-1
12.771837095219471	2
12.775448010207862	-1
12.779058925196253	-1
12.782669840184644	-1
12.782669840184644	2
12.786280755173035	-1
12.789891670161426	-1
12.789891670161426	2
12.793502585149817	-1
12.793502585149817	2
12.797113500138208	-1
12.800724415126599	-1
12.80433533011499	-1
12.80794624510338	-1
12.811557160091771	-1
12.815168075080162	-1
12.818778990068553	-1
12.822389905056944	-1
12.826000820045335	-1
12.829611735033726	-1
12.833222650022117	-1
12.836833565010508	-1
12.840444479998899	-1
12.84405539498729	-1
12.847666309975681	-1
12.847666309975681	2
12.851277224964072	-1
12.854888139952463	-1
12.858499054940854	-1
12.862109969929245	-1
12.862109969929245	2
12.865720884917636	-1
12.869331799906027	-1
12.872942714894418	-1
12.876553629882808	-1
12.8801645448712	-1
12.88377545985959	-1
12.887386374847981	-1
12.890997289836372	-1
12.894608204824763	-1
12.898219119813154	-1
12.901830034801545	-1
12.905440949789936	-1
12.909051864778327	-1
12.912662779766718	-1
12.916273694755109	-1
12.9198846097435	-1
12.92349552473189	-1
12.92349552473189	2
12.927106439720282	-1
12.927106439720282	2
12.930717354708673	-1
12.934328269697064	-1
12.934328269697064	2
12.937939184685455	-1
12.941550099673846	-1
12.941550099673846	2
12.945161014662236	-1
12.945161014662236	2
12.948771929650627	-1
12.952382844639018	-1
12.95599375962741	-1
12.95599375962741	2
12.9596046746158	-1
12.963215589604191	-1
12.966826504592582	-1
12.970437419580973	-1
12.970437419580973	2
12.974048334569364	-1
12.974048334569364	2
12.977659249557755	-1
12.977659249557755	2
12.981270164546146	-1
12.984881079534537	-1
12.988491994522928	-1
12.992102909511319	-1
12.99571382449971	-1
12.99571382449971	2
12.9993247394881	-1
13.002935654476492	-1
13.006546569464883	-1
13.010157484453273	-1
13.010157484453273	2
13.013768399441664	-1
13.017379314430055	-1
13.020990229418446	-1
13.024601144406837	-1
13.024601144406837	2
13.024601144406837	2
13.028212059395228	-1
13.03182297438362	-1
13.03182297438362	2
13.03543388937201	-1
13.03543388937201	2
13.039044804360401	-1
13.042655719348792	-1
13.042655719348792	2
13.042655719348792	2
13.046266634337183	-1
13.049877549325574	-1
13.049877549325574	2
13.049877549325574	2
13.053488464313965	-1
13.057099379302356	-1
13.057099379302356	2
13.060710294290747	-1
13.064321209279138	-1
13.067932124267529	-1
13.07154303925592	-1
13.07515395424431	-1
13.078764869232701	-1
13.082375784221092	-1
13.082375784221092	2
13.085986699209483	-1
13.089597614197874	-1
13.093208529186265	-1
13.093208529186265	2
13.096819444174656	-1
13.100430359163047	-1
13.104041274151438	-1
13.107652189139829	-1
13.107652189139829	2
13.11126310412822	-1
13.11487401911661	-1
13.118484934105002	-1
13.122095849093393	-1
13.125706764081784	-1
13.129317679070175	-1
13.129317679070175	2
13.132928594058566	-1
13.136539509046957	-1
13.140150424035347	-1
13.143761339023738	-1
13.143761339023738	2
13.14737225401213	-1
13.15098316900052	-1
13.154594083988911	-1
13.158204998977302	-1
13.161815913965693	-1
13.165426828954084	-1
13.169037743942475	-1
13.172648658930866	-1
13.176259573919257	-1
13.179870488907648	-1
13.183481403896039	-1
13.18709231888443	-1
13.19070323387282	-1
13.19070323387282	2
13.194314148861212	-1
13.197925063849603	-1
13.197925063849603	2
13.201535978837994	-1
13.205146893826385	-1
13.208757808814775	-1
13.212368723803166	-1
13.215979638791557	-1
13.219590553779948	-1
13.22320146876834	-1
13.22681238375673	-1
13.230423298745121	-1
13.234034213733512	-1
13.237645128721903	-1
13.241256043710294	-1
13.244866958698685	-1
13.248477873687076	-1
13.248477873687076	2
13.252088788675467	-1
13.255699703663858	-1
13.259310618652249	-1
13.26292153364064	-1
13.26653244862903	-1
13.270143363617422	-1
13.273754278605812	-1
13.277365193594203	-1
13.277365193594203	2
13.280976108582594	-1
13.284587023570985	-1
13.288197938559376	-1
13.291808853547767	-1
13.295419768536158	-1
13.295419768536158	2
13.299030683524549	-1
13.30264159851294	-1
13.306252513501331	-1
13.309863428489722	-1
13.313474343478113	-1
13.317085258466504	-1
13.320696173454895	-1
13.320696173454895	2
13.324307088443286	-1
13.327918003431677	-1
13.331528918420068	-1
13.335139833408459	-1
13.33875074839685	-1
13.33875074839685	2
13.34236166338524	-1
13.345972578373631	-1
13.345972578373631	2
13.349583493362022	-1
13.349583493362022	2
13.353194408350413	-1
13.356805323338804	-1
13.356805323338804	2
13.360416238327195	-1
13.364027153315586	-1
13.367638068303977	-1
13.371248983292368	-1
13.374859898280759	-1
13.37847081326915	-1
13.38208172825754	-1
13.385692643245932	-1
13.389303558234323	-1
13.392914473222714	-1
13.392914473222714	2
13.396525388211105	-1
13.400136303199496	-1
13.403747218187887	-1
13.407358133176277	-1
13.407358133176277	2
13.410969048164668	-1
13.41457996315306	-1
13.41457996315306	2
13.41819087814145	-1
13.421801793129841	-1
13.425412708118232	-1
13.429023623106623	-1
13.432634538095014	-1
13.436245453083405	-1
13.439856368071796	-1
13.443467283060187	-1
13.443467283060187	2
13.447078198048578	-1
13.447078198048578	2
13.447078198048578	2
13.447078198048578	2
13.450689113036969	-1
13.45430002802536	-1
13.45791094301375	-1
13.45791094301375	2
13.461521858002142	-1
13.465132772990533	-1
13.468743687978924	-1
13.472354602967314	-1
13.475965517955705	-1
13.479576432944096	-1
13.483187347932487	-1
13.486798262920878	-1
13.49040917790927	-1
13.49402009289766	-1
13.497631007886051	-1
13.501241922874442	-1
13.501241922874442	2
13.501241922874442	2
13.504852837862833	-1
13.508463752851224	-1
13.512074667839615	-1
13.515685582828006	-1
13.519296497816397	-1
13.522907412804788	-1
13.526518327793179	-1
13.53012924278157	-1
13.53374015776996	-1
13.537351072758351	-1
13.537351072758351	2
13.540961987746742	-1
13.544572902735133	-1
13.548183817723524	-1
13.551794732711915	-1
13.551794732711915	2
13.555405647700306	-1
13.559016562688697	-1
13.562627477677088	-1
13.566238392665479	-1
13.56984930765387	-1
13.56984930765387	2
13.573460222642261	-1
13.577071137630652	-1
13.580682052619043	-1
13.584292967607434	-1
13.587903882595825	-1
13.591514797584216	-1
13.595125712572607	-1
13.598736627560998	-1
13.598736627560998	2
13.602347542549388	-1
13.602347542549388	2
13.60595845753778	-1
13.60956937252617	-1
13.613180287514561	-1
13.616791202502952	-1
13.620402117491343	-1
13.624013032479734	-1
13.627623947468125	-1
13.631234862456516	-1
13.631234862456516	2
13.634845777444907	-1
13.638456692433298	-1
13.642067607421689	-1
13.64567852241008	-1
13.64928943739847	-1
13.64928943739847	2
13.652900352386862	-1
13.652900352386862	2
13.656511267375253	-1
13.660122182363644	-1
13.660122182363644	2
13.663733097352035	-1
13.667344012340426	-1
13.667344012340426	2
13.670954927328816	-1
13.674565842317207	-1
13.678176757305598	-1
13.68178767229399	-1
13.68539858728238	-1
13.68539858728238	2
13.689009502270771	-1
13.692620417259162	-1
13.696231332247553	-1
13.699842247235944	-1
13.703453162224335	-1
13.707064077212726	-1
13.707064077212726	2
13.710674992201117	-1
13.710674992201117	2
13.714285907189508	-1
13.717896822177899	-1
13.72150773716629	-1
13.72511865215468	-1
13.72511865215468	2
13.728729567143072	-1
13.732340482131463	-1
13.732340482131463	2
13.732340482131463	2
13.735951397119853	-1
13.739562312108244	-1
13.743173227096635	-1
13.743173227096635	2
13.746784142085026	-1
13.750395057073417	-1
13.754005972061808	-1
13.7576168870502	-1
13.76122780203859	-1
13.764838717026981	-1
13.768449632015372	-1
13.772060547003763	-1
13.775671461992154	-1
13.779282376980545	-1
13.782893291968936	-1
13.786504206957327	-1
13.790115121945718	-1
13.793726036934109	-1
13.7973369519225	-1
13.80094786691089	-1
13.804558781899281	-1
13.808169696887672	-1
13.811780611876063	-1
13.815391526864454	-1
13.819002441852845	-1
13.822613356841236	-1
13.826224271829627	-1
13.829835186818018	-1
13.833446101806409	-1
13.8370570167948	-1
13.84066793178319	-1
13.84066793178319	2
13.844278846771582	-1
13.847889761759973	-1
13.851500676748364	-1
13.855111591736755	-1
13.858722506725146	-1
13.862333421713537	-1
13.865944336701927	-1
13.869555251690318	-1
13.87316616667871	-1
13.8767770816671	-1
13.880387996655491	-1
13.880387996655491	2
13.883998911643882	-1
13.887609826632273	-1
13.891220741620664	-1
13.894831656609055	-1
13.898442571597446	-1
13.898442571597446	2
13.902053486585837	-1
13.902053486585837	2
13.905664401574228	-1
13.905664401574228	2
13.909275316562619	-1
13.91288623155101	-1
13.9164971465394	-1
13.920108061527792	-1
13.923718976516183	-1
13.923718976516183	2
13.927329891504574	-1
13.930940806492965	-1
13.934551721481355	-1
13.938162636469746	-1
13.941773551458137	-1
13.945384466446528	-1
13.94899538143492	-1
13.95260629642331	-1
13.956217211411701	-1
13.959828126400092	-1
13.963439041388483	-1
13.963439041388483	2
13.967049956376874	-1
13.970660871365265	-1
13.974271786353656	-1
13.977882701342047	-1
13.981493616330438	-1
13.985104531318829	-1
13.98871544630722	-1
13.98871544630722	2
13.99232636129561	-1
13.995937276284002	-1
13.995937276284002	2
13.999548191272392	-1
13.999548191272392	2
14.003159106260783	-1
14.006770021249174	-1
14.010380936237565	-1
14.013991851225956	-1
14.017602766214347	-1
14.021213681202738	-1
14.024824596191129	-1
14.02843551117952	-1
14.032046426167911	-1
14.035657341156302	-1
14.035657341156302	2
14.039268256144693	-1
14.042879171133084	-1
14.046490086121475	-1
14.050101001109866	-1
14.050101001109866	2
14.053711916098257	-1
14.057322831086648	-1
14.060933746075039	-1
14.06454466106343	-1
14.06454466106343	2
14.06815557605182	-1
14.071766491040211	-1
14.071766491040211	2
14.075377406028602	-1
14.078988321016993	-1
14.082599236005384	-1
14.086210150993775	-1
14.089821065982166	-1
14.093431980970557	-1
14.097042895958948	-1
14.100653810947339	-1
14.10426472593573	-1
14.10787564092412	-1
14.111486555912512	-1
14.115097470900903	-1
14.118708385889294	-1
14.122319300877685	-1
14.125930215866076	-1
14.129541130854467	-1
14.129541130854467	2
14.133152045842857	-1
14.133152045842857	2
14.136762960831248	-1
14.14037387581964	-1
14.14398479080803	-1
14.147595705796421	-1
14.151206620784812	-1
14.154817535773203	-1
14.158428450761594	-1
14.162039365749985	-1
14.165650280738376	-1
14.169261195726767	-1
14.172872110715158	-1
14.176483025703549	-1
14.18009394069194	-1
14.18370485568033	-1
14.18370485568033	2
14.187315770668722	-1
14.187315770668722	2
14.190926685657113	-1
14.194537600645504	-1
14.198148515633894	-1
14.201759430622285	-1
14.201759430622285	2
14.201759430622285	2
14.205370345610676	-1
14.208981260599067	-1
14.212592175587458	-1
14.21620309057585	-1
14.21981400556424	-1
14.223424920552631	-1
14.223424920552631	2
14.227035835541022	-1
14.230646750529413	-1
14.234257665517804	-1
14.237868580506195	-1
14.237868580506195	2
14.241479495494586	-1
14.245090410482977	-1
14.248701325471368	-1
14.248701325471368	2
14.252312240459759	-1
14.25592315544815	-1
14.25953407043654	-1
14.263144985424931	-1
14.263144985424931	2
14.263144985424931	2
14.266755900413322	-1
14.270366815401713	-1
14.273977730390104	-1
14.273977730390104	2
14.277588645378495	-1
14.281199560366886	-1
14.284810475355277	-1
14.288421390343668	-1
14.288421390343668	2
14.292032305332059	-1
14.292032305332059	2
14.292032305332059	2
14.29564322032045	-1
14.299254135308841	-1
14.302865050297232	-1
14.306475965285623	-1
14.310086880274014	-1
14.313697795262405	-1
14.317308710250796	-1
14.320919625239187	-1
14.324530540227578	-1
14.328141455215968	-1
14.33175237020436	-1
14.33536328519275	-1
14.33536328519275	2
14.33536328519275	2
14.338974200181141	-1
14.342585115169532	-1
14.346196030157923	-1
14.349806945146314	-1
14.353417860134705	-1
14.353417860134705	2
14.357028775123096	-1
14.360639690111487	-1
14.360639690111487	2
14.364250605099878	-1
14.367861520088269	-1
14.37147243507666	-1
14.37147243507666	2
14.37508335006505	-1
14.378694265053442	-1
14.382305180041833	-1
14.385916095030224	-1
14.389527010018615	-1
14.393137925007006	-1
14.393137925007006	2
14.396748839995396	-1
14.400359754983787	-1
14.403970669972178	-1
14.40758158496057	-1
14.41119249994896	-1
14.414803414937351	-1
14.418414329925742	-1
14.418414329925742	2
14.422025244914133	-1
14.425636159902524	-1
14.429247074890915	-1
14.432857989879306	-1
14.436468904867697	-1
14.440079819856088	-1
14.443690734844479	-1
14.44730164983287	-1
14.44730164983287	2
14.45091256482126	-1
14.454523479809652	-1
14.458134394798043	-1
14.461745309786433	-1
14.465356224774824	-1
14.468967139763215	-1
14.472578054751606	-1
14.472578054751606	2
14.476188969739997	-1
14.479799884728388	-1
14.479799884728388	2
14.48341079971678	-1
14.48341079971678	2
14.48702171470517	-1
14.490632629693561	-1
14.490632629693561	2
14.494243544681952	-1
14.497854459670343	-1
14.497854459670343	2
14.501465374658734	-1
14.505076289647125	-1
14.508687204635516	-1
14.512298119623907	-1
14.515909034612298	-1
14.519519949600689	-1
14.52313086458908	-1
14.52313086458908	2
14.52674177957747	-1
14.52674177957747	2
14.530352694565861	-1
14.530352694565861	2
14.533963609554252	-1
14.533963609554252	2
14.537574524542643	-1
14.537574524542643	2
14.541185439531034	-1
14.544796354519425	-1
14.548407269507816	-1
14.552018184496207	-1
14.555629099484598	-1
14.559240014472989	-1
14.559240014472989	2
14.56285092946138	-1
14.56646184444977	-1
14.570072759438162	-1
14.573683674426553	-1
14.577294589414944	-1
14.580905504403335	-1
14.580905504403335	2
14.584516419391726	-1
14.588127334380117	-1
14.591738249368507	-1
14.595349164356898	-1
14.59896007934529	-1
14.60257099433368	-1
14.606181909322071	-1
14.609792824310462	-1
14.613403739298853	-1
14.617014654287244	-1
14.617014654287244	2
14.620625569275635	-1
14.624236484264026	-1
14.627847399252417	-1
14.631458314240808	-1
14.635069229229199	-1
14.63868014421759	-1
14.64229105920598	-1
14.645901974194372	-1
14.649512889182763	-1
14.653123804171154	-1
14.653123804171154	2
14.656734719159545	-1
14.660345634147935	-1
14.663956549136326	-1
14.667567464124717	-1
14.671178379113108	-1
14.6747892941015	-1
14.67840020908989	-1
14.67840020908989	2
14.682011124078281	-1
14.685622039066672	-1
14.689232954055063	-1
14.692843869043454	-1
14.696454784031845	-1
14.700065699020236	-1
14.703676614008627	-1
14.707287528997018	-1
14.707287528997018	2
14.710898443985409	-1
14.7145093589738	-1
14.71812027396219	-1
14.721731188950582	-1
14.725342103938972	-1
14.725342103938972	2
14.725342103938972	2
14.728953018927363	-1
14.732563933915754	-1
14.736174848904145	-1
14.736174848904145	2
14.739785763892536	-1
14.743396678880927	-1
14.747007593869318	-1
14.750618508857709	-1
14.7542294238461	-1
14.757840338834491	-1
14.761451253822882	-1
14.765062168811273	-1
14.768673083799664	-1
14.768673083799664	2
14.772283998788055	-1
14.775894913776446	-1
14.775894913776446	2
14.775894913776446	2
14.7777	1
14.779505828764837	-1
14.783116743753228	-1
14.786727658741619	-1
14.79033857373001	-1
14.79033857373001	2
14.7939494887184	-1
14.797560403706791	-1
14.801171318695182	-1
14.804782233683573	-1
14.804782233683573	2
14.804782233683573	2
14.808393148671964	-1
14.812004063660355	-1
14.815614978648746	-1
14.819225893637137	-1
14.822836808625528	-1
14.822836808625528	2
14.826447723613919	-1
14.826447723613919	2
14.83005863860231	-1
14.8336695535907	-1
14.837280468579092	-1
14.840891383567483	-1
14.844502298555874	-1
14.844502298555874	2
14.848113213544265	-1
14.851724128532656	-1
14.855335043521047	-1
14.858945958509437	-1
14.858945958509437	2
14.862556873497828	-1
14.862556873497828	2
14.86616778848622	-1
14.86616778848622	2
14.86977870347461	-1
14.873389618463001	-1
14.877000533451392	-1
14.880611448439783	-1
14.880611448439783	2
14.884222363428174	-1
14.887833278416565	-1
14.887833278416565	2
14.891444193404956	-1
14.891444193404956	2
14.895055108393347	-1
14.898666023381738	-1
14.902276938370129	-1
14.90588785335852	-1
14.90949876834691	-1
14.913109683335302	-1
14.913109683335302	2
14.916720598323693	-1
14.920331513312084	-1
14.923942428300474	-1
14.927553343288865	-1
14.931164258277256	-1
14.931164258277256	2
14.934775173265647	-1
14.938386088254038	-1
14.94199700324243	-1
14.94560791823082	-1
14.949218833219211	-1
14.952829748207602	-1
14.956440663195993	-1
14.960051578184384	-1
14.960051578184384	2
14.963662493172775	-1
14.967273408161166	-1
14.967273408161166	2
14.970884323149557	-1
14.974495238137948	-1
14.978106153126339	-1
14.98171706811473	-1
14.98532798310312	-1
14.988938898091511	-1
14.992549813079902	-1
14.992549813079902	2
14.996160728068293	-1
14.996160728068293	2
14.996160728068293	2
14.999771643056684	-1
15.003382558045075	-1
15.006993473033466	-1
15.010604388021857	-1
15.014215303010248	-1
15.014215303010248	2
15.017826217998639	-1
15.02143713298703	-1
15.025048047975421	-1
15.025048047975421	2
15.028658962963812	-1
15.032269877952203	-1
15.035880792940594	-1
15.039491707928985	-1
15.039491707928985	2
15.043102622917376	-1
15.046713537905767	-1
15.050324452894158	-1
15.053935367882548	-1
15.053935367882548	2
15.05754628287094	-1
15.06115719785933	-1
15.064768112847721	-1
15.068379027836112	-1
15.068379027836112	2
15.071989942824503	-1
15.075600857812894	-1
15.079211772801285	-1
15.082822687789676	-1
15.086433602778067	-1
15.090044517766458	-1
15.093655432754849	-1
15.09726634774324	-1
15.10087726273163	-1
15.104488177720022	-1
15.108099092708413	-1
15.108099092708413	2
15.111710007696804	-1
15.115320922685195	-1
15.118931837673586	-1
15.122542752661976	-1
15.126153667650367	-1
15.129764582638758	-1
15.13337549762715	-1
15.13337549762715	2
15.13337549762715	2
15.13698641261554	-1
15.13698641261554	2
15.140597327603931	-1
15.144208242592322	-1
15.144208242592322	2
15.147819157580713	-1
15.151430072569104	-1
15.155040987557495	-1
15.158651902545886	-1
15.162262817534277	-1
15.165873732522668	-1
15.169484647511059	-1
15.17309556249945	-1
15.17670647748784	-1
15.180317392476232	-1
15.183928307464623	-1
15.187539222453013	-1
15.191150137441404	-1
15.191150137441404	2
15.194761052429795	-1
15.198371967418186	-1
15.201982882406577	-1
15.205593797394968	-1
15.20920471238336	-1
15.21281562737175	-1
15.216426542360141	-1
15.220037457348532	-1
15.223648372336923	-1
15.227259287325314	-1
15.230870202313705	-1
15.230870202313705	2
15.234481117302096	-1
15.238092032290487	-1
15.241702947278878	-1
15.245313862267269	-1
15.24892477725566	-1
15.25253569224405	-1
15.256146607232441	-1
15.259757522220832	-1
15.263368437209223	-1
15.266979352197614	-1
15.270590267186005	-1
15.274201182174396	-1
15.277812097162787	-1
15.281423012151178	-1
15.285033927139569	-1
15.28864484212796	-1
15.29225575711635	-1
15.295866672104742	-1
15.299477587093133	-1
15.299477587093133	2
15.303088502081524	-1
15.306699417069915	-1
15.310310332058306	-1
15.313921247046697	-1
15.317532162035087	-1
15.321143077023478	-1
15.32475399201187	-1
15.32836490700026	-1
15.331975821988651	-1
15.335586736977042	-1
15.339197651965433	-1
15.342808566953824	-1
15.346419481942215	-1
15.346419481942215	2
15.350030396930606	-1
15.350030396930606	2
15.353641311918997	-1
15.357252226907388	-1
15.357252226907388	2
15.360863141895779	-1
15.36447405688417	-1
15.36808497187256	-1
15.36808497187256	2
15.371695886860952	-1
15.375306801849343	-1
15.378917716837734	-1
15.382528631826125	-1
15.386139546814515	-1
15.386139546814515	2
15.389750461802906	-1
15.393361376791297	-1
15.396972291779688	-1
15.40058320676808	-1
15.40419412175647	-1
15.407805036744861	-1
15.411415951733252	-1
15.411415951733252	2
15.411415951733252	2
15.415026866721643	-1
15.415026866721643	2
15.418637781710034	-1
15.422248696698425	-1
15.425859611686816	-1
15.429470526675207	-1
15.433081441663598	-1
15.436692356651989	-1
15.44030327164038	-1
15.44030327164038	2
15.44391418662877	-1
15.447525101617162	-1
15.451136016605552	-1
15.451136016605552	2
15.454746931593943	-1
15.458357846582334	-1
15.458357846582334	2
15.461968761570725	-1
15.461968761570725	2
15.465579676559116	-1
15.469190591547507	-1
15.469190591547507	2
15.472801506535898	-1
15.476412421524289	-1
15.48002333651268	-1
15.48002333651268	2
15.48002333651268	2
15.483634251501071	-1
15.483634251501071	2
15.487245166489462	-1
15.490856081477853	-1
15.490856081477853	2
15.494466996466244	-1
15.498077911454635	-1
15.501688826443026	-1
15.505299741431417	-1
15.508910656419808	-1
15.512521571408199	-1
15.51613248639659	-1
15.51974340138498	-1
15.51974340138498	2
15.523354316373371	-1
15.526965231361762	-1
15.530576146350153	-1
15.534187061338544	-1
15.534187061338544	2
15.537797976326935	-1
15.541408891315326	-1
15.545019806303717	-1
15.548630721292108	-1
15.552241636280499	-1
15.55585255126889	-1
15.55946346625728	-1
15.55946346625728	2
15.563074381245672	-1
15.563074381245672	2
15.566685296234063	-1
15.570296211222454	-1
15.573907126210845	-1
15.573907126210845	2
15.577518041199236	-1
15.581128956187626	-1
15.584739871176017	-1
15.588350786164408	-1
15.5919617011528	-1
15.59557261614119	-1
15.599183531129581	-1
15.602794446117972	-1
15.606405361106363	-1
15.610016276094754	-1
15.613627191083145	-1
15.617238106071536	-1
15.620849021059927	-1
15.624459936048318	-1
15.628070851036709	-1
15.6316817660251	-1
15.63529268101349	-1
15.638903596001882	-1
15.642514510990273	-1
15.642514510990273	2
15.646125425978664	-1
15.646125425978664	2
15.649736340967054	-1
15.653347255955445	-1
15.656958170943836	-1
15.660569085932227	-1
15.664180000920618	-1
15.66779091590901	-1
15.6714018308974	-1
15.675012745885791	-1
15.678623660874182	-1
15.682234575862573	-1
15.685845490850964	-1
15.689456405839355	-1
15.693067320827746	-1
15.696678235816137	-1
15.700289150804528	-1
15.703900065792919	-1
15.70751098078131	-1
15.7111218957697	-1
15.7111218957697	2
15.714732810758091	-1
15.718343725746482	-1
15.721954640734873	-1
15.725565555723264	-1
15.729176470711655	-1
15.729176470711655	2
15.732787385700046	-1
15.732787385700046	2
15.736398300688437	-1
15.740009215676828	-1
15.743620130665219	-1
15.74723104565361	-1
15.750841960642001	-1
15.754452875630392	-1
15.754452875630392	2
15.758063790618783	-1
15.758063790618783	2
15.761674705607174	-1
15.761674705607174	2
15.765285620595565	-1
15.768896535583956	-1
15.772507450572347	-1
15.776118365560738	-1
15.779729280549128	-1
15.78334019553752	-1
15.78695111052591	-1
15.790562025514301	-1
15.794172940502692	-1
15.797783855491083	-1
15.801394770479474	-1
15.805005685467865	-1
15.808616600456256	-1
15.812227515444647	-1
15.815838430433038	-1
15.819449345421429	-1
15.819449345421429	2
15.819449345421429	2
15.82306026040982	-1
15.82306026040982	2
15.82667117539821	-1
15.82667117539821	2
15.830282090386602	-1
15.830282090386602	2
15.833893005374993	-1
15.837503920363384	-1
15.841114835351775	-1
15.844725750340166	-1
15.848336665328556	-1
15.851947580316947	-1
15.855558495305338	-1
15.855558495305338	2
15.85916941029373	-1
15.86278032528212	-1
15.86278032528212	2
15.866391240270511	-1
15.870002155258902	-1
15.870002155258902	2
15.873613070247293	-1
15.873613070247293	2
15.877223985235684	-1
15.877223985235684	2
15.880834900224075	-1
15.884445815212466	-1
15.888056730200857	-1
15.891667645189248	-1
15.891667645189248	2
15.895278560177639	-1
15.89888947516603	-1
15.90250039015442	-1
15.906111305142812	-1
15.909722220131203	-1
15.909722220131203	2
15.913333135119593	-1
15.913333135119593	2
15.916944050107984	-1
15.920554965096375	-1
15.924165880084766	-1
15.927776795073157	-1
15.931387710061548	-1
15.93499862504994	-1
15.93860954003833	-1
15.942220455026721	-1
15.945831370015112	-1
15.945831370015112	2
15.949442285003503	-1
15.953053199991894	-1
15.956664114980285	-1
15.956664114980285	2
15.960275029968676	-1
15.963885944957067	-1
15.967496859945458	-1
15.967496859945458	2
15.967496859945458	2
15.971107774933849	-1
15.97471868992224	-1
15.97832960491063	-1
15.981940519899021	-1
15.985551434887412	-1
15.989162349875803	-1
15.989162349875803	2
15.992773264864194	-1
15.992773264864194	2
15.996384179852585	-1
15.999995094840976	-1
16.00360600982937	-1
16.00721692481776	-1
16.010827839806154	-1
16.014438754794547	-1
16.01804966978294	-1
16.01804966978294	2
16.021660584771332	-1
16.025271499759725	-1
16.028882414748118	-1
16.03249332973651	-1
16.036104244724903	-1
16.036104244724903	2
16.036104244724903	2
16.039715159713296	-1
16.039715159713296	2
16.04332607470169	-1
16.04693698969008	-1
16.050547904678474	-1
16.054158819666867	-1
16.054158819666867	2
16.05776973465526	-1
16.061380649643652	-1
16.064991564632045	-1
16.068602479620438	-1
16.068602479620438	2
16.07221339460883	-1
16.07221339460883	2
16.075824309597223	-1
16.079435224585616	-1
16.079435224585616	2
16.08304613957401	-1
16.0866570545624	-1
16.090267969550794	-1
16.093878884539187	-1
16.093878884539187	2
16.09748979952758	-1
16.09748979952758	2
16.101100714515972	-1
16.104711629504365	-1
16.108322544492758	-1
16.11193345948115	-1
16.11193345948115	2
16.115544374469543	-1
16.115544374469543	2
16.119155289457936	-1
16.12276620444633	-1
16.12276620444633	2
16.12637711943472	-1
16.12637711943472	2
16.12637711943472	2
16.129988034423114	-1
16.133598949411507	-1
16.1372098643999	-1
16.140820779388292	-1
16.144431694376685	-1
16.144431694376685	2
16.148042609365078	-1
16.148042609365078	2
16.15165352435347	-1
16.155264439341863	-1
16.158875354330256	-1
16.158875354330256	2
16.16248626931865	-1
16.16248626931865	2
16.16609718430704	-1
16.16609718430704	2
16.16609718430704	2
16.169708099295434	-1
16.173319014283827	-1
16.17692992927222	-1
16.17692992927222	2
16.180540844260612	-1
16.184151759249005	-1
16.187762674237398	-1
16.187762674237398	2
16.187762674237398	2
16.19137358922579	-1
16.19137358922579	2
16.194984504214183	-1
16.194984504214183	2
16.198595419202576	-1
16.20220633419097	-1
16.20581724917936	-1
16.209428164167754	-1
16.213039079156147	-1
16.21664999414454	-1
16.220260909132932	-1
16.223871824121325	-1
16.223871824121325	2
16.227482739109718	-1
16.23109365409811	-1
16.23109365409811	2
16.234704569086503	-1
16.234704569086503	2
16.234704569086503	2
16.238315484074896	-1
16.238315484074896	2
16.24192639906329	-1
16.24553731405168	-1
16.249148229040074	-1
16.252759144028467	-1
16.25637005901686	-1
16.259980974005252	-1
16.263591888993645	-1
16.267202803982038	-1
16.27081371897043	-1
16.27081371897043	2
16.274424633958823	-1
16.278035548947216	-1
16.28164646393561	-1
16.285257378924	-1
16.288868293912394	-1
16.292479208900787	-1
16.29609012388918	-1
16.299701038877572	-1
16.303311953865965	-1
16.306922868854357	-1
16.306922868854357	2
16.31053378384275	-1
16.314144698831143	-1
16.314144698831143	2
16.314144698831143	2
16.317755613819536	-1
16.32136652880793	-1
16.32497744379632	-1
16.328588358784714	-1
16.332199273773107	-1
16.3358101887615	-1
16.339421103749892	-1
16.339421103749892	2
16.343032018738285	-1
16.346642933726677	-1
16.35025384871507	-1
16.353864763703463	-1
16.357475678691856	-1
16.36108659368025	-1
16.36108659368025	2
16.36469750866864	-1
16.368308423657034	-1
16.371919338645426	-1
16.37553025363382	-1
16.37553025363382	2
16.37553025363382	2
16.379141168622212	-1
16.382752083610605	-1
16.382752083610605	2
16.386362998598997	-1
16.38997391358739	-1
16.393584828575783	-1
16.393584828575783	2
16.397195743564176	-1
16.397195743564176	2
16.40080665855257	-1
16.40441757354096	-1
16.408028488529354	-1
16.411639403517746	-1
16.41525031850614	-1
16.418861233494532	-1
16.418861233494532	2
16.422472148482925	-1
16.426083063471317	-1
16.42969397845971	-1
16.433304893448103	-1
16.436915808436495	-1
16.440526723424888	-1
16.44413763841328	-1
16.447748553401674	-1
16.447748553401674	2
16.451359468390066	-1
16.45497038337846	-1
16.458581298366852	-1
16.458581298366852	2
16.462192213355245	-1
16.462192213355245	2
16.465803128343637	-1
16.46941404333203	-1
16.473024958320423	-1
16.473024958320423	2
16.476635873308815	-1
16.480246788297208	-1
16.4838577032856	-1
16.487468618273994	-1
16.487468618273994	2
16.491079533262386	-1
16.49469044825078	-1
16.49830136323917	-1
16.501912278227564	-1
16.505523193215957	-1
16.505523193215957	2
16.505523193215957	2
16.50913410820435	-1
16.512745023192743	-1
16.512745023192743	2
16.516355938181135	-1
16.519966853169528	-1
16.52357776815792	-1
16.527188683146314	-1
16.530799598134706	-1
16.530799598134706	2
16.5344105131231	-1
16.53802142811149	-1
16.53802142811149	2
16.541632343099884	-1
16.545243258088277	-1
16.545243258088277	2
16.54885417307667	-1
16.552465088065063	-1
16.556076003053455	-1
16.559686918041848	-1
16.559686918041848	2
16.56329783303024	-1
16.56329783303024	2
16.566908748018633	-1
16.570519663007026	-1
16.570519663007026	2
16.57413057799542	-1
16.57774149298381	-1
16.57774149298381	2
16.581352407972204	-1
16.584963322960597	-1
16.584963322960597	2
16.58857423794899	-1
16.592185152937382	-1
16.595796067925775	-1
16.599406982914168	-1
16.60301789790256	-1
16.60301789790256	2
16.606628812890953	-1
16.606628812890953	2
16.610239727879346	-1
16.61385064286774	-1
16.61746155785613	-1
16.621072472844524	-1
16.621072472844524	2
16.624683387832917	-1
16.624683387832917	2
16.624683387832917	2
16.62829430282131	-1
16.631905217809702	-1
16.635516132798095	-1
16.639127047786488	-1
16.64273796277488	-1
16.646348877763273	-1
16.646348877763273	2
16.649959792751666	-1
16.649959792751666	2
16.65357070774006	-1
16.65357070774006	2
16.65718162272845	-1
16.65718162272845	2
16.65718162272845	2
16.660792537716844	-1
16.664403452705237	-1
16.66801436769363	-1
16.671625282682022	-1
16.671625282682022	2
16.675236197670415	-1
16.675236197670415	2
16.678847112658808	-1
16.6824580276472	-1
16.686068942635593	-1
16.689679857623986	-1
16.69329077261238	-1
16.69329077261238	2
16.69690168760077	-1
16.700512602589164	-1
16.704123517577557	-1
16.70773443256595	-1
16.711345347554342	-1
16.714956262542735	-1
16.718567177531128	-1
16.72217809251952	-1
16.725789007507913	-1
16.729399922496306	-1
16.7330108374847	-1
16.73662175247309	-1
16.740232667461484	-1
16.743843582449877	-1
16.74745449743827	-1
16.751065412426662	-1
16.754676327415055	-1
16.758287242403448	-1
16.76189815739184	-1
16.765509072380233	-1
16.769119987368626	-1
16.77273090235702	-1
16.77634181734541	-1
16.779952732333804	-1
16.783563647322197	-1
16.78717456231059	-1
16.790785477298982	-1
16.794396392287375	-1
16.798007307275768	-1
16.798007307275768	2
16.798007307275768	2
16.798007307275768	2
16.80161822226416	-1
16.805229137252553	-1
16.805229137252553	2
16.808840052240946	-1
16.81245096722934	-1
16.81606188221773	-1
16.819672797206124	-1
16.823283712194517	-1
16.82689462718291	-1
16.830505542171302	-1
16.834116457159695	-1
16.834116457159695	2
16.837727372148088	-1
16.84133828713648	-1
16.844949202124873	-1
16.848560117113266	-1
16.85217103210166	-1
16.85217103210166	2
16.85578194709005	-1
16.859392862078444	-1
16.863003777066837	-1
16.86661469205523	-1
16.870225607043622	-1
16.873836522032015	-1
16.877447437020408	-1
16.8810583520088	-1
16.884669266997193	-1
16.888280181985586	-1
16.89189109697398	-1
16.89550201196237	-1
16.899112926950764	-1
16.902723841939157	-1
16.90633475692755	-1
16.909945671915942	-1
16.913556586904335	-1
16.917167501892727	-1
16.92077841688112	-1
16.924389331869513	-1
16.928000246857906	-1
16.9316111618463	-1
16.93522207683469	-1
16.938832991823084	-1
16.942443906811476	-1
16.94605482179987	-1
16.949665736788262	-1
16.953276651776655	-1
16.953276651776655	2
16.956887566765047	-1
16.96049848175344	-1
16.964109396741833	-1
16.967720311730226	-1
16.97133122671862	-1
16.97494214170701	-1
16.97494214170701	2
16.978553056695404	-1
16.982163971683796	-1
16.98577488667219	-1
16.98577488667219	2
16.989385801660582	-1
16.992996716648975	-1
16.992996716648975	2
16.996607631637367	-1
16.996607631637367	2
17.00021854662576	-1
17.00021854662576	2
17.003829461614153	-1
17.007440376602545	-1
17.007440376602545	2
17.011051291590938	-1
17.011051291590938	2
17.01466220657933	-1
17.018273121567724	-1
17.018273121567724	2
17.021884036556116	-1
17.021884036556116	2
17.02549495154451	-1
17.029105866532902	-1
17.029105866532902	2
17.032716781521295	-1
17.036327696509687	-1
17.036327696509687	2
17.03993861149808	-1
17.03993861149808	2
17.043549526486473	-1
17.047160441474865	-1
17.050771356463258	-1
17.05438227145165	-1
17.057993186440044	-1
17.061604101428436	-1
17.06521501641683	-1
17.06882593140522	-1
17.072436846393614	-1
17.076047761382007	-1
17.0796586763704	-1
17.083269591358793	-1
17.086880506347185	-1
17.090491421335578	-1
17.090491421335578	2
17.09410233632397	-1
17.097713251312364	-1
17.097713251312364	2
17.097713251312364	2
17.101324166300756	-1
17.10493508128915	-1
17.10854599627754	-1
17.112156911265934	-1
17.115767826254327	-1
17.11937874124272	-1
17.122989656231113	-1
17.122989656231113	2
17.126600571219505	-1
17.130211486207898	-1
17.130211486207898	2
17.13382240119629	-1
17.13382240119629	2
17.13382240119629	2
17.137433316184683	-1
17.141044231173076	-1
17.14465514616147	-1
17.14826606114986	-1
17.151876976138254	-1
17.151876976138254	2
17.155487891126647	-1
17.15909880611504	-1
17.162709721103433	-1
17.166320636091825	-1
17.169931551080218	-1
17.169931551080218	2
17.17354246606861	-1
17.177153381057003	-1
17.177153381057003	2
17.177153381057003	2
17.180764296045396	-1
17.18437521103379	-1
17.18798612602218	-1
17.191597041010574	-1
17.195207955998967	-1
17.195207955998967	2
17.19881887098736	-1
17.19881887098736	2
17.202429785975752	-1
17.206040700964145	-1
17.209651615952538	-1
17.21326253094093	-1
17.21326253094093	2
17.216873445929323	-1
17.216873445929323	2
17.220484360917716	-1
17.22409527590611	-1
17.2277061908945	-1
17.231317105882894	-1
17.234928020871287	-1
17.23853893585968	-1
17.23853893585968	2
17.242149850848072	-1
17.245760765836465	-1
17.245760765836465	2
17.249371680824858	-1
17.249371680824858	2
17.25298259581325	-1
17.25298259581325	2
17.256593510801643	-1
17.260204425790036	-1
17.26381534077843	-1
17.26742625576682	-1
17.271037170755214	-1
17.274648085743607	-1
17.278259000732	-1
17.278259000732	2
17.281869915720392	-1
17.285480830708785	-1
17.289091745697178	-1
17.29270266068557	-1
17.29270266068557	2
17.296313575673963	-1
17.299924490662356	-1
17.30353540565075	-1
17.30714632063914	-1
17.310757235627534	-1
17.314368150615927	-1
17.31797906560432	-1
17.31797906560432	2
17.321589980592712	-1
17.325200895581105	-1
17.325200895581105	2
17.328811810569498	-1
17.33242272555789	-1
17.336033640546283	-1
17.339644555534676	-1
17.34325547052307	-1
17.34686638551146	-1
17.350477300499854	-1
17.354088215488247	-1
17.35769913047664	-1
17.35769913047664	2
17.361310045465032	-1
17.364920960453425	-1
17.368531875441818	-1
17.37214279043021	-1
17.375753705418603	-1
17.379364620406996	-1
17.38297553539539	-1
17.38658645038378	-1
17.390197365372174	-1
17.390197365372174	2
17.393808280360567	-1
17.393808280360567	2
17.393808280360567	2
17.39741919534896	-1
17.401030110337352	-1
17.404641025325745	-1
17.408251940314138	-1
17.408251940314138	2
17.408251940314138	2
17.41186285530253	-1
17.415473770290923	-1
17.419084685279316	-1
17.42269560026771	-1
17.4263065152561	-1
17.429917430244494	-1
17.433528345232887	-1
17.43713926022128	-1
17.440750175209672	-1
17.444361090198065	-1
17.447972005186458	-1
17.45158292017485	-1
17.455193835163243	-1
17.458804750151636	-1
17.46241566514003	-1
17.46602658012842	-1
17.469637495116814	-1
17.469637495116814	2
17.473248410105207	-1
17.4768593250936	-1
17.480470240081992	-1
17.484081155070385	-1
17.487692070058777	-1
17.49130298504717	-1
17.494913900035563	-1
17.498524815023956	-1
17.50213573001235	-1
17.50213573001235	2
17.50574664500074	-1
17.50574664500074	2
17.509357559989134	-1
17.509357559989134	2
17.512968474977527	-1
17.51657938996592	-1
17.520190304954312	-1
17.523801219942705	-1
17.527412134931097	-1
17.53102304991949	-1
17.534633964907883	-1
17.538244879896276	-1
17.54185579488467	-1
17.54185579488467	2
17.54546670987306	-1
17.549077624861454	-1
17.552688539849846	-1
17.55629945483824	-1
17.559910369826632	-1
17.563521284815025	-1
17.563521284815025	2
17.567132199803417	-1
17.567132199803417	2
17.57074311479181	-1
17.574354029780203	-1
17.574354029780203	2
17.577964944768596	-1
17.577964944768596	2
17.581575859756988	-1
17.58518677474538	-1
17.588797689733774	-1
17.592408604722166	-1
17.592408604722166	2
17.592408604722166	2
17.59601951971056	-1
17.59601951971056	2
17.599630434698952	-1
17.603241349687345	-1
17.606852264675737	-1
17.61046317966413	-1
17.614074094652523	-1
17.617685009640915	-1
17.621295924629308	-1
17.6249068396177	-1
17.628517754606094	-1
17.632128669594486	-1
17.63573958458288	-1
17.63935049957127	-1
17.63935049957127	2
17.642961414559664	-1
17.646572329548057	-1
17.65018324453645	-1
17.65018324453645	2
17.653794159524843	-1
17.657405074513235	-1
17.657405074513235	2
17.661015989501628	-1
17.661015989501628	2
17.66462690449002	-1
17.668237819478414	-1
17.671848734466806	-1
17.6754596494552	-1
17.67907056444359	-1
17.682681479431984	-1
17.682681479431984	2
17.686292394420377	-1
17.686292394420377	2
17.68990330940877	-1
17.693514224397163	-1
17.693514224397163	2
17.697125139385555	-1
17.700736054373948	-1
17.70434696936234	-1
17.707957884350733	-1
17.711568799339126	-1
17.71517971432752	-1
17.71879062931591	-1
17.71879062931591	2
17.722401544304304	-1
17.726012459292697	-1
17.726012459292697	2
17.72962337428109	-1
17.733234289269483	-1
17.736845204257875	-1
17.740456119246268	-1
17.74406703423466	-1
17.747677949223053	-1
17.747677949223053	2
17.751288864211446	-1
17.75489977919984	-1
17.75851069418823	-1
17.762121609176624	-1
17.765732524165017	-1
17.76934343915341	-1
17.772954354141802	-1
17.776565269130195	-1
17.780176184118588	-1
17.78378709910698	-1
17.787398014095373	-1
17.791008929083766	-1
17.79461984407216	-1
17.79823075906055	-1
17.801841674048944	-1
17.805452589037337	-1
17.80906350402573	-1
17.812674419014122	-1
17.816285334002515	-1
17.819896248990908	-1
17.819896248990908	2
17.8235071639793	-1
17.827118078967693	-1
17.830728993956086	-1
17.83433990894448	-1
17.83795082393287	-1
17.841561738921264	-1
17.845172653909657	-1
17.84878356889805	-1
17.84878356889805	2
17.852394483886442	-1
17.852394483886442	2
17.856005398874835	-1
17.859616313863228	-1
17.86322722885162	-1
17.866838143840013	-1
17.870449058828406	-1
17.8740599738168	-1
17.8740599738168	2
17.87767088880519	-1
17.881281803793584	-1
17.884892718781977	-1
17.884892718781977	2
17.88850363377037	-1
17.892114548758762	-1
17.895725463747155	-1
17.899336378735548	-1
17.90294729372394	-1
17.906558208712333	-1
17.906558208712333	2
17.910169123700726	-1
17.91378003868912	-1
17.91739095367751	-1
17.921001868665904	-1
17.921001868665904	2
17.924612783654297	-1
17.92822369864269	-1
17.931834613631082	-1
17.935445528619475	-1
17.935445528619475	2
17.935445528619475	2
17.939056443607868	-1
17.94266735859626	-1
17.946278273584653	-1
17.946278273584653	2
17.949889188573046	-1
17.95350010356144	-1
17.95711101854983	-1
17.95711101854983	2
17.960721933538224	-1
17.960721933538224	2
17.964332848526617	-1
17.96794376351501	-1
17.971554678503402	-1
17.975165593491795	-1
17.978776508480188	-1
17.98238742346858	-1
17.985998338456973	-1
17.989609253445366	-1
17.99322016843376	-1
17.99683108342215	-1
18.000441998410544	-1
18.004052913398937	-1
18.004052913398937	2
18.00766382838733	-1
18.011274743375722	-1
18.014885658364115	-1
18.014885658364115	2
18.018496573352508	-1
18.018496573352508	2
18.0221074883409	-1
18.025718403329293	-1
18.029329318317686	-1
18.03294023330608	-1
18.03655114829447	-1
18.03655114829447	2
18.03655114829447	2
18.040162063282864	-1
18.043772978271257	-1
18.043772978271257	2
18.04738389325965	-1
18.050994808248042	-1
18.054605723236435	-1
18.058216638224827	-1
18.06182755321322	-1
18.065438468201613	-1
18.069049383190006	-1
18.0726602981784	-1
18.07627121316679	-1
18.079882128155184	-1
18.083493043143577	-1
18.083493043143577	2
18.08710395813197	-1
18.08710395813197	2
18.090714873120362	-1
18.090714873120362	2
18.094325788108755	-1
18.094325788108755	2
18.097936703097147	-1
18.10154761808554	-1
18.105158533073933	-1
18.108769448062326	-1
18.11238036305072	-1
18.11599127803911	-1
18.119602193027504	-1
18.123213108015896	-1
18.12682402300429	-1
18.12682402300429	2
18.130434937992682	-1
18.134045852981075	-1
18.134045852981075	2
18.137656767969467	-1
18.14126768295786	-1
18.144878597946253	-1
18.148489512934646	-1
18.148489512934646	2
18.148489512934646	2
18.15210042792304	-1
18.15210042792304	2
18.15571134291143	-1
18.159322257899824	-1
18.162933172888216	-1
18.16654408787661	-1
18.170155002865002	-1
18.173765917853395	-1
18.177376832841787	-1
18.18098774783018	-1
18.184598662818573	-1
18.188209577806965	-1
18.188209577806965	2
18.191820492795358	-1
18.191820492795358	2
18.191820492795358	2
18.19543140778375	-1
18.199042322772144	-1
18.199042322772144	2
18.202653237760536	-1
18.20626415274893	-1
18.209875067737322	-1
18.213485982725715	-1
18.217096897714107	-1
18.2207078127025	-1
18.224318727690893	-1
18.227929642679285	-1
18.231540557667678	-1
18.23515147265607	-1
18.23515147265607	2
18.238762387644464	-1
18.238762387644464	2
18.238762387644464	2
18.242373302632856	-1
18.24598421762125	-1
18.24959513260964	-1
18.253206047598034	-1
18.256816962586427	-1
18.26042787757482	-1
18.264038792563213	-1
18.267649707551605	-1
18.271260622539998	-1
18.27487153752839	-1
18.27487153752839	2
18.278482452516783	-1
18.282093367505176	-1
18.28570428249357	-1
18.28931519748196	-1
18.292926112470354	-1
18.296537027458747	-1
18.30014794244714	-1
18.303758857435533	-1
18.307369772423925	-1
18.307369772423925	2
18.310980687412318	-1
18.310980687412318	2
18.31459160240071	-1
18.318202517389103	-1
18.321813432377496	-1
18.32542434736589	-1
18.32903526235428	-1
18.32903526235428	2
18.332646177342674	-1
18.336257092331067	-1
18.33986800731946	-1
18.343478922307852	-1
18.347089837296245	-1
18.347089837296245	2
18.350700752284638	-1
18.350700752284638	2
18.35431166727303	-1
18.357922582261423	-1
18.361533497249816	-1
18.361533497249816	2
18.36514441223821	-1
18.3687553272266	-1
18.372366242214994	-1
18.375977157203387	-1
18.37958807219178	-1
18.383198987180172	-1
18.386809902168565	-1
18.390420817156958	-1
18.39403173214535	-1
18.397642647133743	-1
18.397642647133743	2
18.401253562122136	-1
18.40486447711053	-1
18.40847539209892	-1
18.412086307087314	-1
18.415697222075707	-1
18.4193081370641	-1
18.422919052052492	-1
18.426529967040885	-1
18.426529967040885	2
18.430140882029278	-1
18.43375179701767	-1
18.437362712006063	-1
18.440973626994456	-1
18.440973626994456	2
18.44458454198285	-1
18.44819545697124	-1
18.44819545697124	2
18.451806371959634	-1
18.455417286948027	-1
18.45902820193642	-1
18.462639116924812	-1
18.466250031913205	-1
18.469860946901598	-1
18.469860946901598	2
18.47347186188999	-1
18.477082776878383	-1
18.480693691866776	-1
18.48430460685517	-1
18.48791552184356	-1
18.491526436831954	-1
18.495137351820347	-1
18.49874826680874	-1
18.502359181797132	-1
18.505970096785525	-1
18.509581011773918	-1
18.509581011773918	2
18.51319192676231	-1
18.516802841750703	-1
18.520413756739096	-1
18.52402467172749	-1
18.52763558671588	-1
18.531246501704274	-1
18.534857416692667	-1
18.534857416692667	2
18.53846833168106	-1
18.53846833168106	2
18.542079246669452	-1
18.542079246669452	2
18.545690161657845	-1
18.549301076646238	-1
18.55291199163463	-1
18.55291199163463	2
18.556522906623023	-1
18.560133821611416	-1
18.56374473659981	-1
18.5673556515882	-1
18.5673556515882	2
18.570966566576594	-1
18.574577481564987	-1
18.57818839655338	-1
18.57818839655338	2
18.57818839655338	2
18.581799311541772	-1
18.581799311541772	2
18.581799311541772	2
18.585410226530165	-1
18.589021141518558	-1
18.59263205650695	-1
18.596242971495343	-1
18.599853886483736	-1
18.60346480147213	-1
18.60707571646052	-1
18.610686631448914	-1
18.614297546437307	-1
18.6179084614257	-1
18.6179084614257	2
18.621519376414092	-1
18.621519376414092	2
18.625130291402485	-1
18.628741206390877	-1
18.63235212137927	-1
18.635963036367663	-1
18.639573951356056	-1
18.64318486634445	-1
18.64679578133284	-1
18.650406696321234	-1
18.650406696321234	2
18.654017611309627	-1
18.65762852629802	-1
18.661239441286412	-1
18.664850356274805	-1
18.668461271263197	-1
18.67207218625159	-1
18.675683101239983	-1
18.679294016228376	-1
18.68290493121677	-1
18.68651584620516	-1
18.690126761193554	-1
18.690126761193554	2
18.693737676181946	-1
18.693737676181946	2
18.693737676181946	2
18.69734859117034	-1
18.700959506158732	-1
18.704570421147125	-1
18.708181336135517	-1
18.71179225112391	-1
18.715403166112303	-1
18.719014081100696	-1
18.719014081100696	2
18.719014081100696	2
18.72262499608909	-1
18.72623591107748	-1
18.729846826065874	-1
18.733457741054266	-1
18.73706865604266	-1
18.73706865604266	2
18.740679571031052	-1
18.744290486019445	-1
18.747901401007837	-1
18.75151231599623	-1
18.755123230984623	-1
18.755123230984623	2
18.755123230984623	2
18.758734145973015	-1
18.762345060961408	-1
18.762345060961408	2
18.7659559759498	-1
18.769566890938194	-1
18.773177805926586	-1
18.773177805926586	2
18.77678872091498	-1
18.780399635903372	-1
18.784010550891765	-1
18.787621465880157	-1
18.79123238086855	-1
18.794843295856943	-1
18.798454210845335	-1
18.802065125833728	-1
18.80567604082212	-1
18.809286955810514	-1
18.812897870798906	-1
18.812897870798906	2
18.8165087857873	-1
18.82011970077569	-1
18.823730615764084	-1
18.827341530752477	-1
18.83095244574087	-1
18.83095244574087	2
18.83095244574087	2
18.834563360729263	-1
18.834563360729263	2
18.838174275717655	-1
18.838174275717655	2
18.841785190706048	-1
18.84539610569444	-1
18.84539610569444	2
18.849007020682834	-1
18.849007020682834	2
18.852617935671226	-1
18.85622885065962	-1
18.85622885065962	2
18.85983976564801	-1
18.863450680636404	-1
18.867061595624797	-1
18.87067251061319	-1
18.874283425601583	-1
18.877894340589975	-1
18.881505255578368	-1
18.88511617056676	-1
18.888727085555153	-1
18.892338000543546	-1
18.89594891553194	-1
18.89594891553194	2
18.89955983052033	-1
18.903170745508724	-1
18.906781660497117	-1
18.906781660497117	2
18.91039257548551	-1
18.91039257548551	2
18.914003490473903	-1
18.917614405462295	-1
18.921225320450688	-1
18.92483623543908	-1
18.928447150427473	-1
18.932058065415866	-1
18.93566898040426	-1
18.93566898040426	2
18.93927989539265	-1
18.942890810381044	-1
18.946501725369437	-1
18.946501725369437	2
18.95011264035783	-1
18.95011264035783	2
18.953723555346222	-1
18.953723555346222	2
18.957334470334615	-1
18.960945385323008	-1
18.9645563003114	-1
18.968167215299793	-1
18.971778130288186	-1
18.97538904527658	-1
18.97899996026497	-1
18.982610875253364	-1
18.986221790241757	-1
18.98983270523015	-1
18.98983270523015	2
18.993443620218542	-1
18.997054535206935	-1
19.000665450195328	-1
19.000665450195328	2
19.000665450195328	2
19.000665450195328	2
19.00427636518372	-1
19.007887280172113	-1
19.007887280172113	2
19.011498195160506	-1
19.0151091101489	-1
19.01872002513729	-1
19.01872002513729	2
19.022330940125684	-1
19.025941855114077	-1
19.02955277010247	-1
19.033163685090862	-1
19.033163685090862	2
19.036774600079255	-1
19.040385515067648	-1
19.04399643005604	-1
19.04399643005604	2
19.047607345044433	-1
19.051218260032826	-1
19.05482917502122	-1
19.05844009000961	-1
19.05844009000961	2
19.062051004998004	-1
19.065661919986397	-1
19.06927283497479	-1
19.072883749963182	-1
19.076494664951575	-1
19.080105579939968	-1
19.08371649492836	-1
19.087327409916753	-1
19.090938324905146	-1
19.090938324905146	2
19.09454923989354	-1
19.09816015488193	-1
19.101771069870324	-1
19.101771069870324	2
19.101771069870324	2
19.105381984858717	-1
19.105381984858717	2
19.10899289984711	-1
19.112603814835502	-1
19.116214729823895	-1
19.119825644812288	-1
19.12343655980068	-1
19.12343655980068	2
19.127047474789073	-1
19.130658389777466	-1
19.13426930476586	-1
19.13426930476586	2
19.13788021975425	-1
19.141491134742644	-1
19.145102049731037	-1
19.14871296471943	-1
19.152323879707822	-1
19.155934794696215	-1
19.159545709684608	-1
19.159545709684608	2
19.163156624673	-1
19.166767539661393	-1
19.170378454649786	-1
19.17398936963818	-1
19.17398936963818	2
19.17760028462657	-1
19.181211199614964	-1
19.184822114603357	-1
19.18843302959175	-1
19.192043944580142	-1
19.195654859568535	-1
19.199265774556928	-1
19.199265774556928	2
19.20287668954532	-1
19.206487604533713	-1
19.206487604533713	2
19.206487604533713	2
19.210098519522106	-1
19.2137094345105	-1
19.2137094345105	2
19.21732034949889	-1
19.220931264487284	-1
19.224542179475677	-1
19.22815309446407	-1
19.231764009452462	-1
19.235374924440855	-1
19.238985839429247	-1
19.238985839429247	2
19.24259675441764	-1
19.246207669406033	-1
19.249818584394426	-1
19.25342949938282	-1
19.25704041437121	-1
19.260651329359604	-1
19.264262244347996	-1
19.26787315933639	-1
19.271484074324782	-1
19.275094989313175	-1
19.278705904301567	-1
19.28231681928996	-1
19.285927734278353	-1
19.289538649266746	-1
19.29314956425514	-1
19.29676047924353	-1
19.300371394231924	-1
19.300371394231924	2
19.303982309220316	-1
19.30759322420871	-1
19.311204139197102	-1
19.314815054185495	-1
19.318425969173887	-1
19.32203688416228	-1
19.325647799150673	-1
19.325647799150673	2
19.329258714139065	-1
19.332869629127458	-1
19.33648054411585	-1
19.340091459104244	-1
19.343702374092636	-1
19.34731328908103	-1
19.350924204069422	-1
19.354535119057815	-1
19.358146034046207	-1
19.3617569490346	-1
19.365367864022993	-1
19.368978779011385	-1
19.368978779011385	2
19.372589693999778	-1
19.37620060898817	-1
19.379811523976564	-1
19.379811523976564	2
19.383422438964956	-1
19.38703335395335	-1
19.39064426894174	-1
19.394255183930134	-1
19.397866098918527	-1
19.40147701390692	-1
19.405087928895313	-1
19.405087928895313	2
19.408698843883705	-1
19.412309758872098	-1
19.412309758872098	2
19.41592067386049	-1
19.419531588848884	-1
19.423142503837276	-1
19.42675341882567	-1
19.42675341882567	2
19.42675341882567	2
19.43036433381406	-1
19.433975248802454	-1
19.437586163790847	-1
19.437586163790847	2
19.44119707877924	-1
19.444807993767633	-1
19.448418908756025	-1
19.452029823744418	-1
19.45564073873281	-1
19.459251653721203	-1
19.462862568709596	-1
19.46647348369799	-1
19.47008439868638	-1
19.473695313674774	-1
19.477306228663167	-1
19.48091714365156	-1
19.484528058639953	-1
19.484528058639953	2
19.488138973628345	-1
19.491749888616738	-1
19.49536080360513	-1
19.498971718593523	-1
19.498971718593523	2
19.502582633581916	-1
19.50619354857031	-1
19.5098044635587	-1
19.513415378547094	-1
19.517026293535487	-1
19.52063720852388	-1
19.52063720852388	2
19.524248123512272	-1
19.527859038500665	-1
19.531469953489058	-1
19.531469953489058	2
19.53508086847745	-1
19.53508086847745	2
19.538691783465843	-1
19.542302698454236	-1
19.54591361344263	-1
19.54952452843102	-1
19.553135443419414	-1
19.556746358407807	-1
19.5603572733962	-1
19.5603572733962	2
19.563968188384592	-1
19.567579103372985	-1
19.571190018361378	-1
19.57480093334977	-1
19.578411848338163	-1
19.582022763326556	-1
19.58563367831495	-1
19.58563367831495	2
19.58924459330334	-1
19.592855508291734	-1
19.596466423280127	-1
19.60007733826852	-1
19.60007733826852	2
19.603688253256912	-1
19.607299168245305	-1
19.607299168245305	2
19.610910083233698	-1
19.61452099822209	-1
19.61452099822209	2
19.618131913210483	-1
19.618131913210483	2
19.621742828198876	-1
19.62535374318727	-1
19.62896465817566	-1
19.632575573164054	-1
19.636186488152447	-1
19.636186488152447	2
19.63979740314084	-1
19.643408318129232	-1
19.643408318129232	2
19.647019233117625	-1
19.650630148106018	-1
19.650630148106018	2
19.65424106309441	-1
19.657851978082803	-1
19.661462893071196	-1
19.66507380805959	-1
19.66868472304798	-1
19.66868472304798	2
19.672295638036374	-1
19.675906553024767	-1
19.67951746801316	-1
19.683128383001552	-1
19.686739297989945	-1
19.690350212978338	-1
19.69396112796673	-1
19.697572042955123	-1
19.701182957943516	-1
19.70479387293191	-1
19.7084047879203	-1
19.7084047879203	2
19.712015702908694	-1
19.715626617897087	-1
19.71923753288548	-1
19.71923753288548	2
19.722848447873872	-1
19.726459362862265	-1
19.726459362862265	2
19.730070277850658	-1
19.73368119283905	-1
19.73368119283905	2
19.737292107827443	-1
19.740903022815836	-1
19.74451393780423	-1
19.74812485279262	-1
19.751735767781014	-1
19.755346682769407	-1
19.7589575977578	-1
19.762568512746192	-1
19.766179427734585	-1
19.769790342722978	-1
19.77340125771137	-1
19.777012172699763	-1
19.780623087688156	-1
19.780623087688156	2
19.78423400267655	-1
19.78423400267655	2
19.78784491766494	-1
19.791455832653334	-1
19.791455832653334	2
19.795066747641727	-1
19.795066747641727	2
19.79867766263012	-1
19.802288577618512	-1
19.805899492606905	-1
19.809510407595297	-1
19.809510407595297	2
19.81312132258369	-1
19.81312132258369	2
19.81312132258369	2
19.816732237572083	-1
19.816732237572083	2
19.820343152560476	-1
19.82395406754887	-1
19.82756498253726	-1
19.831175897525654	-1
19.834786812514047	-1
19.834786812514047	2
19.83839772750244	-1
19.842008642490832	-1
19.845619557479225	-1
19.849230472467617	-1
19.85284138745601	-1
19.856452302444403	-1
19.860063217432796	-1
19.860063217432796	2
19.86367413242119	-1
19.86728504740958	-1
19.86728504740958	2
19.870895962397974	-1
19.874506877386366	-1
19.87811779237476	-1
19.881728707363152	-1
19.881728707363152	2
19.885339622351545	-1
19.885339622351545	2
19.888950537339937	-1
19.888950537339937	2
19.89256145232833	-1
19.896172367316723	-1
19.899783282305116	-1
19.899783282305116	2
19.90339419729351	-1
19.9070051122819	-1
19.910616027270294	-1
19.914226942258686	-1
19.91783785724708	-1
19.921448772235472	-1
19.925059687223865	-1
19.925059687223865	2
19.928670602212257	-1
19.93228151720065	-1
19.935892432189043	-1
19.939503347177435	-1
19.943114262165828	-1
19.943114262165828	2
19.94672517715422	-1
19.950336092142614	-1
19.953947007131006	-1
19.9575579221194	-1
19.96116883710779	-1
19.96116883710779	2
19.964779752096184	-1
19.968390667084577	-1
19.968390667084577	2
19.97200158207297	-1
19.975612497061363	-1
19.979223412049755	-1
19.982834327038148	-1
19.98644524202654	-1
19.990056157014934	-1
19.993667072003326	-1
19.993667072003326	2
19.99727798699172	-1
20.00088890198011	-1
20.00088890198011	2
20.004499816968504	-1
20.008110731956897	-1
20.01172164694529	-1
20.015332561933683	-1
20.015332561933683	2
20.018943476922075	-1
20.022554391910468	-1
20.02616530689886	-1
20.02616530689886	2
20.029776221887253	-1
20.033387136875646	-1
20.03699805186404	-1
20.04060896685243	-1
20.044219881840824	-1
20.047830796829217	-1
20.05144171181761	-1
20.05144171181761	2
20.055052626806003	-1
20.058663541794395	-1
20.062274456782788	-1
20.06588537177118	-1
20.069496286759573	-1
20.073107201747966	-1
20.07671811673636	-1
20.07671811673636	2
20.08032903172475	-1
20.083939946713144	-1
20.083939946713144	2
20.087550861701537	-1
20.09116177668993	-1
20.094772691678322	-1
20.098383606666715	-1
20.101994521655108	-1
20.1056054366435	-1
20.109216351631893	-1
20.112827266620286	-1
20.11643818160868	-1
20.11643818160868	2
20.12004909659707	-1
20.123660011585464	-1
20.127270926573857	-1
20.127270926573857	2
20.13088184156225	-1
20.134492756550642	-1
20.138103671539035	-1
20.141714586527428	-1
20.14532550151582	-1
20.148936416504213	-1
20.152547331492606	-1
20.156158246481	-1
20.15976916146939	-1
20.163380076457784	-1
20.166990991446177	-1
20.17060190643457	-1
20.174212821422962	-1
20.177823736411355	-1
20.181434651399748	-1
20.18504556638814	-1
20.188656481376533	-1
20.192267396364926	-1
20.192267396364926	2
20.19587831135332	-1
20.19587831135332	2
20.19948922634171	-1
20.203100141330104	-1
20.206711056318497	-1
20.21032197130689	-1
20.21032197130689	2
20.21032197130689	2
20.213932886295282	-1
20.213932886295282	2
20.217543801283675	-1
20.221154716272068	-1
20.22476563126046	-1
20.228376546248853	-1
20.231987461237246	-1
20.23559837622564	-1
20.23920929121403	-1
20.242820206202424	-1
20.242820206202424	2
20.246431121190817	-1
20.25004203617921	-1
20.253652951167602	-1
20.253652951167602	2
20.257263866155995	-1
20.257263866155995	2
20.260874781144388	-1
20.26448569613278	-1
20.26448569613278	2
20.268096611121173	-1
20.271707526109566	-1
20.27531844109796	-1
20.27892935608635	-1
20.282540271074744	-1
20.286151186063137	-1
20.28976210105153	-1
20.293373016039922	-1
20.296983931028315	-1
20.296983931028315	2
20.300594846016708	-1
20.3042057610051	-1
20.307816675993493	-1
20.311427590981886	-1
20.31503850597028	-1
20.31864942095867	-1
20.322260335947064	-1
20.322260335947064	2
20.325871250935457	-1
20.32948216592385	-1
20.333093080912242	-1
20.336703995900635	-1
20.340314910889028	-1
20.34392582587742	-1
20.34392582587742	2
20.347536740865813	-1
20.347536740865813	2
20.347536740865813	2
20.351147655854206	-1
20.351147655854206	2
20.3547585708426	-1
20.35836948583099	-1
20.361980400819384	-1
20.365591315807777	-1
20.36920223079617	-1
20.372813145784562	-1
20.372813145784562	2
20.372813145784562	2
20.376424060772955	-1
20.380034975761347	-1
20.38364589074974	-1
20.38364589074974	2
20.387256805738133	-1
20.390867720726526	-1
20.390867720726526	2
20.39447863571492	-1
20.39808955070331	-1
20.401700465691704	-1
20.401700465691704	2
20.405311380680097	-1
20.40892229566849	-1
20.40892229566849	2
20.412533210656882	-1
20.416144125645275	-1
20.419755040633667	-1
20.419755040633667	2
20.42336595562206	-1
20.426976870610453	-1
20.430587785598846	-1
20.430587785598846	2
20.43419870058724	-1
20.43419870058724	2
20.43780961557563	-1
20.441420530564024	-1
20.445031445552416	-1
20.44864236054081	-1
20.452253275529202	-1
20.455864190517595	-1
20.455864190517595	2
20.459475105505987	-1
20.46308602049438	-1
20.466696935482773	-1
20.470307850471166	-1
20.470307850471166	2
20.47391876545956	-1
20.47752968044795	-1
20.481140595436344	-1
20.481140595436344	2
20.484751510424736	-1
20.48836242541313	-1
20.491973340401522	-1
20.495584255389915	-1
20.499195170378307	-1
20.5028060853667	-1
20.506417000355093	-1
20.506417000355093	2
20.510027915343485	-1
20.513638830331878	-1
20.51724974532027	-1
20.520860660308664	-1
20.524471575297056	-1
20.52808249028545	-1
20.52808249028545	2
20.531693405273842	-1
20.535304320262235	-1
20.538915235250627	-1
20.538915235250627	2
20.54252615023902	-1
20.546137065227413	-1
20.549747980215805	-1
20.553358895204198	-1
20.55696981019259	-1
20.560580725180984	-1
20.564191640169376	-1
20.56780255515777	-1
20.57141347014616	-1
20.575024385134554	-1
20.575024385134554	2
20.575024385134554	2
20.578635300122947	-1
20.58224621511134	-1
20.585857130099733	-1
20.589468045088125	-1
20.593078960076518	-1
20.59668987506491	-1
20.600300790053304	-1
20.600300790053304	2
20.603911705041696	-1
20.60752262003009	-1
20.61113353501848	-1
20.614744450006874	-1
20.618355364995267	-1
20.62196627998366	-1
20.625577194972053	-1
20.629188109960445	-1
20.632799024948838	-1
20.632799024948838	2
20.63640993993723	-1
20.640020854925623	-1
20.643631769914016	-1
20.64724268490241	-1
20.6508535998908	-1
20.654464514879194	-1
20.658075429867587	-1
20.66168634485598	-1
20.665297259844372	-1
20.668908174832765	-1
20.672519089821158	-1
20.672519089821158	2
20.67613000480955	-1
20.67613000480955	2
20.679740919797943	-1
20.683351834786336	-1
20.68696274977473	-1
20.69057366476312	-1
20.694184579751514	-1
20.697795494739907	-1
20.7014064097283	-1
20.705017324716692	-1
20.708628239705085	-1
20.708628239705085	2
20.712239154693478	-1
20.71585006968187	-1
20.71585006968187	2
20.719460984670263	-1
20.723071899658656	-1
20.72668281464705	-1
20.73029372963544	-1
20.733904644623834	-1
20.737515559612227	-1
20.74112647460062	-1
20.74112647460062	2
20.744737389589012	-1
20.748348304577405	-1
20.751959219565798	-1
20.75557013455419	-1
20.759181049542583	-1
20.762791964530976	-1
20.76640287951937	-1
20.76640287951937	2
20.76640287951937	2
20.77001379450776	-1
20.77001379450776	2
20.773624709496154	-1
20.777235624484547	-1
20.777235624484547	2
20.78084653947294	-1
20.784457454461332	-1
20.788068369449725	-1
20.791679284438118	-1
20.79529019942651	-1
20.798901114414903	-1
20.798901114414903	2
20.802512029403296	-1
20.802512029403296	2
20.802512029403296	2
20.80612294439169	-1
20.80973385938008	-1
20.80973385938008	2
20.813344774368474	-1
20.816955689356867	-1
20.82056660434526	-1
20.824177519333652	-1
20.827788434322045	-1
20.827788434322045	2
20.831399349310438	-1
20.83501026429883	-1
20.838621179287223	-1
20.842232094275616	-1
20.842232094275616	2
20.84584300926401	-1
20.8494539242524	-1
20.853064839240794	-1
20.856675754229187	-1
20.86028666921758	-1
20.86028666921758	2
20.863897584205972	-1
20.867508499194365	-1
20.867508499194365	2
20.867508499194365	2
20.871119414182758	-1
20.87473032917115	-1
20.878341244159543	-1
20.881952159147936	-1
20.88556307413633	-1
20.88917398912472	-1
20.892784904113114	-1
20.896395819101507	-1
20.896395819101507	2
20.896395819101507	2
20.9000067340899	-1
20.9000067340899	2
20.903617649078292	-1
20.907228564066685	-1
20.910839479055078	-1
20.91445039404347	-1
20.918061309031863	-1
20.921672224020256	-1
20.92528313900865	-1
20.92889405399704	-1
20.932504968985434	-1
20.936115883973827	-1
20.93972679896222	-1
20.943337713950612	-1
20.946948628939005	-1
20.950559543927397	-1
20.950559543927397	2
20.95417045891579	-1
20.95417045891579	2
20.957781373904183	-1
20.957781373904183	2
20.961392288892576	-1
20.961392288892576	2
20.96500320388097	-1
20.96861411886936	-1
20.972225033857754	-1
20.975835948846147	-1
20.975835948846147	2
20.97944686383454	-1
20.97944686383454	2
20.983057778822932	-1
20.986668693811325	-1
20.990279608799717	-1
20.990279608799717	2
20.99389052378811	-1
20.997501438776503	-1
21.001112353764896	-1
21.00472326875329	-1
21.00833418374168	-1
21.011945098730074	-1
21.015556013718466	-1
21.015556013718466	2
21.01916692870686	-1
21.022777843695252	-1
21.026388758683645	-1
21.026388758683645	2
21.029999673672037	-1
21.029999673672037	2
21.03361058866043	-1
21.037221503648823	-1
21.040832418637216	-1
21.04444333362561	-1
21.048054248614	-1
21.048054248614	2
21.051665163602394	-1
21.051665163602394	2
21.055276078590786	-1
21.05888699357918	-1
21.05888699357918	2
21.062497908567572	-1
21.066108823555965	-1
21.069719738544357	-1
21.07333065353275	-1
21.076941568521143	-1
21.080552483509535	-1
21.084163398497928	-1
21.08777431348632	-1
21.091385228474714	-1
21.091385228474714	2
21.094996143463106	-1
21.0986070584515	-1
21.0986070584515	2
21.102217973439892	-1
21.105828888428285	-1
21.109439803416677	-1
21.11305071840507	-1
21.116661633393463	-1
21.116661633393463	2
21.120272548381855	-1
21.120272548381855	2
21.123883463370248	-1
21.123883463370248	2
21.12749437835864	-1
21.131105293347034	-1
21.134716208335426	-1
21.13832712332382	-1
21.14193803831221	-1
21.145548953300604	-1
21.149159868288997	-1
21.149159868288997	2
21.15277078327739	-1
21.156381698265783	-1
21.159992613254175	-1
21.159992613254175	2
21.159992613254175	2
21.163603528242568	-1
21.16721444323096	-1
21.170825358219354	-1
21.174436273207746	-1
21.17804718819614	-1
21.17804718819614	2
21.18165810318453	-1
21.185269018172924	-1
21.188879933161317	-1
21.188879933161317	2
21.188879933161317	2
21.19249084814971	-1
21.19249084814971	2
21.196101763138103	-1
21.199712678126495	-1
21.203323593114888	-1
21.203323593114888	2
21.20693450810328	-1
21.210545423091673	-1
21.214156338080066	-1
21.21776725306846	-1
21.22137816805685	-1
21.224989083045244	-1
21.228599998033637	-1
21.23221091302203	-1
21.235821828010423	-1
21.239432742998815	-1
21.243043657987208	-1
21.2466545729756	-1
21.250265487963993	-1
21.253876402952386	-1
21.25748731794078	-1
21.26109823292917	-1
21.26109823292917	2
21.26109823292917	2
21.264709147917564	-1
21.268320062905957	-1
21.27193097789435	-1
21.275541892882742	-1
21.279152807871135	-1
21.282763722859528	-1
21.28637463784792	-1
21.289985552836313	-1
21.293596467824706	-1
21.2972073828131	-1
21.30081829780149	-1
21.304429212789884	-1
21.308040127778277	-1
21.31165104276667	-1
21.315261957755062	-1
21.318872872743455	-1
21.322483787731848	-1
21.322483787731848	2
21.32609470272024	-1
21.329705617708633	-1
21.333316532697026	-1
21.33692744768542	-1
21.34053836267381	-1
21.344149277662204	-1
21.347760192650597	-1
21.35137110763899	-1
21.354982022627382	-1
21.358592937615775	-1
21.362203852604168	-1
21.362203852604168	2
21.36581476759256	-1
21.369425682580953	-1
21.373036597569346	-1
21.37664751255774	-1
21.38025842754613	-1
21.38025842754613	2
21.383869342534524	-1
21.383869342534524	2
21.387480257522917	-1
21.39109117251131	-1
21.39109117251131	2
21.394702087499702	-1
21.398313002488095	-1
21.401923917476488	-1
21.40553483246488	-1
21.409145747453273	-1
21.409145747453273	2
21.412756662441666	-1
21.41636757743006	-1
21.41636757743006	2
21.41997849241845	-1
21.423589407406844	-1
21.427200322395237	-1
21.43081123738363	-1
21.43081123738363	2
21.434422152372022	-1
21.438033067360415	-1
21.441643982348808	-1
21.441643982348808	2
21.4452548973372	-1
21.448865812325593	-1
21.452476727313986	-1
21.45608764230238	-1
21.45969855729077	-1
21.463309472279164	-1
21.463309472279164	2
21.466920387267557	-1
21.47053130225595	-1
21.474142217244342	-1
21.474142217244342	2
21.477753132232735	-1
21.481364047221128	-1
21.48497496220952	-1
21.488585877197913	-1
21.488585877197913	2
21.492196792186306	-1
21.4958077071747	-1
21.4958077071747	2
21.49941862216309	-1
21.503029537151484	-1
21.503029537151484	2
21.506640452139877	-1
21.51025136712827	-1
21.51025136712827	2
21.513862282116662	-1
21.517473197105055	-1
21.521084112093448	-1
21.521084112093448	2
21.52469502708184	-1
21.528305942070233	-1
21.528305942070233	2
21.531916857058626	-1
21.531916857058626	2
21.53552777204702	-1
21.53913868703541	-1
21.542749602023804	-1
21.546360517012197	-1
21.546360517012197	2
21.54997143200059	-1
21.553582346988982	-1
21.557193261977375	-1
21.557193261977375	2
21.560804176965767	-1
21.56441509195416	-1
21.56441509195416	2
21.568026006942553	-1
21.571636921930946	-1
21.57524783691934	-1
21.57885875190773	-1
21.582469666896124	-1
21.582469666896124	2
21.586080581884517	-1
21.58969149687291	-1
21.593302411861302	-1
21.593302411861302	2
21.596913326849695	-1
21.600524241838087	-1
21.600524241838087	2
21.60413515682648	-1
21.607746071814873	-1
21.607746071814873	2
21.611356986803266	-1
21.61496790179166	-1
21.61496790179166	2
21.61496790179166	2
21.61857881678005	-1
21.622189731768444	-1
21.625800646756836	-1
21.625800646756836	2
21.62941156174523	-1
21.633022476733622	-1
21.636633391722015	-1
21.640244306710407	-1
21.6438552216988	-1
21.6438552216988	2
21.647466136687193	-1
21.651077051675585	-1
21.654687966663978	-1
21.65829888165237	-1
21.661909796640764	-1
21.665520711629156	-1
21.665520711629156	2
21.66913162661755	-1
21.672742541605942	-1
21.676353456594335	-1
21.679964371582727	-1
21.68357528657112	-1
21.687186201559513	-1
21.690797116547905	-1
21.694408031536298	-1
21.69801894652469	-1
21.701629861513084	-1
21.705240776501476	-1
21.70885169148987	-1
21.71246260647826	-1
21.716073521466654	-1
21.719684436455047	-1
21.72329535144344	-1
21.726906266431833	-1
21.730517181420225	-1
21.734128096408618	-1
21.734128096408618	2
21.73773901139701	-1
21.741349926385404	-1
21.744960841373796	-1
21.744960841373796	2
21.74857175636219	-1
21.75218267135058	-1
21.755793586338974	-1
21.759404501327367	-1
21.76301541631576	-1
21.766626331304153	-1
21.770237246292545	-1
21.770237246292545	2
21.773848161280938	-1
21.77745907626933	-1
21.77745907626933	2
21.781069991257723	-1
21.784680906246116	-1
21.784680906246116	2
21.78829182123451	-1
21.78829182123451	2
21.7919027362229	-1
21.7919027362229	2
21.795513651211294	-1
21.799124566199687	-1
21.80273548118808	-1
21.806346396176473	-1
21.809957311164865	-1
21.813568226153258	-1
21.81717914114165	-1
21.820790056130043	-1
21.824400971118436	-1
21.82801188610683	-1
21.83162280109522	-1
21.83162280109522	2
21.835233716083614	-1
21.838844631072007	-1
21.8424555460604	-1
21.846066461048792	-1
21.849677376037185	-1
21.853288291025578	-1
21.85689920601397	-1
21.860510121002363	-1
21.864121035990756	-1
21.86773195097915	-1
21.87134286596754	-1
21.874953780955934	-1
21.878564695944327	-1
21.88217561093272	-1
21.885786525921112	-1
21.889397440909505	-1
21.893008355897898	-1
21.89661927088629	-1
21.900230185874683	-1
21.900230185874683	2
21.903841100863076	-1
21.90745201585147	-1
21.90745201585147	2
21.91106293083986	-1
21.914673845828254	-1
21.918284760816647	-1
21.92189567580504	-1
21.925506590793432	-1
21.929117505781825	-1
21.932728420770218	-1
21.93633933575861	-1
21.93633933575861	2
21.93633933575861	2
21.939950250747003	-1
21.943561165735396	-1
21.943561165735396	2
21.94717208072379	-1
21.95078299571218	-1
21.95078299571218	2
21.954393910700574	-1
21.954393910700574	2
21.958004825688967	-1
21.96161574067736	-1
21.96161574067736	2
21.965226655665752	-1
21.968837570654145	-1
21.968837570654145	2
21.972448485642538	-1
21.97605940063093	-1
21.979670315619323	-1
21.983281230607716	-1
21.98689214559611	-1
21.9905030605845	-1
21.994113975572894	-1
21.997724890561287	-1
22.00133580554968	-1
22.004946720538072	-1
22.008557635526465	-1
22.012168550514858	-1
22.01577946550325	-1
22.019390380491643	-1
22.023001295480036	-1
22.02661221046843	-1
22.03022312545682	-1
22.033834040445214	-1
22.037444955433607	-1
22.041055870422	-1
22.041055870422	2
22.041055870422	2
22.044666785410392	-1
22.048277700398785	-1
22.051888615387178	-1
22.05549953037557	-1
22.05549953037557	2
22.059110445363963	-1
22.062721360352356	-1
22.06633227534075	-1
22.06994319032914	-1
22.073554105317534	-1
22.077165020305927	-1
22.08077593529432	-1
22.084386850282712	-1
22.087997765271105	-1
22.091608680259498	-1
22.09521959524789	-1
22.098830510236283	-1
22.102441425224676	-1
22.10605234021307	-1
22.10966325520146	-1
22.113274170189854	-1
22.113274170189854	2
22.116885085178247	-1
22.12049600016664	-1
22.124106915155032	-1
22.124106915155032	2
22.127717830143425	-1
22.131328745131817	-1
22.13493966012021	-1
22.138550575108603	-1
22.142161490096996	-1
22.14577240508539	-1
22.14938332007378	-1
22.152994235062174	-1
22.156605150050567	-1
22.156605150050567	2
22.16021606503896	-1
22.163826980027352	-1
22.163826980027352	2
22.167437895015745	-1
22.171048810004137	-1
22.17465972499253	-1
22.178270639980923	-1
22.181881554969316	-1
22.181881554969316	2
22.18549246995771	-1
22.1891033849461	-1
22.192714299934494	-1
22.196325214922886	-1
22.19993612991128	-1
22.19993612991128	2
22.203547044899672	-1
22.203547044899672	2
22.207157959888065	-1
22.210768874876457	-1
22.21437978986485	-1
22.21437978986485	2
22.21437978986485	2
22.21437978986485	2
22.217990704853243	-1
22.221601619841636	-1
22.22521253483003	-1
22.22882344981842	-1
22.232434364806814	-1
22.236045279795206	-1
22.236045279795206	2
22.2396561947836	-1
22.243267109771992	-1
22.246878024760385	-1
22.250488939748777	-1
22.25409985473717	-1
22.257710769725563	-1
22.257710769725563	2
22.257710769725563	2
22.261321684713955	-1
22.264932599702348	-1
22.26854351469074	-1
22.272154429679134	-1
22.272154429679134	2
22.275765344667526	-1
22.275765344667526	2
22.27937625965592	-1
22.282987174644312	-1
22.286598089632705	-1
22.290209004621097	-1
22.29381991960949	-1
22.297430834597883	-1
22.301041749586275	-1
22.304652664574668	-1
22.304652664574668	2
22.30826357956306	-1
22.311874494551454	-1
22.311874494551454	2
22.315485409539846	-1
22.315485409539846	2
22.31909632452824	-1
22.31909632452824	2
22.32270723951663	-1
22.32270723951663	2
22.326318154505024	-1
22.326318154505024	2
22.329929069493417	-1
22.33353998448181	-1
22.337150899470203	-1
22.340761814458595	-1
22.344372729446988	-1
22.344372729446988	2
22.344372729446988	2
22.34798364443538	-1
22.34798364443538	2
22.351594559423773	-1
22.351594559423773	2
22.355205474412166	-1
22.35881638940056	-1
22.36242730438895	-1
22.366038219377344	-1
22.369649134365737	-1
22.37326004935413	-1
22.376870964342523	-1
22.380481879330915	-1
22.384092794319308	-1
22.3877037093077	-1
22.391314624296093	-1
22.394925539284486	-1
22.39853645427288	-1
22.40214736926127	-1
22.40214736926127	2
22.405758284249664	-1
22.409369199238057	-1
22.41298011422645	-1
22.416591029214842	-1
22.420201944203235	-1
22.423812859191628	-1
22.423812859191628	2
22.42742377418002	-1
22.431034689168413	-1
22.434645604156806	-1
22.434645604156806	2
22.4382565191452	-1
22.44186743413359	-1
22.445478349121984	-1
22.449089264110377	-1
22.45270017909877	-1
22.456311094087162	-1
22.459922009075555	-1
22.463532924063948	-1
22.46714383905234	-1
22.470754754040733	-1
22.470754754040733	2
22.474365669029126	-1
22.474365669029126	2
22.47797658401752	-1
22.48158749900591	-1
22.485198413994304	-1
22.488809328982697	-1
22.49242024397109	-1
22.496031158959482	-1
22.499642073947875	-1
22.503252988936268	-1
22.50686390392466	-1
22.50686390392466	2
22.510474818913053	-1
22.510474818913053	2
22.514085733901446	-1
22.51769664888984	-1
22.51769664888984	2
22.52130756387823	-1
22.52130756387823	2
22.524918478866624	-1
22.528529393855017	-1
22.53214030884341	-1
22.535751223831802	-1
22.539362138820195	-1
22.542973053808588	-1
22.54658396879698	-1
22.550194883785373	-1
22.553805798773766	-1
22.55741671376216	-1
22.56102762875055	-1
22.56102762875055	2
22.564638543738944	-1
22.568249458727337	-1
22.568249458727337	2
22.568249458727337	2
22.57186037371573	-1
22.575471288704122	-1
22.579082203692515	-1
22.582693118680908	-1
22.5863040336693	-1
22.589914948657693	-1
22.593525863646086	-1
22.59713677863448	-1
22.59713677863448	2
22.60074769362287	-1
22.604358608611264	-1
22.607969523599657	-1
22.61158043858805	-1
22.61158043858805	2
22.615191353576442	-1
22.618802268564835	-1
22.622413183553228	-1
22.622413183553228	2
22.62602409854162	-1
22.629635013530013	-1
22.633245928518406	-1
22.6368568435068	-1
22.64046775849519	-1
22.644078673483584	-1
22.647689588471977	-1
22.65130050346037	-1
22.65130050346037	2
22.654911418448762	-1
22.658522333437155	-1
22.662133248425548	-1
22.66574416341394	-1
22.669355078402333	-1
22.672965993390726	-1
22.67657690837912	-1
22.68018782336751	-1
22.683798738355904	-1
22.687409653344297	-1
22.69102056833269	-1
22.694631483321082	-1
22.698242398309475	-1
22.701853313297867	-1
22.701853313297867	2
22.70546422828626	-1
22.709075143274653	-1
22.712686058263046	-1
22.71629697325144	-1
22.71990788823983	-1
22.71990788823983	2
22.723518803228224	-1
22.727129718216617	-1
22.73074063320501	-1
22.73074063320501	2
22.734351548193402	-1
22.737962463181795	-1
22.737962463181795	2
22.741573378170187	-1
22.74518429315858	-1
22.748795208146973	-1
22.748795208146973	2
22.752406123135366	-1
22.75601703812376	-1
22.75962795311215	-1
22.763238868100544	-1
22.763238868100544	2
22.766849783088936	-1
22.766849783088936	2
22.77046069807733	-1
22.774071613065722	-1
22.777682528054115	-1
22.781293443042507	-1
22.781293443042507	2
22.7849043580309	-1
22.788515273019293	-1
22.792126188007686	-1
22.792126188007686	2
22.79573710299608	-1
22.79934801798447	-1
22.802958932972864	-1
22.802958932972864	2
22.806569847961256	-1
22.81018076294965	-1
22.813791677938042	-1
22.813791677938042	2
22.817402592926435	-1
22.821013507914827	-1
22.82462442290322	-1
22.828235337891613	-1
22.828235337891613	2
22.831846252880005	-1
22.835457167868398	-1
22.83906808285679	-1
22.842678997845184	-1
22.846289912833576	-1
22.84990082782197	-1
22.853511742810362	-1
22.853511742810362	2
22.857122657798755	-1
22.860733572787147	-1
22.86434448777554	-1
22.867955402763933	-1
22.867955402763933	2
22.871566317752325	-1
22.871566317752325	2
22.875177232740718	-1
22.875177232740718	2
22.87878814772911	-1
22.882399062717504	-1
22.886009977705896	-1
22.88962089269429	-1
22.89323180768268	-1
22.89323180768268	2
22.896842722671074	-1
22.896842722671074	2
22.900453637659467	-1
22.900453637659467	2
22.90406455264786	-1
22.90406455264786	2
22.907675467636253	-1
22.911286382624645	-1
22.914897297613038	-1
22.914897297613038	2
22.91850821260143	-1
22.922119127589824	-1
22.925730042578216	-1
22.92934095756661	-1
22.932951872555	-1
22.932951872555	2
22.936562787543394	-1
22.940173702531787	-1
22.94378461752018	-1
22.947395532508573	-1
22.951006447496965	-1
22.954617362485358	-1
22.954617362485358	2
22.95822827747375	-1
22.95822827747375	2
22.961839192462143	-1
22.965450107450536	-1
22.96906102243893	-1
22.97267193742732	-1
22.976282852415714	-1
22.976282852415714	2
22.979893767404107	-1
22.9835046823925	-1
22.9835046823925	2
22.9835046823925	2
22.987115597380892	-1
22.990726512369285	-1
22.994337427357678	-1
22.99794834234607	-1
23.001559257334463	-1
23.005170172322856	-1
23.00878108731125	-1
23.01239200229964	-1
23.016002917288034	-1
23.019613832276427	-1
23.02322474726482	-1
23.026835662253212	-1
23.030446577241605	-1
23.030446577241605	2
23.030446577241605	2
23.034057492229998	-1
23.03766840721839	-1
23.03766840721839	2
23.041279322206783	-1
23.041279322206783	2
23.041279322206783	2
23.044890237195176	-1
23.04850115218357	-1
23.05211206717196	-1
23.055722982160354	-1
23.059333897148747	-1
23.06294481213714	-1
23.066555727125532	-1
23.070166642113925	-1
23.073777557102318	-1
23.07738847209071	-1
23.07738847209071	2
23.080999387079103	-1
23.084610302067496	-1
23.084610302067496	2
23.084610302067496	2
23.08822121705589	-1
23.09183213204428	-1
23.09183213204428	2
23.095443047032674	-1
23.099053962021067	-1
23.10266487700946	-1
23.106275791997852	-1
23.109886706986245	-1
23.113497621974638	-1
23.113497621974638	2
23.11710853696303	-1
23.120719451951423	-1
23.120719451951423	2
23.124330366939816	-1
23.12794128192821	-1
23.1315521969166	-1
23.1315521969166	2
23.135163111904994	-1
23.138774026893387	-1
23.138774026893387	2
23.14238494188178	-1
23.145995856870172	-1
23.149606771858565	-1
23.153217686846958	-1
23.15682860183535	-1
23.160439516823743	-1
23.164050431812136	-1
23.164050431812136	2
23.16766134680053	-1
23.16766134680053	2
23.17127226178892	-1
23.17127226178892	2
23.174883176777314	-1
23.178494091765707	-1
23.178494091765707	2
23.178494091765707	2
23.178494091765707	2
23.1821050067541	-1
23.185715921742492	-1
23.189326836730885	-1
23.189326836730885	2
23.192937751719278	-1
23.19654866670767	-1
23.200159581696063	-1
23.200159581696063	2
23.203770496684456	-1
23.20738141167285	-1
23.21099232666124	-1
23.21099232666124	2
23.214603241649634	-1
23.218214156638027	-1
23.22182507162642	-1
23.225435986614812	-1
23.229046901603205	-1
23.229046901603205	2
23.232657816591598	-1
23.23626873157999	-1
23.239879646568383	-1
23.243490561556776	-1
23.243490561556776	2
23.24710147654517	-1
23.24710147654517	2
23.25071239153356	-1
23.25071239153356	2
23.254323306521954	-1
23.257934221510347	-1
23.26154513649874	-1
23.26154513649874	2
23.265156051487132	-1
23.268766966475525	-1
23.268766966475525	2
23.272377881463918	-1
23.27598879645231	-1
23.279599711440703	-1
23.283210626429096	-1
23.28682154141749	-1
23.29043245640588	-1
23.29043245640588	2
23.294043371394274	-1
23.294043371394274	2
23.297654286382667	-1
23.30126520137106	-1
23.30126520137106	2
23.304876116359452	-1
23.308487031347845	-1
23.312097946336237	-1
23.31570886132463	-1
23.319319776313023	-1
23.322930691301416	-1
23.32654160628981	-1
23.32654160628981	2
23.3301525212782	-1
23.333763436266594	-1
23.337374351254986	-1
23.34098526624338	-1
23.344596181231772	-1
23.344596181231772	2
23.344596181231772	2
23.348207096220165	-1
23.351818011208557	-1
23.351818011208557	2
23.351818011208557	2
23.35542892619695	-1
23.359039841185343	-1
23.362650756173736	-1
23.362650756173736	2
23.36626167116213	-1
23.36987258615052	-1
23.36987258615052	2
23.373483501138914	-1
23.377094416127306	-1
23.3807053311157	-1
23.384316246104092	-1
23.387927161092485	-1
23.391538076080877	-1
23.39514899106927	-1
23.398759906057663	-1
23.398759906057663	2
23.402370821046055	-1
23.405981736034448	-1
23.405981736034448	2
23.40959265102284	-1
23.413203566011234	-1
23.416814480999626	-1
23.416814480999626	2
23.42042539598802	-1
23.424036310976412	-1
23.424036310976412	2
23.427647225964805	-1
23.431258140953197	-1
23.431258140953197	2
23.43486905594159	-1
23.438479970929983	-1
23.438479970929983	2
23.442090885918375	-1
23.445701800906768	-1
23.44931271589516	-1
23.452923630883554	-1
23.456534545871946	-1
23.46014546086034	-1
23.46375637584873	-1
23.467367290837124	-1
23.470978205825517	-1
23.47458912081391	-1
23.478200035802303	-1
23.481810950790695	-1
23.485421865779088	-1
23.48903278076748	-1
23.492643695755874	-1
23.492643695755874	2
23.496254610744266	-1
23.496254610744266	2
23.49986552573266	-1
23.50347644072105	-1
23.50347644072105	2
23.507087355709444	-1
23.510698270697837	-1
23.51430918568623	-1
23.51430918568623	2
23.51430918568623	2
23.517920100674623	-1
23.517920100674623	2
23.521531015663015	-1
23.521531015663015	2
23.521531015663015	2
23.525141930651408	-1
23.5287528456398	-1
23.532363760628193	-1
23.535974675616586	-1
23.53958559060498	-1
23.54319650559337	-1
23.546807420581764	-1
23.550418335570157	-1
23.55402925055855	-1
23.55402925055855	2
23.557640165546943	-1
23.561251080535335	-1
23.564861995523728	-1
23.56847291051212	-1
23.572083825500513	-1
23.575694740488906	-1
23.575694740488906	2
23.5793056554773	-1
23.58291657046569	-1
23.586527485454084	-1
23.590138400442477	-1
23.59374931543087	-1
23.597360230419262	-1
23.600971145407655	-1
23.604582060396048	-1
23.604582060396048	2
23.60819297538444	-1
23.611803890372833	-1
23.615414805361226	-1
23.61902572034962	-1
23.62263663533801	-1
23.626247550326404	-1
23.629858465314797	-1
23.63346938030319	-1
23.637080295291582	-1
23.640691210279975	-1
23.644302125268368	-1
23.64791304025676	-1
23.651523955245153	-1
23.655134870233546	-1
23.65874578522194	-1
23.65874578522194	2
23.65874578522194	2
23.65874578522194	2
23.66235670021033	-1
23.665967615198724	-1
23.665967615198724	2
23.669578530187117	-1
23.67318944517551	-1
23.676800360163902	-1
23.676800360163902	2
23.680411275152295	-1
23.684022190140688	-1
23.68763310512908	-1
23.691244020117473	-1
23.694854935105866	-1
23.69846585009426	-1
23.69846585009426	2
23.70207676508265	-1
23.705687680071044	-1
23.705687680071044	2
23.709298595059437	-1
23.71290951004783	-1
23.716520425036222	-1
23.720131340024615	-1
23.723742255013008	-1
23.7273531700014	-1
23.730964084989793	-1
23.734574999978186	-1
23.73818591496658	-1
23.74179682995497	-1
23.74179682995497	2
23.745407744943364	-1
23.749018659931757	-1
23.749018659931757	2
23.75262957492015	-1
23.756240489908542	-1
23.759851404896935	-1
23.759851404896935	2
23.763462319885328	-1
23.76707323487372	-1
23.770684149862113	-1
23.774295064850506	-1
23.7779059798389	-1
23.78151689482729	-1
23.785127809815684	-1
23.788738724804077	-1
23.79234963979247	-1
23.795960554780862	-1
23.799571469769255	-1
23.803182384757648	-1
23.803182384757648	2
23.80679329974604	-1
23.810404214734433	-1
23.814015129722826	-1
23.814015129722826	2
23.81762604471122	-1
23.82123695969961	-1
23.824847874688004	-1
23.828458789676397	-1
23.83206970466479	-1
23.83206970466479	2
23.835680619653182	-1
23.835680619653182	2
23.839291534641575	-1
23.842902449629968	-1
23.84651336461836	-1
23.850124279606753	-1
23.850124279606753	2
23.853735194595146	-1
23.85734610958354	-1
23.86095702457193	-1
23.864567939560324	-1
23.868178854548717	-1
23.87178976953711	-1
23.875400684525502	-1
23.879011599513895	-1
23.879011599513895	2
23.882622514502287	-1
23.88623342949068	-1
23.889844344479073	-1
23.893455259467466	-1
23.89706617445586	-1
23.90067708944425	-1
23.90067708944425	2
23.904288004432644	-1
23.907898919421037	-1
23.907898919421037	2
23.91150983440943	-1
23.915120749397822	-1
23.918731664386215	-1
23.922342579374607	-1
23.925953494363	-1
23.929564409351393	-1
23.933175324339786	-1
23.93678623932818	-1
23.94039715431657	-1
23.944008069304964	-1
23.947618984293356	-1
23.95122989928175	-1
23.954840814270142	-1
23.958451729258535	-1
23.962062644246927	-1
23.962062644246927	2
23.96567355923532	-1
23.969284474223713	-1
23.972895389212105	-1
23.976506304200498	-1
23.976506304200498	2
23.98011721918889	-1
23.983728134177284	-1
23.987339049165676	-1
23.987339049165676	2
23.987339049165676	2
23.99094996415407	-1
23.994560879142462	-1
23.994560879142462	2
23.998171794130855	-1
24.001782709119247	-1
24.00539362410764	-1
24.009004539096033	-1
24.012615454084425	-1
24.016226369072818	-1
24.01983728406121	-1
24.023448199049604	-1
24.027059114037996	-1
24.027059114037996	2
24.03067002902639	-1
24.03428094401478	-1
24.037891859003174	-1
24.041502773991567	-1
24.04511368897996	-1
24.048724603968353	-1
24.052335518956745	-1
24.055946433945138	-1
24.055946433945138	2
24.05955734893353	-1
24.05955734893353	2
24.063168263921924	-1
24.063168263921924	2
24.066779178910316	-1
24.07039009389871	-1
24.0740010088871	-1
24.0740010088871	2
24.077611923875494	-1
24.081222838863887	-1
24.08483375385228	-1
24.088444668840673	-1
24.088444668840673	2
24.092055583829065	-1
24.095666498817458	-1
24.095666498817458	2
24.09927741380585	-1
24.09927741380585	2
24.102888328794243	-1
24.106499243782636	-1
24.106499243782636	2
24.11011015877103	-1
24.11372107375942	-1
24.11372107375942	2
24.117331988747814	-1
24.120942903736207	-1
24.1245538187246	-1
24.128164733712993	-1
24.131775648701385	-1
24.135386563689778	-1
24.13899747867817	-1
24.142608393666563	-1
24.142608393666563	2
24.146219308654956	-1
24.14983022364335	-1
24.15344113863174	-1
24.157052053620134	-1
24.160662968608527	-1
24.16427388359692	-1
24.16427388359692	2
24.16427388359692	2
24.167884798585312	-1
24.171495713573705	-1
24.175106628562098	-1
24.17871754355049	-1
24.182328458538883	-1
24.185939373527276	-1
24.18955028851567	-1
24.19316120350406	-1
24.196772118492454	-1
24.200383033480847	-1
24.20399394846924	-1
24.207604863457632	-1
24.211215778446025	-1
24.214826693434418	-1
24.21843760842281	-1
24.222048523411203	-1
24.225659438399596	-1
24.22927035338799	-1
24.23288126837638	-1
24.236492183364774	-1
24.240103098353167	-1
24.240103098353167	2
24.24371401334156	-1
24.247324928329952	-1
24.250935843318345	-1
24.254546758306738	-1
24.254546758306738	2
24.25815767329513	-1
24.261768588283523	-1
24.265379503271916	-1
24.26899041826031	-1
24.2726013332487	-1
24.2726013332487	2
24.276212248237094	-1
24.276212248237094	2
24.276212248237094	2
24.279823163225487	-1
24.28343407821388	-1
24.287044993202272	-1
24.290655908190665	-1
24.294266823179058	-1
24.29787773816745	-1
24.301488653155843	-1
24.305099568144236	-1
24.30871048313263	-1
24.31232139812102	-1
24.315932313109414	-1
24.315932313109414	2
24.319543228097807	-1
24.3231541430862	-1
24.3231541430862	2
24.3231541430862	2
24.326765058074592	-1
24.326765058074592	2
24.330375973062985	-1
24.333986888051378	-1
24.33759780303977	-1
24.33759780303977	2
24.341208718028163	-1
24.344819633016556	-1
24.344819633016556	2
24.34843054800495	-1
24.35204146299334	-1
24.355652377981734	-1
24.359263292970127	-1
24.36287420795852	-1
24.366485122946912	-1
24.366485122946912	2
24.370096037935305	-1
24.370096037935305	2
24.373706952923698	-1
24.37731786791209	-1
24.380928782900483	-1
24.384539697888876	-1
24.38815061287727	-1
24.39176152786566	-1
24.39176152786566	2
24.395372442854054	-1
24.398983357842447	-1
24.40259427283084	-1
24.406205187819232	-1
24.409816102807625	-1
24.413427017796018	-1
24.413427017796018	2
24.41703793278441	-1
24.420648847772803	-1
24.424259762761196	-1
24.42787067774959	-1
24.42787067774959	2
24.43148159273798	-1
24.435092507726374	-1
24.438703422714767	-1
24.44231433770316	-1
24.44231433770316	2
24.44231433770316	2
24.445925252691552	-1
24.445925252691552	2
24.449536167679945	-1
24.453147082668337	-1
24.45675799765673	-1
24.460368912645123	-1
24.463979827633516	-1
24.46759074262191	-1
24.4712016576103	-1
24.474812572598694	-1
24.478423487587087	-1
24.478423487587087	2
24.478423487587087	2
24.48203440257548	-1
24.485645317563872	-1
24.489256232552265	-1
24.492867147540657	-1
24.49647806252905	-1
24.500088977517443	-1
24.503699892505836	-1
24.50731080749423	-1
24.51092172248262	-1
24.514532637471014	-1
24.518143552459406	-1
24.5217544674478	-1
24.525365382436192	-1
24.528976297424585	-1
24.532587212412977	-1
24.53619812740137	-1
24.53619812740137	2
24.539809042389763	-1
24.543419957378156	-1
24.54703087236655	-1
24.55064178735494	-1
24.554252702343334	-1
24.557863617331726	-1
24.56147453232012	-1
24.565085447308512	-1
24.568696362296905	-1
24.572307277285297	-1
24.572307277285297	2
24.57591819227369	-1
24.579529107262083	-1
24.583140022250475	-1
24.586750937238868	-1
24.59036185222726	-1
24.593972767215654	-1
24.597583682204046	-1
24.60119459719244	-1
24.604805512180832	-1
24.608416427169225	-1
24.612027342157617	-1
24.61563825714601	-1
24.619249172134403	-1
24.622860087122795	-1
24.626471002111188	-1
24.626471002111188	2
24.63008191709958	-1
24.633692832087974	-1
24.633692832087974	2
24.637303747076366	-1
24.64091466206476	-1
24.64452557705315	-1
24.64452557705315	2
24.648136492041544	-1
24.651747407029937	-1
24.651747407029937	2
24.65535832201833	-1
24.658969237006723	-1
24.658969237006723	2
24.662580151995115	-1
24.666191066983508	-1
24.6698019819719	-1
24.673412896960293	-1
24.677023811948686	-1
24.68063472693708	-1
24.68063472693708	2
24.68424564192547	-1
24.687856556913864	-1
24.691467471902257	-1
24.69507838689065	-1
24.698689301879043	-1
24.702300216867435	-1
24.705911131855828	-1
24.70952204684422	-1
24.70952204684422	2
24.70952204684422	2
24.713132961832613	-1
24.716743876821006	-1
24.7203547918094	-1
24.72396570679779	-1
24.727576621786184	-1
24.731187536774577	-1
24.73479845176297	-1
24.738409366751362	-1
24.742020281739755	-1
24.742020281739755	2
24.745631196728148	-1
24.745631196728148	2
24.74924211171654	-1
24.752853026704933	-1
24.756463941693326	-1
24.76007485668172	-1
24.76368577167011	-1
24.767296686658504	-1
24.770907601646897	-1
24.77451851663529	-1
24.77451851663529	2
24.778129431623682	-1
24.781740346612075	-1
24.785351261600468	-1
24.78896217658886	-1
24.792573091577253	-1
24.796184006565646	-1
24.79979492155404	-1
24.80340583654243	-1
24.807016751530824	-1
24.810627666519217	-1
24.810627666519217	2
24.810627666519217	2
24.810627666519217	2
24.81423858150761	-1
24.81423858150761	2
24.817849496496002	-1
24.817849496496002	2
24.821460411484395	-1
24.821460411484395	2
24.825071326472788	-1
24.82868224146118	-1
24.82868224146118	2
24.832293156449573	-1
24.835904071437966	-1
24.835904071437966	2
24.83951498642636	-1
24.84312590141475	-1
24.846736816403144	-1
24.850347731391537	-1
24.85395864637993	-1
24.857569561368322	-1
24.861180476356715	-1
24.864791391345108	-1
24.864791391345108	2
24.8684023063335	-1
24.8684023063335	2
24.8684023063335	2
24.872013221321893	-1
24.872013221321893	2
24.872013221321893	2
24.875624136310286	-1
24.87923505129868	-1
24.88284596628707	-1
24.886456881275464	-1
24.886456881275464	2
24.886456881275464	2
24.886456881275464	2
24.890067796263857	-1
24.89367871125225	-1
24.897289626240642	-1
24.900900541229035	-1
24.904511456217428	-1
24.90812237120582	-1
24.90812237120582	2
24.911733286194213	-1
24.915344201182606	-1
24.918955116171	-1
24.92256603115939	-1
24.92256603115939	2
24.926176946147784	-1
24.929787861136177	-1
24.93339877612457	-1
24.93339877612457	2
24.937009691112962	-1
24.940620606101355	-1
24.944231521089748	-1
24.94784243607814	-1
24.951453351066533	-1
24.955064266054926	-1
24.955064266054926	2
24.95867518104332	-1
24.95867518104332	2
24.96228609603171	-1
24.965897011020104	-1
24.969507926008497	-1
24.97311884099689	-1
24.976729755985282	-1
24.980340670973675	-1
24.983951585962068	-1
24.98756250095046	-1
24.991173415938853	-1
24.991173415938853	2
24.994784330927246	-1
24.99839524591564	-1
25.00200616090403	-1
25.005617075892424	-1
25.009227990880817	-1
25.01283890586921	-1
25.016449820857602	-1
25.020060735845995	-1
25.023671650834387	-1
25.02728256582278	-1
25.030893480811173	-1
25.030893480811173	2
25.034504395799566	-1
25.03811531078796	-1
25.04172622577635	-1
25.045337140764744	-1
25.048948055753137	-1
25.05255897074153	-1
25.056169885729922	-1
25.059780800718315	-1
25.063391715706707	-1
25.0670026306951	-1
25.070613545683493	-1
25.074224460671886	-1
25.074224460671886	2
25.07783537566028	-1
25.08144629064867	-1
25.085057205637064	-1
25.088668120625456	-1
25.09227903561385	-1
25.09227903561385	2
25.095889950602242	-1
25.099500865590635	-1
25.103111780579027	-1
25.10672269556742	-1
25.110333610555813	-1
25.113944525544206	-1
25.1175554405326	-1
25.12116635552099	-1
25.124777270509384	-1
25.128388185497776	-1
25.13199910048617	-1
25.135610015474562	-1
25.135610015474562	2
25.139220930462955	-1
25.142831845451347	-1
25.14644276043974	-1
25.14644276043974	2
25.150053675428133	-1
25.153664590416525	-1
25.157275505404918	-1
25.16088642039331	-1
25.164497335381704	-1
25.168108250370096	-1
25.168108250370096	2
25.17171916535849	-1
25.175330080346882	-1
25.175330080346882	2
25.178940995335275	-1
25.182551910323667	-1
25.18616282531206	-1
25.189773740300453	-1
25.189773740300453	2
25.193384655288845	-1
25.196995570277238	-1
25.20060648526563	-1
25.204217400254024	-1
25.207828315242416	-1
25.21143923023081	-1
25.2150501452192	-1
25.218661060207594	-1
25.222271975195987	-1
25.22588289018438	-1
25.229493805172773	-1
25.233104720161165	-1
25.236715635149558	-1
25.24032655013795	-1
25.24032655013795	2
25.243937465126344	-1
25.247548380114736	-1
25.25115929510313	-1
25.25477021009152	-1
25.258381125079914	-1
25.261992040068307	-1
25.261992040068307	2
25.2656029550567	-1
25.269213870045093	-1
25.272824785033485	-1
25.272824785033485	2
25.272824785033485	2
25.276435700021878	-1
25.28004661501027	-1
25.283657529998663	-1
25.283657529998663	2
25.287268444987056	-1
25.29087935997545	-1
25.29449027496384	-1
25.298101189952234	-1
25.301712104940627	-1
25.30532301992902	-1
25.308933934917413	-1
25.312544849905805	-1
25.316155764894198	-1
25.31976667988259	-1
25.323377594870983	-1
25.326988509859376	-1
25.33059942484777	-1
25.33421033983616	-1
25.337821254824554	-1
25.341432169812947	-1
25.34504308480134	-1
25.348653999789732	-1
25.352264914778125	-1
25.355875829766518	-1
25.355875829766518	2
25.35948674475491	-1
25.35948674475491	2
25.363097659743303	-1
25.366708574731696	-1
25.37031948972009	-1
25.37393040470848	-1
25.37393040470848	2
25.37393040470848	2
25.377541319696874	-1
25.381152234685267	-1
25.38476314967366	-1
25.388374064662052	-1
25.391984979650445	-1
25.395595894638838	-1
25.39920680962723	-1
25.402817724615623	-1
25.406428639604016	-1
25.406428639604016	2
25.41003955459241	-1
25.41003955459241	2
25.4136504695808	-1
25.417261384569194	-1
25.420872299557587	-1
25.420872299557587	2
25.42448321454598	-1
25.428094129534372	-1
25.431705044522765	-1
25.435315959511158	-1
25.43892687449955	-1
25.442537789487943	-1
25.446148704476336	-1
25.44975961946473	-1
25.45337053445312	-1
25.456981449441514	-1
25.460592364429907	-1
25.4642032794183	-1
25.467814194406692	-1
25.471425109395085	-1
25.475036024383478	-1
25.47864693937187	-1
25.482257854360263	-1
25.485868769348656	-1
25.48947968433705	-1
25.48947968433705	2
25.49309059932544	-1
25.496701514313834	-1
25.500312429302227	-1
25.50392334429062	-1
25.507534259279012	-1
25.511145174267405	-1
25.514756089255798	-1
25.514756089255798	2
25.514756089255798	2
25.51836700424419	-1
25.521977919232583	-1
25.525588834220976	-1
25.52919974920937	-1
25.53281066419776	-1
25.53281066419776	2
25.536421579186154	-1
25.536421579186154	2
25.540032494174547	-1
25.540032494174547	2
25.54364340916294	-1
25.547254324151332	-1
25.550865239139725	-1
25.554476154128118	-1
25.554476154128118	2
25.55808706911651	-1
25.561697984104903	-1
25.565308899093296	-1
25.56891981408169	-1
25.57253072907008	-1
25.576141644058474	-1
25.579752559046867	-1
25.579752559046867	2
25.579752559046867	2
25.58336347403526	-1
25.58336347403526	2
25.586974389023652	-1
25.590585304012045	-1
25.590585304012045	2
25.594196219000438	-1
25.59780713398883	-1
25.601418048977223	-1
25.601418048977223	2
25.605028963965616	-1
25.60863987895401	-1
25.6122507939424	-1
25.615861708930794	-1
25.619472623919187	-1
25.619472623919187	2
25.62308353890758	-1
25.626694453895972	-1
25.630305368884365	-1
25.633916283872757	-1
25.63752719886115	-1
25.641138113849543	-1
25.644749028837936	-1
25.64835994382633	-1
25.64835994382633	2
25.64835994382633	2
25.65197085881472	-1
25.65197085881472	2
25.655581773803114	-1
25.655581773803114	2
25.659192688791506	-1
25.6628036037799	-1
25.666414518768292	-1
25.670025433756685	-1
25.670025433756685	2
25.670025433756685	2
25.673636348745077	-1
25.67724726373347	-1
25.67724726373347	2
25.680858178721863	-1
25.680858178721863	2
25.684469093710256	-1
25.68808000869865	-1
25.69169092368704	-1
25.695301838675434	-1
25.698912753663826	-1
25.70252366865222	-1
25.706134583640612	-1
25.709745498629005	-1
25.713356413617397	-1
25.71696732860579	-1
25.720578243594183	-1
25.724189158582575	-1
25.727800073570968	-1
25.73141098855936	-1
25.735021903547754	-1
25.738632818536146	-1
25.74224373352454	-1
25.74224373352454	2
25.745854648512932	-1
25.749465563501325	-1
25.753076478489717	-1
25.75668739347811	-1
25.760298308466503	-1
25.763909223454895	-1
25.767520138443288	-1
25.767520138443288	2
25.77113105343168	-1
25.774741968420074	-1
25.778352883408466	-1
25.78196379839686	-1
25.78557471338525	-1
25.789185628373644	-1
25.789185628373644	2
25.789185628373644	2
25.792796543362037	-1
25.792796543362037	2
25.79640745835043	-1
25.800018373338823	-1
25.800018373338823	2
25.803629288327215	-1
25.807240203315608	-1
25.810851118304	-1
25.814462033292394	-1
25.818072948280786	-1
25.82168386326918	-1
25.82529477825757	-1
25.828905693245964	-1
25.832516608234357	-1
25.83612752322275	-1
25.839738438211143	-1
25.843349353199535	-1
25.846960268187928	-1
25.85057118317632	-1
25.854182098164713	-1
25.857793013153106	-1
25.8614039281415	-1
25.86501484312989	-1
25.868625758118284	-1
25.872236673106677	-1
25.87584758809507	-1
25.879458503083463	-1
25.879458503083463	2
25.883069418071855	-1
25.886680333060248	-1
25.886680333060248	2
25.89029124804864	-1
25.89029124804864	2
25.893902163037033	-1
25.893902163037033	2
25.897513078025426	-1
25.90112399301382	-1
25.90473490800221	-1
25.908345822990604	-1
25.911956737978997	-1
25.91556765296739	-1
25.919178567955782	-1
25.922789482944175	-1
25.926400397932568	-1
25.93001131292096	-1
25.933622227909353	-1
25.937233142897746	-1
25.94084405788614	-1
25.94084405788614	2
25.94445497287453	-1
25.948065887862924	-1
25.951676802851317	-1
25.95528771783971	-1
25.958898632828102	-1
25.962509547816495	-1
25.966120462804888	-1
25.96973137779328	-1
25.96973137779328	2
25.973342292781673	-1
25.976953207770066	-1
25.98056412275846	-1
25.98417503774685	-1
25.987785952735244	-1
25.991396867723637	-1
25.99500778271203	-1
25.998618697700422	-1
26.002229612688815	-1
26.002229612688815	2
26.005840527677208	-1
26.0094514426656	-1
26.013062357653993	-1
26.016673272642386	-1
26.02028418763078	-1
26.02028418763078	2
26.02389510261917	-1
26.027506017607564	-1
26.031116932595957	-1
26.031116932595957	2
26.03472784758435	-1
26.038338762572742	-1
26.041949677561135	-1
26.045560592549528	-1
26.04917150753792	-1
26.04917150753792	2
26.04917150753792	2
26.052782422526313	-1
26.052782422526313	2
26.056393337514706	-1
26.0600042525031	-1
26.06361516749149	-1
26.06361516749149	2
26.067226082479884	-1
26.070836997468277	-1
26.07444791245667	-1
26.078058827445062	-1
26.081669742433455	-1
26.085280657421848	-1
26.08889157241024	-1
26.092502487398633	-1
26.096113402387026	-1
26.09972431737542	-1
26.10333523236381	-1
26.106946147352204	-1
26.110557062340597	-1
26.11416797732899	-1
26.117778892317382	-1
26.117778892317382	2
26.121389807305775	-1
26.121389807305775	2
26.125000722294168	-1
26.12861163728256	-1
26.132222552270953	-1
26.135833467259346	-1
26.13944438224774	-1
26.14305529723613	-1
26.14305529723613	2
26.146666212224524	-1
26.150277127212917	-1
26.150277127212917	2
26.15388804220131	-1
26.15388804220131	2
26.157498957189702	-1
26.161109872178095	-1
26.161109872178095	2
26.164720787166488	-1
26.16833170215488	-1
26.16833170215488	2
26.171942617143273	-1
26.175553532131666	-1
26.17916444712006	-1
26.18277536210845	-1
26.186386277096844	-1
26.189997192085237	-1
26.19360810707363	-1
26.197219022062022	-1
26.200829937050415	-1
26.204440852038807	-1
26.2080517670272	-1
26.2080517670272	2
26.211662682015593	-1
26.215273597003986	-1
26.21888451199238	-1
26.22249542698077	-1
26.226106341969164	-1
26.226106341969164	2
26.229717256957557	-1
26.23332817194595	-1
26.236939086934342	-1
26.240550001922735	-1
26.244160916911127	-1
26.24777183189952	-1
26.251382746887913	-1
26.251382746887913	2
26.254993661876306	-1
26.2586045768647	-1
26.26221549185309	-1
26.26221549185309	2
26.265826406841484	-1
26.269437321829876	-1
26.27304823681827	-1
26.276659151806662	-1
26.280270066795055	-1
26.283880981783447	-1
26.28749189677184	-1
26.291102811760233	-1
26.294713726748626	-1
26.29832464173702	-1
26.29832464173702	2
26.30193555672541	-1
26.305546471713804	-1
26.309157386702196	-1
26.31276830169059	-1
26.316379216678982	-1
26.319990131667375	-1
26.323601046655767	-1
26.32721196164416	-1
26.330822876632553	-1
26.334433791620945	-1
26.338044706609338	-1
26.34165562159773	-1
26.345266536586124	-1
26.348877451574516	-1
26.35248836656291	-1
26.35248836656291	2
26.3560992815513	-1
26.3560992815513	2
26.359710196539694	-1
26.363321111528087	-1
26.36693202651648	-1
26.370542941504873	-1
26.374153856493265	-1
26.377764771481658	-1
26.38137568647005	-1
26.384986601458444	-1
26.388597516446836	-1
26.39220843143523	-1
26.39581934642362	-1
26.399430261412014	-1
26.403041176400407	-1
26.4066520913888	-1
26.410263006377193	-1
26.410263006377193	2
26.413873921365585	-1
26.417484836353978	-1
26.417484836353978	2
26.42109575134237	-1
26.424706666330763	-1
26.428317581319156	-1
26.43192849630755	-1
26.43192849630755	2
26.43553941129594	-1
26.439150326284334	-1
26.442761241272727	-1
26.44637215626112	-1
26.449983071249513	-1
26.449983071249513	2
26.453593986237905	-1
26.457204901226298	-1
26.457204901226298	2
26.46081581621469	-1
26.464426731203083	-1
26.468037646191476	-1
26.468037646191476	2
26.47164856117987	-1
26.47525947616826	-1
26.478870391156654	-1
26.482481306145047	-1
26.48609222113344	-1
26.48609222113344	2
26.489703136121832	-1
26.493314051110225	-1
26.496924966098618	-1
26.50053588108701	-1
26.50053588108701	2
26.504146796075403	-1
26.507757711063796	-1
26.51136862605219	-1
26.51497954104058	-1
26.518590456028974	-1
26.522201371017367	-1
26.52581228600576	-1
26.52581228600576	2
26.529423200994152	-1
26.533034115982545	-1
26.536645030970938	-1
26.536645030970938	2
26.54025594595933	-1
26.543866860947723	-1
26.543866860947723	2
26.543866860947723	2
26.547477775936116	-1
26.55108869092451	-1
26.5546996059129	-1
26.558310520901294	-1
26.561921435889687	-1
26.56553235087808	-1
26.56553235087808	2
26.569143265866472	-1
26.572754180854865	-1
26.576365095843258	-1
26.576365095843258	2
26.57997601083165	-1
26.583586925820043	-1
26.587197840808436	-1
26.59080875579683	-1
26.59441967078522	-1
26.598030585773614	-1
26.601641500762007	-1
26.6052524157504	-1
26.608863330738792	-1
26.612474245727185	-1
26.616085160715578	-1
26.616085160715578	2
26.61969607570397	-1
26.623306990692363	-1
26.626917905680756	-1
26.63052882066915	-1
26.63413973565754	-1
26.637750650645934	-1
26.641361565634327	-1
26.64497248062272	-1
26.648583395611112	-1
26.648583395611112	2
26.652194310599505	-1
26.655805225587898	-1
26.65941614057629	-1
26.663027055564683	-1
26.666637970553076	-1
26.67024888554147	-1
26.67385980052986	-1
26.677470715518254	-1
26.681081630506647	-1
26.68469254549504	-1
26.688303460483432	-1
26.691914375471825	-1
26.695525290460218	-1
26.695525290460218	2
26.69913620544861	-1
26.69913620544861	2
26.702747120437003	-1
26.706358035425396	-1
26.70996895041379	-1
26.71357986540218	-1
26.717190780390574	-1
26.720801695378967	-1
26.72441261036736	-1
26.728023525355752	-1
26.731634440344145	-1
26.735245355332538	-1
26.73885627032093	-1
26.742467185309323	-1
26.742467185309323	2
26.742467185309323	2
26.746078100297716	-1
26.746078100297716	2
26.74968901528611	-1
26.7532999302745	-1
26.756910845262894	-1
26.756910845262894	2
26.760521760251287	-1
26.760521760251287	2
26.76413267523968	-1
26.767743590228072	-1
26.767743590228072	2
26.771354505216465	-1
26.774965420204857	-1
26.77857633519325	-1
26.77857633519325	2
26.782187250181643	-1
26.785798165170036	-1
26.785798165170036	2
26.78940908015843	-1
26.79301999514682	-1
26.796630910135214	-1
26.796630910135214	2
26.800241825123607	-1
26.800241825123607	2
26.800241825123607	2
26.803852740112	-1
26.807463655100392	-1
26.811074570088785	-1
26.814685485077177	-1
26.814685485077177	2
26.81829640006557	-1
26.821907315053963	-1
26.821907315053963	2
26.821907315053963	2
26.825518230042356	-1
26.82912914503075	-1
26.83274006001914	-1
26.83274006001914	2
26.83274006001914	2
26.836350975007534	-1
26.839961889995926	-1
26.84357280498432	-1
26.847183719972712	-1
26.850794634961105	-1
26.854405549949497	-1
26.85801646493789	-1
26.861627379926283	-1
26.865238294914676	-1
26.86884920990307	-1
26.87246012489146	-1
26.876071039879854	-1
26.879681954868246	-1
26.88329286985664	-1
26.88329286985664	2
26.886903784845032	-1
26.886903784845032	2
26.886903784845032	2
26.890514699833425	-1
26.894125614821817	-1
26.89773652981021	-1
26.901347444798603	-1
26.904958359786995	-1
26.908569274775388	-1
26.91218018976378	-1
26.915791104752174	-1
26.919402019740566	-1
26.92301293472896	-1
26.926623849717352	-1
26.930234764705745	-1
26.933845679694137	-1
26.93745659468253	-1
26.93745659468253	2
26.941067509670923	-1
26.944678424659315	-1
26.948289339647708	-1
26.9519002546361	-1
26.955511169624494	-1
26.959122084612886	-1
26.959122084612886	2
26.96273299960128	-1
26.96634391458967	-1
26.96634391458967	2
26.969954829578064	-1
26.973565744566457	-1
26.973565744566457	2
26.97717665955485	-1
26.980787574543243	-1
26.980787574543243	2
26.984398489531635	-1
26.984398489531635	2
26.984398489531635	2
26.988009404520028	-1
26.99162031950842	-1
26.995231234496813	-1
26.998842149485206	-1
27.0024530644736	-1
27.00606397946199	-1
27.009674894450384	-1
27.009674894450384	2
27.013285809438777	-1
27.01689672442717	-1
27.020507639415563	-1
27.024118554403955	-1
27.027729469392348	-1
27.03134038438074	-1
27.034951299369133	-1
27.038562214357526	-1
27.04217312934592	-1
27.04578404433431	-1
27.049394959322704	-1
27.053005874311097	-1
27.05661678929949	-1
27.060227704287882	-1
27.063838619276275	-1
27.067449534264668	-1
27.07106044925306	-1
27.074671364241453	-1
27.078282279229846	-1
27.08189319421824	-1
27.08550410920663	-1
27.089115024195024	-1
27.092725939183417	-1
27.09633685417181	-1
27.099947769160202	-1
27.099947769160202	2
27.103558684148595	-1
27.107169599136988	-1
27.11078051412538	-1
27.114391429113773	-1
27.118002344102166	-1
27.12161325909056	-1
27.12161325909056	2
27.12522417407895	-1
27.12522417407895	2
27.128835089067344	-1
27.132446004055737	-1
27.13605691904413	-1
27.13605691904413	2
27.139667834032522	-1
27.143278749020915	-1
27.146889664009308	-1
27.146889664009308	2
27.1505005789977	-1
27.154111493986093	-1
27.157722408974486	-1
27.16133332396288	-1
27.16494423895127	-1
27.168555153939664	-1
27.172166068928057	-1
27.17577698391645	-1
27.179387898904842	-1
27.179387898904842	2
27.182998813893235	-1
27.186609728881628	-1
27.186609728881628	2
27.186609728881628	2
27.19022064387002	-1
27.193831558858413	-1
27.193831558858413	2
27.197442473846806	-1
27.2010533888352	-1
27.20466430382359	-1
27.208275218811984	-1
27.208275218811984	2
27.211886133800377	-1
27.21549704878877	-1
27.219107963777162	-1
27.219107963777162	2
27.222718878765555	-1
27.226329793753948	-1
27.22994070874234	-1
27.233551623730733	-1
27.237162538719126	-1
27.24077345370752	-1
27.24438436869591	-1
27.247995283684304	-1
27.251606198672697	-1
27.25521711366109	-1
27.25521711366109	2
27.258828028649482	-1
27.262438943637875	-1
27.266049858626268	-1
27.26966077361466	-1
27.273271688603053	-1
27.276882603591446	-1
27.28049351857984	-1
27.28410443356823	-1
27.287715348556624	-1
27.291326263545017	-1
27.291326263545017	2
27.29493717853341	-1
27.298548093521802	-1
27.302159008510195	-1
27.305769923498588	-1
27.30938083848698	-1
27.312991753475373	-1
27.316602668463766	-1
27.316602668463766	2
27.32021358345216	-1
27.32382449844055	-1
27.327435413428944	-1
27.331046328417337	-1
27.33465724340573	-1
27.338268158394122	-1
27.341879073382515	-1
27.345489988370907	-1
27.3491009033593	-1
27.352711818347693	-1
27.356322733336086	-1
27.35993364832448	-1
27.35993364832448	2
27.35993364832448	2
27.35993364832448	2
27.36354456331287	-1
27.36354456331287	2
27.367155478301264	-1
27.367155478301264	2
27.370766393289657	-1
27.37437730827805	-1
27.377988223266442	-1
27.381599138254835	-1
27.385210053243227	-1
27.38882096823162	-1
27.392431883220013	-1
27.392431883220013	2
27.396042798208406	-1
27.396042798208406	2
27.396042798208406	2
27.3996537131968	-1
27.40326462818519	-1
27.406875543173584	-1
27.406875543173584	2
27.410486458161976	-1
27.41409737315037	-1
27.417708288138762	-1
27.421319203127155	-1
27.424930118115547	-1
27.42854103310394	-1
27.432151948092333	-1
27.435762863080726	-1
27.43937377806912	-1
27.44298469305751	-1
27.44298469305751	2
27.446595608045904	-1
27.450206523034296	-1
27.450206523034296	2
27.45381743802269	-1
27.457428353011082	-1
27.457428353011082	2
27.461039267999475	-1
27.461039267999475	2
27.461039267999475	2
27.464650182987867	-1
27.46826109797626	-1
27.46826109797626	2
27.471872012964653	-1
27.471872012964653	2
27.475482927953045	-1
27.479093842941438	-1
27.48270475792983	-1
27.486315672918224	-1
27.489926587906616	-1
27.49353750289501	-1
27.497148417883402	-1
27.500759332871795	-1
27.504370247860187	-1
27.50798116284858	-1
27.50798116284858	2
27.511592077836973	-1
27.515202992825365	-1
27.518813907813758	-1
27.518813907813758	2
27.52242482280215	-1
27.526035737790544	-1
27.529646652778936	-1
27.53325756776733	-1
27.53686848275572	-1
27.540479397744114	-1
27.544090312732507	-1
27.5477012277209	-1
27.551312142709293	-1
27.554923057697685	-1
27.558533972686078	-1
27.56214488767447	-1
27.565755802662864	-1
27.569366717651256	-1
27.569366717651256	2
27.57297763263965	-1
27.57658854762804	-1
27.580199462616434	-1
27.583810377604827	-1
27.58742129259322	-1
27.591032207581613	-1
27.594643122570005	-1
27.598254037558398	-1
27.60186495254679	-1
27.60186495254679	2
27.605475867535183	-1
27.605475867535183	2
27.609086782523576	-1
27.609086782523576	2
27.61269769751197	-1
27.61630861250036	-1
27.61630861250036	2
27.61630861250036	2
27.619919527488754	-1
27.623530442477147	-1
27.62714135746554	-1
27.630752272453933	-1
27.634363187442325	-1
27.637974102430718	-1
27.64158501741911	-1
27.64158501741911	2
27.645195932407503	-1
27.648806847395896	-1
27.65241776238429	-1
27.65602867737268	-1
27.65602867737268	2
27.659639592361074	-1
27.659639592361074	2
27.663250507349467	-1
27.66686142233786	-1
27.66686142233786	2
27.66686142233786	2
27.670472337326252	-1
27.674083252314645	-1
27.674083252314645	2
27.677694167303038	-1
27.68130508229143	-1
27.684915997279823	-1
27.688526912268216	-1
27.688526912268216	2
27.69213782725661	-1
27.695748742245	-1
27.699359657233394	-1
27.702970572221787	-1
27.70658148721018	-1
27.710192402198572	-1
27.713803317186965	-1
27.717414232175358	-1
27.72102514716375	-1
27.724636062152143	-1
27.728246977140536	-1
27.728246977140536	2
27.73185789212893	-1
27.73185789212893	2
27.73546880711732	-1
27.73546880711732	2
27.739079722105714	-1
27.742690637094107	-1
27.7463015520825	-1
27.749912467070892	-1
27.753523382059285	-1
27.757134297047678	-1
27.76074521203607	-1
27.764356127024463	-1
27.767967042012856	-1
27.77157795700125	-1
27.77157795700125	2
27.77518887198964	-1
27.778799786978034	-1
27.782410701966427	-1
27.78602161695482	-1
27.789632531943212	-1
27.793243446931605	-1
27.796854361919998	-1
27.80046527690839	-1
27.804076191896783	-1
27.807687106885176	-1
27.81129802187357	-1
27.81129802187357	2
27.81490893686196	-1
27.818519851850354	-1
27.822130766838747	-1
27.82574168182714	-1
27.829352596815532	-1
27.832963511803925	-1
27.836574426792318	-1
27.84018534178071	-1
27.843796256769103	-1
27.847407171757496	-1
27.85101808674589	-1
27.85462900173428	-1
27.858239916722674	-1
27.861850831711067	-1
27.861850831711067	2
27.861850831711067	2
27.86546174669946	-1
27.869072661687852	-1
27.872683576676245	-1
27.872683576676245	2
27.876294491664638	-1
27.876294491664638	2
27.87990540665303	-1
27.87990540665303	2
27.883516321641423	-1
27.887127236629816	-1
27.89073815161821	-1
27.8943490666066	-1
27.8943490666066	2
27.8943490666066	2
27.897959981594994	-1
27.901570896583387	-1
27.901570896583387	2
27.90518181157178	-1
27.908792726560172	-1
27.912403641548565	-1
27.912403641548565	2
27.916014556536958	-1
27.91962547152535	-1
27.923236386513743	-1
27.926847301502136	-1
27.93045821649053	-1
27.93406913147892	-1
27.93406913147892	2
27.937680046467314	-1
27.941290961455707	-1
27.9449018764441	-1
27.948512791432492	-1
27.952123706420885	-1
27.955734621409277	-1
27.95934553639767	-1
27.95934553639767	2
27.962956451386063	-1
27.962956451386063	2
27.966567366374456	-1
27.966567366374456	2
27.97017828136285	-1
27.97378919635124	-1
27.977400111339634	-1
27.977400111339634	2
27.981011026328027	-1
27.981011026328027	2
27.981011026328027	2
27.98462194131642	-1
27.988232856304812	-1
27.991843771293205	-1
27.995454686281597	-1
27.99906560126999	-1
27.99906560126999	2
28.002676516258383	-1
28.006287431246776	-1
28.00989834623517	-1
28.01350926122356	-1
28.017120176211954	-1
28.017120176211954	2
28.020731091200346	-1
28.02434200618874	-1
28.027952921177132	-1
28.031563836165525	-1
28.035174751153917	-1
28.03878566614231	-1
28.042396581130703	-1
28.046007496119095	-1
28.049618411107488	-1
28.05322932609588	-1
28.056840241084274	-1
28.060451156072666	-1
28.06406207106106	-1
28.06406207106106	2
28.067672986049452	-1
28.067672986049452	2
28.071283901037845	-1
28.074894816026237	-1
28.074894816026237	2
28.07850573101463	-1
28.082116646003023	-1
28.085727560991415	-1
28.089338475979808	-1
28.0929493909682	-1
28.096560305956594	-1
28.100171220944986	-1
28.10378213593338	-1
28.10739305092177	-1
28.111003965910164	-1
28.114614880898557	-1
28.11822579588695	-1
28.121836710875343	-1
28.125447625863735	-1
28.129058540852128	-1
28.13266945584052	-1
28.136280370828914	-1
28.139891285817306	-1
28.1435022008057	-1
28.14711311579409	-1
28.14711311579409	2
28.150724030782484	-1
28.154334945770877	-1
28.15794586075927	-1
28.161556775747663	-1
28.165167690736055	-1
28.168778605724448	-1
28.17238952071284	-1
28.176000435701233	-1
28.179611350689626	-1
28.18322226567802	-1
28.18683318066641	-1
28.190444095654804	-1
28.190444095654804	2
28.194055010643197	-1
28.194055010643197	2
28.19766592563159	-1
28.201276840619983	-1
28.204887755608375	-1
28.204887755608375	2
28.208498670596768	-1
28.21210958558516	-1
28.21210958558516	2
28.21210958558516	2
28.215720500573553	-1
28.219331415561946	-1
28.22294233055034	-1
28.22655324553873	-1
28.230164160527124	-1
28.233775075515517	-1
28.23738599050391	-1
28.240996905492302	-1
28.244607820480695	-1
28.248218735469088	-1
28.25182965045748	-1
28.255440565445873	-1
28.259051480434266	-1
28.26266239542266	-1
28.26627331041105	-1
28.26627331041105	2
28.269884225399444	-1
28.269884225399444	2
28.273495140387837	-1
28.27710605537623	-1
28.280716970364622	-1
28.284327885353015	-1
28.287938800341408	-1
28.287938800341408	2
28.2915497153298	-1
28.295160630318193	-1
28.298771545306586	-1
28.30238246029498	-1
28.30599337528337	-1
28.30599337528337	2
28.309604290271764	-1
28.309604290271764	2
28.313215205260157	-1
28.313215205260157	2
28.31682612024855	-1
28.320437035236942	-1
28.324047950225335	-1
28.324047950225335	2
28.327658865213728	-1
28.33126978020212	-1
28.33126978020212	2
28.334880695190513	-1
28.334880695190513	2
28.338491610178906	-1
28.3421025251673	-1
28.3421025251673	2
28.34571344015569	-1
28.349324355144084	-1
28.349324355144084	2
28.352935270132477	-1
28.35654618512087	-1
28.360157100109262	-1
28.363768015097655	-1
28.367378930086048	-1
28.37098984507444	-1
28.37098984507444	2
28.374600760062833	-1
28.374600760062833	2
28.378211675051226	-1
28.38182259003962	-1
28.38182259003962	2
28.38543350502801	-1
28.38543350502801	2
28.38543350502801	2
28.389044420016404	-1
28.392655335004797	-1
28.39626624999319	-1
28.399877164981582	-1
28.403488079969975	-1
28.407098994958368	-1
28.407098994958368	2
28.41070990994676	-1
28.41070990994676	2
28.414320824935153	-1
28.417931739923546	-1
28.42154265491194	-1
28.42515356990033	-1
28.42515356990033	2
28.428764484888724	-1
28.432375399877117	-1
28.43598631486551	-1
28.43598631486551	2
28.43598631486551	2
28.439597229853902	-1
28.439597229853902	2
28.443208144842295	-1
28.446819059830688	-1
28.45042997481908	-1
28.45042997481908	2
28.454040889807473	-1
28.457651804795866	-1
28.457651804795866	2
28.46126271978426	-1
28.46487363477265	-1
28.468484549761044	-1
28.472095464749437	-1
28.47570637973783	-1
28.479317294726222	-1
28.479317294726222	2
28.479317294726222	2
28.482928209714615	-1
28.486539124703008	-1
28.4901500396914	-1
28.4901500396914	2
28.493760954679793	-1
28.497371869668186	-1
28.497371869668186	2
28.50098278465658	-1
28.50459369964497	-1
28.508204614633364	-1
28.511815529621757	-1
28.51542644461015	-1
28.519037359598542	-1
28.522648274586935	-1
28.526259189575327	-1
28.52987010456372	-1
28.52987010456372	2
28.533481019552113	-1
28.533481019552113	2
28.537091934540506	-1
28.5407028495289	-1
28.54431376451729	-1
28.547924679505684	-1
28.551535594494077	-1
28.55514650948247	-1
28.55514650948247	2
28.558757424470862	-1
28.558757424470862	2
28.562368339459255	-1
28.565979254447647	-1
28.56959016943604	-1
28.573201084424433	-1
28.573201084424433	2
28.576811999412826	-1
28.576811999412826	2
28.58042291440122	-1
28.58042291440122	2
28.58403382938961	-1
28.587644744378004	-1
28.591255659366396	-1
28.59486657435479	-1
28.59486657435479	2
28.598477489343182	-1
28.602088404331575	-1
28.605699319319967	-1
28.605699319319967	2
28.605699319319967	2
28.60931023430836	-1
28.612921149296753	-1
28.616532064285146	-1
28.62014297927354	-1
28.62375389426193	-1
28.627364809250324	-1
28.630975724238716	-1
28.630975724238716	2
28.63458663922711	-1
28.638197554215502	-1
28.641808469203895	-1
28.645419384192287	-1
28.645419384192287	2
28.64903029918068	-1
28.652641214169073	-1
28.656252129157465	-1
28.656252129157465	2
28.659863044145858	-1
28.66347395913425	-1
28.667084874122644	-1
28.670695789111036	-1
28.67430670409943	-1
28.67430670409943	2
28.67430670409943	2
28.677917619087822	-1
28.677917619087822	2
28.681528534076214	-1
28.685139449064607	-1
28.685139449064607	2
28.688750364053	-1
28.692361279041393	-1
28.695972194029785	-1
28.699583109018178	-1
28.70319402400657	-1
28.706804938994964	-1
28.706804938994964	2
28.710415853983356	-1
28.71402676897175	-1
28.71402676897175	2
28.71763768396014	-1
28.721248598948534	-1
28.721248598948534	2
28.724859513936927	-1
28.72847042892532	-1
28.732081343913713	-1
28.735692258902105	-1
28.739303173890498	-1
28.74291408887889	-1
28.74291408887889	2
28.746525003867283	-1
28.750135918855676	-1
28.75374683384407	-1
28.75735774883246	-1
28.760968663820854	-1
28.760968663820854	2
28.764579578809247	-1
28.76819049379764	-1
28.771801408786033	-1
28.775412323774425	-1
28.775412323774425	2
28.779023238762818	-1
28.78263415375121	-1
28.78263415375121	2
28.786245068739603	-1
28.786245068739603	2
28.789855983727996	-1
28.79346689871639	-1
28.79707781370478	-1
28.79707781370478	2
28.800688728693174	-1
28.800688728693174	2
28.804299643681567	-1
28.804299643681567	2
28.80791055866996	-1
28.811521473658352	-1
28.815132388646745	-1
28.818743303635138	-1
28.82235421862353	-1
28.82235421862353	2
28.825965133611923	-1
28.829576048600316	-1
28.83318696358871	-1
28.8367978785771	-1
28.840408793565494	-1
28.844019708553887	-1
28.84763062354228	-1
28.851241538530672	-1
28.851241538530672	2
28.854852453519065	-1
28.858463368507458	-1
28.858463368507458	2
28.86207428349585	-1
28.865685198484243	-1
28.869296113472636	-1
28.87290702846103	-1
28.87651794344942	-1
28.880128858437814	-1
28.883739773426207	-1
28.8873506884146	-1
28.890961603402992	-1
28.894572518391385	-1
28.898183433379778	-1
28.898183433379778	2
28.90179434836817	-1
28.90179434836817	2
28.905405263356563	-1
28.909016178344956	-1
28.91262709333335	-1
28.91623800832174	-1
28.919848923310134	-1
28.923459838298527	-1
28.92707075328692	-1
28.92707075328692	2
28.930681668275312	-1
28.934292583263705	-1
28.934292583263705	2
28.937903498252098	-1
28.94151441324049	-1
28.945125328228883	-1
28.948736243217276	-1
28.95234715820567	-1
28.95595807319406	-1
28.959568988182454	-1
28.959568988182454	2
28.963179903170847	-1
28.963179903170847	2
28.96679081815924	-1
28.970401733147632	-1
28.970401733147632	2
28.974012648136025	-1
28.977623563124418	-1
28.98123447811281	-1
28.984845393101203	-1
28.988456308089596	-1
28.99206722307799	-1
28.99567813806638	-1
28.999289053054774	-1
29.002899968043167	-1
29.00651088303156	-1
29.010121798019952	-1
29.013732713008345	-1
29.017343627996738	-1
29.017343627996738	2
29.02095454298513	-1
29.024565457973523	-1
29.028176372961916	-1
29.03178728795031	-1
29.0353982029387	-1
29.039009117927094	-1
29.042620032915487	-1
29.042620032915487	2
29.04623094790388	-1
29.04623094790388	2
29.049841862892272	-1
29.049841862892272	2
29.053452777880665	-1
29.057063692869058	-1
29.057063692869058	2
29.057063692869058	2
29.06067460785745	-1
29.064285522845843	-1
29.064285522845843	2
29.067896437834236	-1
29.07150735282263	-1
29.07511826781102	-1
29.078729182799414	-1
29.082340097787807	-1
29.082340097787807	2
29.0859510127762	-1
29.0859510127762	2
29.089561927764592	-1
29.093172842752985	-1
29.093172842752985	2
29.096783757741377	-1
29.10039467272977	-1
29.10039467272977	2
29.104005587718163	-1
29.107616502706556	-1
29.11122741769495	-1
29.11483833268334	-1
29.118449247671734	-1
29.118449247671734	2
29.122060162660127	-1
29.122060162660127	2
29.12567107764852	-1
29.129281992636912	-1
29.132892907625305	-1
29.136503822613697	-1
29.14011473760209	-1
29.143725652590483	-1
29.147336567578876	-1
29.15094748256727	-1
29.15094748256727	2
29.15455839755566	-1
29.15455839755566	2
29.15455839755566	2
29.158169312544054	-1
29.161780227532446	-1
29.16539114252084	-1
29.16539114252084	2
29.169002057509232	-1
29.172612972497625	-1
29.176223887486017	-1
29.176223887486017	2
29.17983480247441	-1
29.183445717462803	-1
29.183445717462803	2
29.183445717462803	2
29.187056632451196	-1
29.19066754743959	-1
29.19427846242798	-1
29.197889377416374	-1
29.197889377416374	2
29.201500292404766	-1
29.20511120739316	-1
29.208722122381552	-1
29.212333037369945	-1
29.215943952358337	-1
29.21955486734673	-1
29.21955486734673	2
29.223165782335123	-1
29.226776697323515	-1
29.230387612311908	-1
29.2339985273003	-1
29.237609442288694	-1
29.241220357277086	-1
29.24483127226548	-1
29.248442187253872	-1
29.252053102242265	-1
29.255664017230657	-1
29.255664017230657	2
29.25927493221905	-1
29.262885847207443	-1
29.266496762195835	-1
29.270107677184228	-1
29.27371859217262	-1
29.27371859217262	2
29.277329507161014	-1
29.277329507161014	2
29.280940422149406	-1
29.2845513371378	-1
29.2845513371378	2
29.28816225212619	-1
29.291773167114584	-1
29.295384082102977	-1
29.29899499709137	-1
29.29899499709137	2
29.302605912079763	-1
29.306216827068155	-1
29.309827742056548	-1
29.309827742056548	2
29.31343865704494	-1
29.317049572033334	-1
29.320660487021726	-1
29.32427140201012	-1
29.32788231699851	-1
29.331493231986904	-1
29.331493231986904	2
29.335104146975297	-1
29.33871506196369	-1
29.342325976952083	-1
29.345936891940475	-1
29.349547806928868	-1
29.35315872191726	-1
29.356769636905653	-1
29.360380551894046	-1
29.36399146688244	-1
29.36760238187083	-1
29.371213296859224	-1
29.371213296859224	2
29.374824211847617	-1
29.374824211847617	2
29.37843512683601	-1
29.382046041824402	-1
29.382046041824402	2
29.385656956812795	-1
29.385656956812795	2
29.385656956812795	2
29.389267871801188	-1
29.39287878678958	-1
29.396489701777973	-1
29.400100616766366	-1
29.40371153175476	-1
29.40732244674315	-1
29.410933361731544	-1
29.414544276719937	-1
29.41815519170833	-1
29.421766106696722	-1
29.425377021685115	-1
29.428987936673508	-1
29.4325988516619	-1
29.436209766650293	-1
29.439820681638686	-1
29.44343159662708	-1
29.44704251161547	-1
29.450653426603864	-1
29.450653426603864	2
29.454264341592257	-1
29.454264341592257	2
29.45787525658065	-1
29.461486171569042	-1
29.465097086557435	-1
29.468708001545828	-1
29.47231891653422	-1
29.475929831522613	-1
29.479540746511006	-1
29.4831516614994	-1
29.48676257648779	-1
29.490373491476184	-1
29.490373491476184	2
29.493984406464577	-1
29.49759532145297	-1
29.49759532145297	2
29.501206236441362	-1
29.504817151429755	-1
29.508428066418148	-1
29.51203898140654	-1
29.515649896394933	-1
29.519260811383326	-1
29.52287172637172	-1
29.52648264136011	-1
29.52648264136011	2
29.530093556348504	-1
29.530093556348504	2
29.533704471336897	-1
29.53731538632529	-1
29.540926301313682	-1
29.544537216302075	-1
29.548148131290468	-1
29.55175904627886	-1
29.555369961267253	-1
29.558980876255646	-1
29.56259179124404	-1
29.56259179124404	2
29.56259179124404	2
29.56620270623243	-1
29.569813621220824	-1
29.569813621220824	2
29.573424536209217	-1
29.57703545119761	-1
29.580646366186002	-1
29.584257281174395	-1
29.587868196162788	-1
29.587868196162788	2
29.59147911115118	-1
29.59147911115118	2
29.595090026139573	-1
29.598700941127966	-1
29.60231185611636	-1
29.60592277110475	-1
29.609533686093144	-1
29.613144601081537	-1
29.61675551606993	-1
29.620366431058322	-1
29.623977346046715	-1
29.627588261035108	-1
29.627588261035108	2
29.6311991760235	-1
29.6311991760235	2
29.634810091011893	-1
29.638421006000286	-1
29.64203192098868	-1
29.64564283597707	-1
29.649253750965464	-1
29.649253750965464	2
29.652864665953857	-1
29.65647558094225	-1
29.65647558094225	2
29.660086495930642	-1
29.663697410919035	-1
29.667308325907428	-1
29.667308325907428	2
29.67091924089582	-1
29.674530155884213	-1
29.674530155884213	2
29.678141070872606	-1
29.678141070872606	2
29.681751985861	-1
29.681751985861	2
29.68536290084939	-1
29.688973815837784	-1
29.692584730826177	-1
29.69619564581457	-1
29.699806560802962	-1
29.699806560802962	2
29.703417475791355	-1
29.703417475791355	2
29.707028390779747	-1
29.71063930576814	-1
29.714250220756533	-1
29.714250220756533	2
29.717861135744926	-1
29.72147205073332	-1
29.72508296572171	-1
29.728693880710104	-1
29.732304795698496	-1
29.73591571068689	-1
29.739526625675282	-1
29.743137540663675	-1
29.746748455652067	-1
29.75035937064046	-1
29.753970285628853	-1
29.753970285628853	2
29.753970285628853	2
29.753970285628853	2
29.757581200617246	-1
29.757581200617246	2
29.76119211560564	-1
29.76119211560564	2
29.76480303059403	-1
29.768413945582424	-1
29.768413945582424	2
29.772024860570816	-1
29.77563577555921	-1
29.779246690547602	-1
29.779246690547602	2
29.782857605535995	-1
29.782857605535995	2
29.782857605535995	2
29.786468520524387	-1
29.786468520524387	2
29.79007943551278	-1
29.79007943551278	2
29.793690350501173	-1
29.797301265489565	-1
29.800912180477958	-1
29.80452309546635	-1
29.80452309546635	2
29.808134010454744	-1
29.811744925443136	-1
29.81535584043153	-1
29.818966755419922	-1
29.818966755419922	2
29.822577670408315	-1
29.826188585396707	-1
29.826188585396707	2
29.8297995003851	-1
29.833410415373493	-1
29.837021330361885	-1
29.840632245350278	-1
29.84424316033867	-1
29.847854075327064	-1
29.851464990315456	-1
29.85507590530385	-1
29.85868682029224	-1
29.85868682029224	2
29.85868682029224	2
29.862297735280634	-1
29.862297735280634	2
29.865908650269027	-1
29.865908650269027	2
29.86951956525742	-1
29.873130480245813	-1
29.876741395234205	-1
29.876741395234205	2
29.876741395234205	2
29.880352310222598	-1
29.880352310222598	2
29.88396322521099	-1
29.887574140199384	-1
29.891185055187776	-1
29.89479597017617	-1
29.89840688516456	-1
29.89840688516456	2
29.89840688516456	2
29.902017800152954	-1
29.905628715141347	-1
29.90923963012974	-1
29.912850545118133	-1
29.912850545118133	2
29.912850545118133	2
29.916461460106525	-1
29.916461460106525	2
29.920072375094918	-1
29.920072375094918	2
29.920072375094918	2
29.92368329008331	-1
29.927294205071703	-1
29.930905120060096	-1
29.93451603504849	-1
29.93812695003688	-1
29.941737865025274	-1
29.945348780013667	-1
29.94895969500206	-1
29.952570609990453	-1
29.956181524978845	-1
29.959792439967238	-1
29.96340335495563	-1
29.967014269944023	-1
29.970625184932416	-1
29.970625184932416	2
29.97423609992081	-1
29.9778470149092	-1
29.981457929897594	-1
29.985068844885987	-1
29.98867975987438	-1
29.992290674862772	-1
29.995901589851165	-1
29.999512504839558	-1
30.00312341982795	-1
30.006734334816343	-1
30.010345249804736	-1
30.01395616479313	-1
30.01756707978152	-1
30.01756707978152	2
30.021177994769914	-1
30.024788909758307	-1
30.0283998247467	-1
30.032010739735092	-1
30.032010739735092	2
30.035621654723485	-1
30.039232569711878	-1
30.04284348470027	-1
30.046454399688663	-1
30.050065314677056	-1
30.05367622966545	-1
30.05367622966545	2
30.05728714465384	-1
30.060898059642234	-1
30.064508974630627	-1
30.06811988961902	-1
30.071730804607412	-1
30.071730804607412	2
30.075341719595805	-1
30.075341719595805	2
30.078952634584198	-1
30.078952634584198	2
30.08256354957259	-1
30.086174464560983	-1
30.089785379549376	-1
30.09339629453777	-1
30.09700720952616	-1
30.100618124514554	-1
30.104229039502947	-1
30.10783995449134	-1
30.111450869479732	-1
30.115061784468125	-1
30.118672699456518	-1
30.12228361444491	-1
30.125894529433303	-1
30.129505444421696	-1
30.13311635941009	-1
30.13672727439848	-1
30.13672727439848	2
30.140338189386874	-1
30.143949104375267	-1
30.14756001936366	-1
30.151170934352052	-1
30.154781849340445	-1
30.158392764328838	-1
30.16200367931723	-1
30.165614594305623	-1
30.169225509294016	-1
30.169225509294016	2
30.17283642428241	-1
30.1764473392708	-1
30.180058254259194	-1
30.183669169247587	-1
30.18728008423598	-1
30.190890999224372	-1
30.194501914212765	-1
30.194501914212765	2
30.198112829201158	-1
30.20172374418955	-1
30.20172374418955	2
30.205334659177943	-1
30.205334659177943	2
30.208945574166336	-1
30.21255648915473	-1
30.21616740414312	-1
30.21616740414312	2
30.219778319131514	-1
30.223389234119907	-1
30.2270001491083	-1
30.2270001491083	2
30.2270001491083	2
30.230611064096692	-1
30.230611064096692	2
30.234221979085085	-1
30.237832894073478	-1
30.24144380906187	-1
30.245054724050263	-1
30.248665639038656	-1
30.25227655402705	-1
30.25588746901544	-1
30.25588746901544	2
30.259498384003834	-1
30.259498384003834	2
30.263109298992227	-1
30.263109298992227	2
30.26672021398062	-1
30.270331128969012	-1
30.273942043957405	-1
30.277552958945797	-1
30.28116387393419	-1
30.284774788922583	-1
30.284774788922583	2
30.288385703910976	-1
30.288385703910976	2
30.288385703910976	2
30.29199661889937	-1
30.29560753388776	-1
30.299218448876154	-1
30.302829363864547	-1
30.30644027885294	-1
30.30644027885294	2
30.310051193841332	-1
30.310051193841332	2
30.313662108829725	-1
30.313662108829725	2
30.317273023818117	-1
30.32088393880651	-1
30.324494853794903	-1
30.324494853794903	2
30.328105768783296	-1
30.33171668377169	-1
30.33171668377169	2
30.33532759876008	-1
30.338938513748474	-1
30.342549428736866	-1
30.342549428736866	2
30.34616034372526	-1
30.349771258713652	-1
30.353382173702045	-1
30.356993088690437	-1
30.356993088690437	2
30.356993088690437	2
30.36060400367883	-1
30.364214918667223	-1
30.367825833655615	-1
30.371436748644008	-1
30.3750476636324	-1
30.378658578620794	-1
30.378658578620794	2
30.382269493609186	-1
30.38588040859758	-1
30.389491323585972	-1
30.393102238574365	-1
30.396713153562757	-1
30.396713153562757	2
30.40032406855115	-1
30.403934983539543	-1
30.407545898527935	-1
30.411156813516328	-1
30.41476772850472	-1
30.418378643493114	-1
30.421989558481506	-1
30.4256004734699	-1
30.42921138845829	-1
30.432822303446684	-1
30.436433218435077	-1
30.436433218435077	2
30.44004413342347	-1
30.443655048411863	-1
30.447265963400255	-1
30.447265963400255	2
30.450876878388648	-1
30.45448779337704	-1
30.458098708365434	-1
30.461709623353826	-1
30.46532053834222	-1
30.46893145333061	-1
30.46893145333061	2
30.472542368319004	-1
30.476153283307397	-1
30.47976419829579	-1
30.483375113284183	-1
30.486986028272575	-1
30.490596943260968	-1
30.49420785824936	-1
30.497818773237753	-1
30.497818773237753	2
30.501429688226146	-1
30.50504060321454	-1
30.50865151820293	-1
30.512262433191324	-1
30.515873348179717	-1
30.51948426316811	-1
30.523095178156503	-1
30.526706093144895	-1
30.530317008133288	-1
30.53392792312168	-1
30.537538838110073	-1
30.541149753098466	-1
30.541149753098466	2
30.54476066808686	-1
30.54837158307525	-1
30.551982498063644	-1
30.555593413052037	-1
30.55920432804043	-1
30.562815243028822	-1
30.566426158017215	-1
30.566426158017215	2
30.570037073005608	-1
30.573647987994	-1
30.577258902982393	-1
30.580869817970786	-1
30.58448073295918	-1
30.58809164794757	-1
30.591702562935964	-1
30.591702562935964	2
30.595313477924357	-1
30.59892439291275	-1
30.602535307901142	-1
30.606146222889535	-1
30.606146222889535	2
30.609757137877928	-1
30.61336805286632	-1
30.616978967854713	-1
30.620589882843106	-1
30.6242007978315	-1
30.62781171281989	-1
30.62781171281989	2
30.631422627808284	-1
30.635033542796677	-1
30.63864445778507	-1
30.642255372773462	-1
30.645866287761855	-1
30.649477202750248	-1
30.65308811773864	-1
30.656699032727033	-1
30.660309947715426	-1
30.660309947715426	2
30.66392086270382	-1
30.66753177769221	-1
30.671142692680604	-1
30.674753607668997	-1
30.674753607668997	2
30.67836452265739	-1
30.681975437645782	-1
30.685586352634175	-1
30.685586352634175	2
30.689197267622568	-1
30.689197267622568	2
30.69280818261096	-1
30.696419097599353	-1
30.700030012587746	-1
30.700030012587746	2
30.70364092757614	-1
30.70725184256453	-1
30.710862757552924	-1
30.710862757552924	2
30.714473672541317	-1
30.71808458752971	-1
30.721695502518102	-1
30.725306417506495	-1
30.728917332494888	-1
30.73252824748328	-1
30.736139162471673	-1
30.739750077460066	-1
30.739750077460066	2
30.74336099244846	-1
30.74697190743685	-1
30.750582822425244	-1
30.750582822425244	2
30.754193737413637	-1
30.75780465240203	-1
30.75780465240203	2
30.761415567390422	-1
30.761415567390422	2
30.765026482378815	-1
30.765026482378815	2
30.768637397367208	-1
30.7722483123556	-1
30.775859227343993	-1
30.779470142332386	-1
30.78308105732078	-1
30.78308105732078	2
30.78669197230917	-1
30.790302887297564	-1
30.793913802285957	-1
30.79752471727435	-1
30.79752471727435	2
30.801135632262742	-1
30.804746547251135	-1
30.808357462239528	-1
30.81196837722792	-1
30.81196837722792	2
30.815579292216313	-1
30.819190207204706	-1
30.819190207204706	2
30.8228011221931	-1
30.8228011221931	2
30.8228011221931	2
30.82641203718149	-1
30.830022952169884	-1
30.833633867158277	-1
30.83724478214667	-1
30.83724478214667	2
30.840855697135062	-1
30.840855697135062	2
30.844466612123455	-1
30.844466612123455	2
30.848077527111847	-1
30.85168844210024	-1
30.85168844210024	2
30.855299357088633	-1
30.858910272077026	-1
30.858910272077026	2
30.86252118706542	-1
30.86613210205381	-1
30.869743017042204	-1
30.873353932030597	-1
30.873353932030597	2
30.87696484701899	-1
30.880575762007382	-1
30.884186676995775	-1
30.887797591984167	-1
30.89140850697256	-1
30.895019421960953	-1
30.898630336949346	-1
30.90224125193774	-1
30.90224125193774	2
30.90585216692613	-1
30.909463081914524	-1
30.909463081914524	2
30.913073996902916	-1
30.91668491189131	-1
30.920295826879702	-1
30.923906741868095	-1
30.927517656856487	-1
30.93112857184488	-1
30.934739486833273	-1
30.938350401821666	-1
30.938350401821666	2
30.94196131681006	-1
30.94557223179845	-1
30.949183146786844	-1
30.952794061775236	-1
30.95640497676363	-1
30.95640497676363	2
30.960015891752022	-1
30.963626806740415	-1
30.967237721728807	-1
30.967237721728807	2
30.9708486367172	-1
30.974459551705593	-1
30.978070466693985	-1
30.981681381682378	-1
30.98529229667077	-1
30.98529229667077	2
30.988903211659164	-1
30.988903211659164	2
30.992514126647556	-1
30.99612504163595	-1
30.999735956624342	-1
30.999735956624342	2
31.003346871612735	-1
31.003346871612735	2
31.006957786601127	-1
31.01056870158952	-1
31.014179616577913	-1
31.014179616577913	2
31.017790531566305	-1
31.021401446554698	-1
31.021401446554698	2
31.02501236154309	-1
31.028623276531484	-1
31.032234191519876	-1
31.03584510650827	-1
31.03945602149666	-1
31.043066936485054	-1
31.046677851473447	-1
31.05028876646184	-1
31.05028876646184	2
31.05028876646184	2
31.053899681450233	-1
31.057510596438625	-1
31.061121511427018	-1
31.06473242641541	-1
31.068343341403803	-1
31.068343341403803	2
31.071954256392196	-1
31.07556517138059	-1
31.07917608636898	-1
31.082787001357374	-1
31.082787001357374	2
31.082787001357374	2
31.086397916345767	-1
31.09000883133416	-1
31.093619746322553	-1
31.097230661310945	-1
31.100841576299338	-1
31.10445249128773	-1
31.108063406276123	-1
31.111674321264516	-1
31.11528523625291	-1
31.11528523625291	2
31.1188961512413	-1
31.122507066229694	-1
31.126117981218087	-1
31.126117981218087	2
31.12972889620648	-1
31.133339811194872	-1
31.136950726183265	-1
31.136950726183265	2
31.140561641171658	-1
31.14417255616005	-1
31.147783471148443	-1
31.151394386136836	-1
31.15500530112523	-1
31.15861621611362	-1
31.162227131102014	-1
31.162227131102014	2
31.162227131102014	2
31.165838046090407	-1
31.1694489610788	-1
31.173059876067192	-1
31.176670791055585	-1
31.180281706043978	-1
31.18389262103237	-1
31.18389262103237	2
31.187503536020763	-1
31.187503536020763	2
31.191114451009156	-1
31.19472536599755	-1
31.19833628098594	-1
31.201947195974334	-1
31.205558110962727	-1
31.20916902595112	-1
31.212779940939512	-1
31.216390855927905	-1
31.220001770916298	-1
31.22361268590469	-1
31.227223600893083	-1
31.230834515881476	-1
31.230834515881476	2
31.23444543086987	-1
31.23444543086987	2
31.23805634585826	-1
31.241667260846654	-1
31.245278175835047	-1
31.24888909082344	-1
31.252500005811832	-1
31.256110920800225	-1
31.259721835788618	-1
31.26333275077701	-1
31.266943665765403	-1
31.270554580753796	-1
31.27416549574219	-1
31.27416549574219	2
31.27777641073058	-1
31.281387325718974	-1
31.284998240707367	-1
31.28860915569576	-1
31.292220070684152	-1
31.295830985672545	-1
31.299441900660938	-1
31.30305281564933	-1
31.30305281564933	2
31.306663730637723	-1
31.310274645626116	-1
31.31388556061451	-1
31.3174964756029	-1
31.321107390591294	-1
31.324718305579687	-1
31.324718305579687	2
31.32832922056808	-1
31.331940135556472	-1
31.335551050544865	-1
31.339161965533258	-1
31.34277288052165	-1
31.346383795510043	-1
31.349994710498436	-1
31.349994710498436	2
31.349994710498436	2
31.35360562548683	-1
31.35360562548683	2
31.35721654047522	-1
31.360827455463614	-1
31.364438370452007	-1
31.3680492854404	-1
31.3680492854404	2
31.371660200428792	-1
31.371660200428792	2
31.375271115417185	-1
31.375271115417185	2
31.375271115417185	2
31.378882030405578	-1
31.38249294539397	-1
31.38249294539397	2
31.386103860382363	-1
31.389714775370756	-1
31.39332569035915	-1
31.39332569035915	2
31.39332569035915	2
31.39693660534754	-1
31.39693660534754	2
31.400547520335934	-1
31.404158435324327	-1
31.404158435324327	2
31.40776935031272	-1
31.40776935031272	2
31.411380265301112	-1
31.414991180289505	-1
31.418602095277897	-1
31.42221301026629	-1
31.425823925254683	-1
31.425823925254683	2
31.429434840243076	-1
31.429434840243076	2
31.43304575523147	-1
31.43304575523147	2
31.43665667021986	-1
31.440267585208254	-1
31.443878500196647	-1
31.44748941518504	-1
31.44748941518504	2
31.451100330173432	-1
31.451100330173432	2
31.454711245161825	-1
31.458322160150217	-1
31.46193307513861	-1
31.465543990127003	-1
31.469154905115396	-1
31.47276582010379	-1
31.47637673509218	-1
31.479987650080574	-1
31.483598565068966	-1
31.48720948005736	-1
31.490820395045752	-1
31.490820395045752	2
31.494431310034145	-1
31.494431310034145	2
31.494431310034145	2
31.498042225022537	-1
31.50165314001093	-1
31.505264054999323	-1
31.508874969987716	-1
31.51248588497611	-1
31.5160967999645	-1
31.519707714952894	-1
31.519707714952894	2
31.519707714952894	2
31.523318629941286	-1
31.52692954492968	-1
31.530540459918072	-1
31.534151374906465	-1
31.534151374906465	2
31.537762289894857	-1
31.54137320488325	-1
31.544984119871643	-1
31.548595034860035	-1
31.552205949848428	-1
31.552205949848428	2
31.55581686483682	-1
31.559427779825214	-1
31.563038694813606	-1
31.563038694813606	2
31.566649609802	-1
31.570260524790392	-1
31.573871439778785	-1
31.577482354767177	-1
31.58109326975557	-1
31.584704184743963	-1
31.588315099732355	-1
31.588315099732355	2
31.591926014720748	-1
31.59553692970914	-1
31.599147844697534	-1
31.602758759685926	-1
31.602758759685926	2
31.602758759685926	2
31.60636967467432	-1
31.60998058966271	-1
31.613591504651104	-1
31.613591504651104	2
31.617202419639497	-1
31.62081333462789	-1
31.62081333462789	2
31.624424249616283	-1
31.628035164604675	-1
31.631646079593068	-1
31.63525699458146	-1
31.638867909569854	-1
31.642478824558246	-1
31.642478824558246	2
31.64608973954664	-1
31.64970065453503	-1
31.653311569523424	-1
31.656922484511817	-1
31.66053339950021	-1
31.664144314488603	-1
31.667755229476995	-1
31.671366144465388	-1
31.67497705945378	-1
31.678587974442173	-1
31.682198889430566	-1
31.68580980441896	-1
31.68942071940735	-1
31.693031634395744	-1
31.696642549384137	-1
31.70025346437253	-1
31.703864379360922	-1
31.707475294349315	-1
31.711086209337708	-1
31.711086209337708	2
31.7146971243261	-1
31.718308039314493	-1
31.718308039314493	2
31.721918954302886	-1
31.72552986929128	-1
31.72914078427967	-1
31.732751699268064	-1
31.736362614256457	-1
31.73997352924485	-1
31.743584444233242	-1
31.747195359221635	-1
31.750806274210028	-1
31.750806274210028	2
31.75441718919842	-1
31.758028104186813	-1
31.761639019175206	-1
31.7652499341636	-1
31.76886084915199	-1
31.772471764140384	-1
31.776082679128777	-1
31.77969359411717	-1
31.783304509105562	-1
31.786915424093955	-1
31.786915424093955	2
31.790526339082348	-1
31.79413725407074	-1
31.797748169059133	-1
31.801359084047526	-1
31.80496999903592	-1
31.80496999903592	2
31.80496999903592	2
31.80858091402431	-1
31.80858091402431	2
31.812191829012704	-1
31.815802744001097	-1
31.815802744001097	2
31.81941365898949	-1
31.823024573977882	-1
31.826635488966275	-1
31.826635488966275	2
31.830246403954668	-1
31.83385731894306	-1
31.837468233931453	-1
31.841079148919846	-1
31.84469006390824	-1
31.84830097889663	-1
31.851911893885024	-1
31.855522808873417	-1
31.85913372386181	-1
31.85913372386181	2
31.85913372386181	2
31.862744638850202	-1
31.866355553838595	-1
31.869966468826988	-1
31.87357738381538	-1
31.877188298803773	-1
31.880799213792166	-1
31.880799213792166	2
31.88441012878056	-1
31.88441012878056	2
31.88802104376895	-1
31.891631958757344	-1
31.891631958757344	2
31.891631958757344	2
31.895242873745737	-1
31.89885378873413	-1
31.902464703722522	-1
31.906075618710915	-1
31.909686533699308	-1
31.909686533699308	2
31.9132974486877	-1
31.916908363676093	-1
31.916908363676093	2
31.920519278664486	-1
31.920519278664486	2
31.92413019365288	-1
31.92774110864127	-1
31.931352023629664	-1
31.934962938618057	-1
31.93857385360645	-1
31.942184768594842	-1
31.945795683583235	-1
31.949406598571628	-1
31.949406598571628	2
31.95301751356002	-1
31.956628428548413	-1
31.960239343536806	-1
31.9638502585252	-1
31.96746117351359	-1
31.971072088501984	-1
31.974683003490377	-1
31.97829391847877	-1
31.981904833467162	-1
31.985515748455555	-1
31.989126663443948	-1
31.99273757843234	-1
31.996348493420733	-1
31.999959408409126	-1
32.00357032339752	-1
32.00718123838591	-1
32.010792153374304	-1
32.010792153374304	2
32.0144030683627	-1
32.01801398335109	-1
32.02162489833948	-1
32.025235813327875	-1
32.02884672831627	-1
32.03245764330466	-1
32.03606855829305	-1
32.039679473281446	-1
32.04329038826984	-1
32.04690130325823	-1
32.050512218246624	-1
32.05412313323502	-1
32.05773404822341	-1
32.05773404822341	2
32.05773404822341	2
32.0613449632118	-1
32.064955878200195	-1
32.06856679318859	-1
32.06856679318859	2
32.07217770817698	-1
32.07578862316537	-1
32.079399538153766	-1
32.079399538153766	2
32.08301045314216	-1
32.08301045314216	2
32.08662136813055	-1
32.090232283118944	-1
32.093843198107336	-1
32.09745411309573	-1
32.10106502808412	-1
32.104675943072515	-1
32.10828685806091	-1
32.1118977730493	-1
32.11550868803769	-1
32.119119603026085	-1
32.119119603026085	2
32.12273051801448	-1
32.12634143300287	-1
32.129952347991264	-1
32.133563262979656	-1
32.133563262979656	2
32.13717417796805	-1
32.14078509295644	-1
32.14078509295644	2
32.144396007944835	-1
32.14800692293323	-1
32.15161783792162	-1
32.15522875291001	-1
32.15522875291001	2
32.15522875291001	2
32.158839667898405	-1
32.1624505828868	-1
32.16606149787519	-1
32.169672412863584	-1
32.173283327851976	-1
32.17689424284037	-1
32.18050515782876	-1
32.184116072817154	-1
32.18772698780555	-1
32.19133790279394	-1
32.19494881778233	-1
32.198559732770725	-1
32.20217064775912	-1
32.20578156274751	-1
32.2093924777359	-1
32.213003392724296	-1
32.21661430771269	-1
32.22022522270108	-1
32.223836137689474	-1
32.22744705267787	-1
32.23105796766626	-1
32.23466888265465	-1
32.238279797643045	-1
32.24189071263144	-1
32.24550162761983	-1
32.24911254260822	-1
32.252723457596616	-1
32.25633437258501	-1
32.2599452875734	-1
32.263556202561794	-1
32.26716711755019	-1
32.26716711755019	2
32.27077803253858	-1
32.27438894752697	-1
32.277999862515365	-1
32.277999862515365	2
32.28161077750376	-1
32.28161077750376	2
32.28522169249215	-1
32.28883260748054	-1
32.292443522468936	-1
32.29605443745733	-1
32.29966535244572	-1
32.303276267434114	-1
32.30688718242251	-1
32.3104980974109	-1
32.31410901239929	-1
32.317719927387685	-1
32.32133084237608	-1
32.32494175736447	-1
32.32855267235286	-1
32.332163587341256	-1
32.33577450232965	-1
32.33938541731804	-1
32.342996332306434	-1
32.34660724729483	-1
32.35021816228322	-1
32.35382907727161	-1
32.35382907727161	2
32.35382907727161	2
32.35382907727161	2
32.357439992260005	-1
32.3610509072484	-1
32.36466182223679	-1
32.36827273722518	-1
32.371883652213576	-1
32.37549456720197	-1
32.37549456720197	2
32.37910548219036	-1
32.382716397178754	-1
32.38632731216715	-1
32.38993822715554	-1
32.39354914214393	-1
32.397160057132325	-1
32.40077097212072	-1
32.40077097212072	2
32.40438188710911	-1
32.40438188710911	2
32.4079928020975	-1
32.411603717085896	-1
32.411603717085896	2
32.41521463207429	-1
32.41882554706268	-1
32.422436462051074	-1
32.42604737703947	-1
32.42604737703947	2
32.42965829202786	-1
32.43326920701625	-1
32.436880122004645	-1
32.44049103699304	-1
32.44410195198143	-1
32.44771286696982	-1
32.451323781958216	-1
32.45493469694661	-1
32.458545611935	-1
32.462156526923394	-1
32.462156526923394	2
32.46576744191179	-1
32.46937835690018	-1
32.47298927188857	-1
32.47298927188857	2
32.476600186876965	-1
32.48021110186536	-1
32.48382201685375	-1
32.48743293184214	-1
32.48743293184214	2
32.491043846830536	-1
32.49465476181893	-1
32.49826567680732	-1
32.501876591795714	-1
32.50548750678411	-1
32.50548750678411	2
32.5090984217725	-1
32.51270933676089	-1
32.516320251749285	-1
32.516320251749285	2
32.51993116673768	-1
32.52354208172607	-1
32.52715299671446	-1
32.530763911702856	-1
32.53437482669125	-1
32.53798574167964	-1
32.541596656668034	-1
32.54520757165643	-1
32.54520757165643	2
32.54881848664482	-1
32.55242940163321	-1
32.556040316621605	-1
32.556040316621605	2
32.55965123161	-1
32.56326214659839	-1
32.56687306158678	-1
32.570483976575176	-1
32.570483976575176	2
32.57409489156357	-1
32.57409489156357	2
32.57770580655196	-1
32.57770580655196	2
32.581316721540354	-1
32.58492763652875	-1
32.58853855151714	-1
32.59214946650553	-1
32.59214946650553	2
32.595760381493925	-1
32.59937129648232	-1
32.60298221147071	-1
32.60298221147071	2
32.6065931264591	-1
32.610204041447496	-1
32.61381495643589	-1
32.61381495643589	2
32.61381495643589	2
32.61742587142428	-1
32.621036786412674	-1
32.62464770140107	-1
32.62825861638946	-1
32.63186953137785	-1
32.635480446366245	-1
32.63909136135464	-1
32.64270227634303	-1
32.64631319133142	-1
32.64631319133142	2
32.649924106319816	-1
32.65353502130821	-1
32.6571459362966	-1
32.660756851284994	-1
32.66436776627339	-1
32.66797868126178	-1
32.67158959625017	-1
32.67158959625017	2
32.675200511238565	-1
32.67881142622696	-1
32.68242234121535	-1
32.68603325620374	-1
32.689644171192136	-1
32.69325508618053	-1
32.69686600116892	-1
32.700476916157314	-1
32.700476916157314	2
32.700476916157314	2
32.704087831145706	-1
32.7076987461341	-1
32.71130966112249	-1
32.714920576110885	-1
32.71853149109928	-1
32.72214240608767	-1
32.72214240608767	2
32.72575332107606	-1
32.729364236064455	-1
32.73297515105285	-1
32.73297515105285	2
32.73658606604124	-1
32.740196981029634	-1
32.743807896018026	-1
32.74741881100642	-1
32.75102972599481	-1
32.754640640983204	-1
32.7582515559716	-1
32.7582515559716	2
32.76186247095999	-1
32.76547338594838	-1
32.769084300936775	-1
32.77269521592517	-1
32.77630613091356	-1
32.77991704590195	-1
32.783527960890346	-1
32.783527960890346	2
32.78713887587874	-1
32.79074979086713	-1
32.794360705855524	-1
32.794360705855524	2
32.79797162084392	-1
32.80158253583231	-1
32.8051934508207	-1
32.808804365809095	-1
32.81241528079749	-1
32.81602619578588	-1
32.81963711077427	-1
32.823248025762666	-1
32.82685894075106	-1
32.83046985573945	-1
32.834080770727844	-1
32.83769168571624	-1
32.84130260070463	-1
32.84491351569302	-1
32.848524430681415	-1
32.85213534566981	-1
32.8557462606582	-1
32.85935717564659	-1
32.862968090634986	-1
32.86657900562338	-1
32.87018992061177	-1
32.873800835600164	-1
32.87741175058856	-1
32.87741175058856	2
32.88102266557695	-1
32.88463358056534	-1
32.888244495553735	-1
32.888244495553735	2
32.89185541054213	-1
32.89185541054213	2
32.89546632553052	-1
32.89907724051891	-1
32.902688155507306	-1
32.9062990704957	-1
32.90990998548409	-1
32.913520900472484	-1
32.913520900472484	2
32.91713181546088	-1
32.92074273044927	-1
32.92435364543766	-1
32.927964560426055	-1
32.93157547541445	-1
32.93518639040284	-1
32.93879730539123	-1
32.942408220379626	-1
32.94601913536802	-1
32.94963005035641	-1
32.953240965344804	-1
32.9568518803332	-1
32.96046279532159	-1
32.96046279532159	2
32.96407371030998	-1
32.967684625298375	-1
32.97129554028677	-1
32.97490645527516	-1
32.97851737026355	-1
32.982128285251946	-1
32.98573920024034	-1
32.98935011522873	-1
32.992961030217124	-1
32.99657194520552	-1
33.00018286019391	-1
33.0037937751823	-1
33.007404690170695	-1
33.01101560515909	-1
33.01462652014748	-1
33.01462652014748	2
33.01823743513587	-1
33.01823743513587	2
33.021848350124266	-1
33.021848350124266	2
33.02545926511266	-1
33.02545926511266	2
33.02907018010105	-1
33.02907018010105	2
33.032681095089444	-1
33.032681095089444	2
33.03629201007784	-1
33.03990292506623	-1
33.04351384005462	-1
33.047124755043015	-1
33.05073567003141	-1
33.0543465850198	-1
33.05795750000819	-1
33.061568414996586	-1
33.06517932998498	-1
33.06879024497337	-1
33.072401159961764	-1
33.07601207495016	-1
33.07601207495016	2
33.07962298993855	-1
33.08323390492694	-1
33.08323390492694	2
33.086844819915335	-1
33.09045573490373	-1
33.09406664989212	-1
33.09406664989212	2
33.09767756488051	-1
33.09767756488051	2
33.101288479868906	-1
33.101288479868906	2
33.1048993948573	-1
33.10851030984569	-1
33.112121224834084	-1
33.112121224834084	2
33.11573213982248	-1
33.11934305481087	-1
33.12295396979926	-1
33.126564884787655	-1
33.13017579977605	-1
33.13378671476444	-1
33.13739762975283	-1
33.141008544741226	-1
33.14461945972962	-1
33.14461945972962	2
33.14823037471801	-1
33.151841289706404	-1
33.1554522046948	-1
33.1554522046948	2
33.15906311968319	-1
33.16267403467158	-1
33.166284949659975	-1
33.166284949659975	2
33.16989586464837	-1
33.16989586464837	2
33.17350677963676	-1
33.17350677963676	2
33.17711769462515	-1
33.17711769462515	2
33.17711769462515	2
33.180728609613546	-1
33.18433952460194	-1
33.18795043959033	-1
33.191561354578724	-1
33.19517226956712	-1
33.19878318455551	-1
33.2023940995439	-1
33.206005014532295	-1
33.20961592952069	-1
33.20961592952069	2
33.21322684450908	-1
33.21683775949747	-1
33.220448674485866	-1
33.22405958947426	-1
33.22405958947426	2
33.22767050446265	-1
33.22767050446265	2
33.231281419451044	-1
33.23489233443944	-1
33.23489233443944	2
33.23850324942783	-1
33.23850324942783	2
33.24211416441622	-1
33.245725079404615	-1
33.24933599439301	-1
33.2529469093814	-1
33.25655782436979	-1
33.260168739358186	-1
33.26377965434658	-1
33.26739056933497	-1
33.26739056933497	2
33.271001484323364	-1
33.271001484323364	2
33.274612399311756	-1
33.27822331430015	-1
33.28183422928854	-1
33.285445144276935	-1
33.28905605926533	-1
33.29266697425372	-1
33.29266697425372	2
33.29627788924211	-1
33.299888804230505	-1
33.3034997192189	-1
33.30711063420729	-1
33.30711063420729	2
33.310721549195684	-1
33.310721549195684	2
33.314332464184076	-1
33.31794337917247	-1
33.32155429416086	-1
33.325165209149255	-1
33.325165209149255	2
33.32877612413765	-1
33.33238703912604	-1
33.33599795411443	-1
33.339608869102825	-1
33.34321978409122	-1
33.34683069907961	-1
33.350441614068004	-1
33.354052529056396	-1
33.35766344404479	-1
33.36127435903318	-1
33.364885274021574	-1
33.36849618900997	-1
33.37210710399836	-1
33.37571801898675	-1
33.37571801898675	2
33.37571801898675	2
33.379328933975145	-1
33.38293984896354	-1
33.38293984896354	2
33.38655076395193	-1
33.39016167894032	-1
33.393772593928716	-1
33.39738350891711	-1
33.4009944239055	-1
33.4009944239055	2
33.4009944239055	2
33.404605338893894	-1
33.40821625388229	-1
33.41182716887068	-1
33.41543808385907	-1
33.41543808385907	2
33.419048998847465	-1
33.419048998847465	2
33.42265991383586	-1
33.42265991383586	2
33.42627082882425	-1
33.42988174381264	-1
33.42988174381264	2
33.42988174381264	2
33.433492658801036	-1
33.43710357378943	-1
33.44071448877782	-1
33.444325403766214	-1
33.44793631875461	-1
33.44793631875461	2
33.451547233743	-1
33.45515814873139	-1
33.458769063719785	-1
33.458769063719785	2
33.46237997870818	-1
33.46599089369657	-1
33.46960180868496	-1
33.473212723673356	-1
33.47682363866175	-1
33.48043455365014	-1
33.48043455365014	2
33.484045468638534	-1
33.48765638362693	-1
33.48765638362693	2
33.49126729861532	-1
33.49487821360371	-1
33.498489128592105	-1
33.498489128592105	2
33.5021000435805	-1
33.5021000435805	2
33.50571095856889	-1
33.50932187355728	-1
33.512932788545676	-1
33.512932788545676	2
33.51654370353407	-1
33.52015461852246	-1
33.523765533510854	-1
33.52737644849925	-1
33.52737644849925	2
33.53098736348764	-1
33.53459827847603	-1
33.538209193464425	-1
33.54182010845282	-1
33.54543102344121	-1
33.54543102344121	2
33.5490419384296	-1
33.552652853417996	-1
33.55626376840639	-1
33.55987468339478	-1
33.563485598383174	-1
33.56709651337157	-1
33.57070742835996	-1
33.57431834334835	-1
33.577929258336745	-1
33.577929258336745	2
33.58154017332514	-1
33.58154017332514	2
33.58515108831353	-1
33.58876200330192	-1
33.592372918290316	-1
33.592372918290316	2
33.59598383327871	-1
33.5995947482671	-1
33.603205663255494	-1
33.60681657824389	-1
33.61042749323228	-1
33.61403840822067	-1
33.617649323209065	-1
33.62126023819746	-1
33.62487115318585	-1
33.62848206817424	-1
33.632092983162636	-1
33.63570389815103	-1
33.63931481313942	-1
33.642925728127814	-1
33.64653664311621	-1
33.6501475581046	-1
33.6501475581046	2
33.6501475581046	2
33.65375847309299	-1
33.657369388081385	-1
33.66098030306978	-1
33.66459121805817	-1
33.66459121805817	2
33.66820213304656	-1
33.671813048034956	-1
33.67542396302335	-1
33.67903487801174	-1
33.682645793000134	-1
33.68625670798853	-1
33.68986762297692	-1
33.68986762297692	2
33.69347853796531	-1
33.69347853796531	2
33.697089452953705	-1
33.697089452953705	2
33.7007003679421	-1
33.70431128293049	-1
33.70431128293049	2
33.70792219791888	-1
33.711533112907276	-1
33.71514402789567	-1
33.71514402789567	2
33.71875494288406	-1
33.722365857872454	-1
33.722365857872454	2
33.72597677286085	-1
33.72958768784924	-1
33.73319860283763	-1
33.736809517826025	-1
33.74042043281442	-1
33.74042043281442	2
33.74403134780281	-1
33.74403134780281	2
33.7476422627912	-1
33.7476422627912	2
33.7476422627912	2
33.751253177779596	-1
33.75486409276799	-1
33.75847500775638	-1
33.762085922744774	-1
33.762085922744774	2
33.76569683773317	-1
33.76930775272156	-1
33.76930775272156	2
33.76930775272156	2
33.77291866770995	-1
33.77291866770995	2
33.77291866770995	2
33.776529582698345	-1
33.78014049768674	-1
33.78375141267513	-1
33.78736232766352	-1
33.790973242651916	-1
33.79458415764031	-1
33.79458415764031	2
33.79458415764031	2
33.79458415764031	2
33.79458415764031	2
33.7981950726287	-1
33.801805987617094	-1
33.801805987617094	2
33.80541690260549	-1
33.80902781759388	-1
33.81263873258227	-1
33.816249647570665	-1
33.81986056255906	-1
33.82347147754745	-1
33.82708239253584	-1
33.830693307524236	-1
33.83430422251263	-1
33.83791513750102	-1
33.841526052489414	-1
33.845136967477806	-1
33.8487478824662	-1
33.85235879745459	-1
33.855969712442985	-1
33.85958062743138	-1
33.85958062743138	2
33.85958062743138	2
33.86319154241977	-1
33.86319154241977	2
33.86680245740816	-1
33.86680245740816	2
33.870413372396555	-1
33.87402428738495	-1
33.87402428738495	2
33.87763520237334	-1
33.881246117361734	-1
33.884857032350126	-1
33.88846794733852	-1
33.89207886232691	-1
33.895689777315305	-1
33.8993006923037	-1
33.90291160729209	-1
33.90652252228048	-1
33.910133437268875	-1
33.91374435225727	-1
33.91735526724566	-1
33.920966182234054	-1
33.920966182234054	2
33.924577097222446	-1
33.92818801221084	-1
33.93179892719923	-1
33.93179892719923	2
33.93179892719923	2
33.935409842187624	-1
33.93902075717602	-1
33.94263167216441	-1
33.9462425871528	-1
33.949853502141195	-1
33.95346441712959	-1
33.95707533211798	-1
33.96068624710637	-1
33.96068624710637	2
33.964297162094766	-1
33.96790807708316	-1
33.97151899207155	-1
33.975129907059944	-1
33.97874082204834	-1
33.98235173703673	-1
33.98596265202512	-1
33.989573567013515	-1
33.99318448200191	-1
33.9967953969903	-1
34.00040631197869	-1
34.004017226967086	-1
34.00762814195548	-1
34.01123905694387	-1
34.014849971932264	-1
34.01846088692066	-1
34.02207180190905	-1
34.02568271689744	-1
34.029293631885835	-1
34.03290454687423	-1
34.03651546186262	-1
34.04012637685101	-1
34.043737291839406	-1
34.043737291839406	2
34.0473482068278	-1
34.05095912181619	-1
34.054570036804584	-1
34.054570036804584	2
34.05818095179298	-1
34.05818095179298	2
34.06179186678137	-1
34.06540278176976	-1
34.069013696758155	-1
34.069013696758155	2
34.07262461174655	-1
34.07623552673494	-1
34.07984644172333	-1
34.083457356711726	-1
34.08706827170012	-1
34.09067918668851	-1
34.09067918668851	2
34.094290101676904	-1
34.0979010166653	-1
34.10151193165369	-1
34.10512284664208	-1
34.108733761630475	-1
34.11234467661887	-1
34.11595559160726	-1
34.11595559160726	2
34.11956650659565	-1
34.123177421584046	-1
34.12678833657244	-1
34.12678833657244	2
34.12678833657244	2
34.13039925156083	-1
34.134010166549224	-1
34.13762108153762	-1
34.14123199652601	-1
34.1448429115144	-1
34.1448429115144	2
34.148453826502795	-1
34.15206474149119	-1
34.15567565647958	-1
34.15928657146797	-1
34.162897486456366	-1
34.16650840144476	-1
34.16650840144476	2
34.17011931643315	-1
34.17011931643315	2
34.173730231421544	-1
34.17734114640994	-1
34.17734114640994	2
34.18095206139833	-1
34.18456297638672	-1
34.188173891375115	-1
34.188173891375115	2
34.19178480636351	-1
34.1953957213519	-1
34.19900663634029	-1
34.19900663634029	2
34.19900663634029	2
34.202617551328686	-1
34.202617551328686	2
34.20622846631708	-1
34.20983938130547	-1
34.213450296293864	-1
34.21706121128226	-1
34.22067212627065	-1
34.22428304125904	-1
34.227893956247435	-1
34.227893956247435	2
34.23150487123583	-1
34.23511578622422	-1
34.23511578622422	2
34.23872670121261	-1
34.23872670121261	2
34.242337616201006	-1
34.2459485311894	-1
34.2459485311894	2
34.24955944617779	-1
34.253170361166184	-1
34.253170361166184	2
34.25678127615458	-1
34.26039219114297	-1
34.26400310613136	-1
34.26400310613136	2
34.267614021119755	-1
34.267614021119755	2
34.267614021119755	2
34.27122493610815	-1
34.27483585109654	-1
34.27844676608493	-1
34.282057681073326	-1
34.282057681073326	2
34.28566859606172	-1
34.28927951105011	-1
34.292890426038504	-1
34.2965013410269	-1
34.30011225601529	-1
34.30372317100368	-1
34.307334085992075	-1
34.31094500098047	-1
34.31455591596886	-1
34.31816683095725	-1
34.321777745945646	-1
34.32538866093404	-1
34.32538866093404	2
34.32899957592243	-1
34.32899957592243	2
34.332610490910824	-1
34.33622140589922	-1
34.33622140589922	2
34.33983232088761	-1
34.33983232088761	2
34.343443235876	-1
34.347054150864395	-1
34.35066506585279	-1
34.35066506585279	2
34.35427598084118	-1
34.35788689582957	-1
34.35788689582957	2
34.361497810817966	-1
34.36510872580636	-1
34.36510872580636	2
34.36871964079475	-1
34.372330555783144	-1
34.37594147077154	-1
34.37955238575993	-1
34.37955238575993	2
34.38316330074832	-1
34.386774215736715	-1
34.386774215736715	2
34.39038513072511	-1
34.3939960457135	-1
34.39760696070189	-1
34.39760696070189	2
34.401217875690286	-1
34.40482879067868	-1
34.40482879067868	2
34.40843970566707	-1
34.412050620655464	-1
34.412050620655464	2
34.415661535643856	-1
34.415661535643856	2
34.41927245063225	-1
34.42288336562064	-1
34.42288336562064	2
34.426494280609035	-1
34.43010519559743	-1
34.43010519559743	2
34.43371611058582	-1
34.43371611058582	2
34.43732702557421	-1
34.440937940562605	-1
34.444548855551	-1
34.44815977053939	-1
34.451770685527784	-1
34.451770685527784	2
34.455381600516176	-1
34.45899251550457	-1
34.46260343049296	-1
34.466214345481355	-1
34.46982526046975	-1
34.47343617545814	-1
34.47704709044653	-1
34.480658005434925	-1
34.48426892042332	-1
34.48787983541171	-1
34.491490750400104	-1
34.495101665388496	-1
34.49871258037689	-1
34.50232349536528	-1
34.505934410353674	-1
34.505934410353674	2
34.505934410353674	2
34.50954532534207	-1
34.50954532534207	2
34.51315624033046	-1
34.51676715531885	-1
34.51676715531885	2
34.520378070307245	-1
34.52398898529564	-1
34.52759990028403	-1
34.53121081527242	-1
34.534821730260816	-1
34.534821730260816	2
34.53843264524921	-1
34.53843264524921	2
34.5420435602376	-1
34.545654475225994	-1
34.545654475225994	2
34.545654475225994	2
34.54926539021439	-1
34.55287630520278	-1
34.55648722019117	-1
34.560098135179565	-1
34.560098135179565	2
34.560098135179565	2
34.56370905016796	-1
34.56731996515635	-1
34.57093088014474	-1
34.574541795133136	-1
34.57815271012153	-1
34.58176362510992	-1
34.585374540098314	-1
34.58898545508671	-1
34.58898545508671	2
34.5925963700751	-1
34.59620728506349	-1
34.599818200051885	-1
34.60342911504028	-1
34.60704003002867	-1
34.61065094501706	-1
34.614261860005456	-1
34.61787277499385	-1
34.62148368998224	-1
34.62148368998224	2
34.625094604970634	-1
34.62870551995903	-1
34.62870551995903	2
34.63231643494742	-1
34.63592734993581	-1
34.639538264924205	-1
34.639538264924205	2
34.6431491799126	-1
34.64676009490099	-1
34.65037100988938	-1
34.653981924877776	-1
34.65759283986617	-1
34.66120375485456	-1
34.664814669842954	-1
34.66842558483135	-1
34.67203649981974	-1
34.67564741480813	-1
34.67564741480813	2
34.679258329796525	-1
34.68286924478492	-1
34.68648015977331	-1
34.68648015977331	2
34.6900910747617	-1
34.693701989750096	-1
34.693701989750096	2
34.69731290473849	-1
34.70092381972688	-1
34.704534734715274	-1
34.70814564970367	-1
34.71175656469206	-1
34.71536747968045	-1
34.718978394668845	-1
34.72258930965724	-1
34.72620022464563	-1
34.72981113963402	-1
34.733422054622416	-1
34.733422054622416	2
34.73703296961081	-1
34.73703296961081	2
34.7406438845992	-1
34.744254799587594	-1
34.74786571457599	-1
34.75147662956438	-1
34.75508754455277	-1
34.758698459541165	-1
34.76230937452956	-1
34.76592028951795	-1
34.76592028951795	2
34.76953120450634	-1
34.773142119494736	-1
34.773142119494736	2
34.773142119494736	2
34.77675303448313	-1
34.77675303448313	2
34.78036394947152	-1
34.783974864459914	-1
34.78758577944831	-1
34.7911966944367	-1
34.79480760942509	-1
34.79480760942509	2
34.798418524413485	-1
34.80202943940188	-1
34.80564035439027	-1
34.80925126937866	-1
34.812862184367056	-1
34.81647309935545	-1
34.82008401434384	-1
34.823694929332234	-1
34.82730584432063	-1
34.83091675930902	-1
34.83091675930902	2
34.83452767429741	-1
34.838138589285805	-1
34.8417495042742	-1
34.8417495042742	2
34.84536041926259	-1
34.84897133425098	-1
34.852582249239376	-1
34.85619316422777	-1
34.85980407921616	-1
34.863414994204554	-1
34.86702590919295	-1
34.86702590919295	2
34.86702590919295	2
34.87063682418134	-1
34.87424773916973	-1
34.877858654158125	-1
34.877858654158125	2
34.88146956914652	-1
34.88508048413491	-1
34.8886913991233	-1
34.892302314111696	-1
34.89591322910009	-1
34.89952414408848	-1
34.903135059076874	-1
34.90674597406527	-1
34.90674597406527	2
34.91035688905366	-1
34.91035688905366	2
34.91396780404205	-1
34.91396780404205	2
34.917578719030445	-1
34.92118963401884	-1
34.92480054900723	-1
34.92480054900723	2
34.92841146399562	-1
34.932022378984016	-1
34.93563329397241	-1
34.9392442089608	-1
34.9392442089608	2
34.942855123949194	-1
34.942855123949194	2
34.94646603893759	-1
34.95007695392598	-1
34.95368786891437	-1
34.957298783902765	-1
34.957298783902765	2
34.96090969889116	-1
34.96452061387955	-1
34.96813152886794	-1
34.96813152886794	2
34.971742443856336	-1
34.97535335884473	-1
34.97896427383312	-1
34.982575188821514	-1
34.98618610380991	-1
34.9897970187983	-1
34.99340793378669	-1
34.997018848775085	-1
34.997018848775085	2
35.00062976376348	-1
35.00062976376348	2
35.00424067875187	-1
35.00785159374026	-1
35.011462508728656	-1
35.011462508728656	2
35.01507342371705	-1
35.01868433870544	-1
35.022295253693834	-1
35.025906168682226	-1
35.02951708367062	-1
35.03312799865901	-1
35.03312799865901	2
35.036738913647405	-1
35.036738913647405	2
35.0403498286358	-1
35.04396074362419	-1
35.04757165861258	-1
35.051182573600975	-1
35.051182573600975	2
35.051182573600975	2
35.05479348858937	-1
35.05840440357776	-1
35.062015318566154	-1
35.065626233554546	-1
35.06923714854294	-1
35.07284806353133	-1
35.07284806353133	2
35.07284806353133	2
35.076458978519724	-1
35.076458978519724	2
35.08006989350812	-1
35.08006989350812	2
35.08368080849651	-1
35.0872917234849	-1
35.090902638473295	-1
35.09451355346169	-1
35.09812446845008	-1
35.10173538343847	-1
35.10173538343847	2
35.105346298426866	-1
35.10895721341526	-1
35.11256812840365	-1
35.116179043392044	-1
35.11978995838044	-1
35.12340087336883	-1
35.12340087336883	2
35.12701178835722	-1
35.130622703345615	-1
35.13423361833401	-1
35.1378445333224	-1
35.14145544831079	-1
35.14145544831079	2
35.145066363299186	-1
35.14867727828758	-1
35.15228819327597	-1
35.155899108264364	-1
35.15951002325276	-1
35.15951002325276	2
35.16312093824115	-1
35.16673185322954	-1
35.170342768217935	-1
35.17395368320633	-1
35.17756459819472	-1
35.18117551318311	-1
35.184786428171506	-1
35.1883973431599	-1
35.19200825814829	-1
35.195619173136684	-1
35.19923008812508	-1
35.20284100311347	-1
35.20645191810186	-1
35.210062833090255	-1
35.21367374807865	-1
35.21728466306704	-1
35.21728466306704	2
35.21728466306704	2
35.22089557805543	-1
35.224506493043826	-1
35.22811740803222	-1
35.22811740803222	2
35.23172832302061	-1
35.23172832302061	2
35.235339238009004	-1
35.2389501529974	-1
35.24256106798579	-1
35.24617198297418	-1
35.24617198297418	2
35.249782897962575	-1
35.25339381295097	-1
35.25339381295097	2
35.25700472793936	-1
35.26061564292775	-1
35.26061564292775	2
35.264226557916146	-1
35.264226557916146	2
35.26783747290454	-1
35.27144838789293	-1
35.275059302881324	-1
35.275059302881324	2
35.27867021786972	-1
35.28228113285811	-1
35.28228113285811	2
35.2858920478465	-1
35.289502962834895	-1
35.29311387782329	-1
35.29672479281168	-1
35.30033570780007	-1
35.303946622788466	-1
35.30755753777686	-1
35.31116845276525	-1
35.31116845276525	2
35.314779367753644	-1
35.31839028274204	-1
35.32200119773043	-1
35.32561211271882	-1
35.329223027707215	-1
35.33283394269561	-1
35.336444857684	-1
35.34005577267239	-1
35.343666687660786	-1
35.343666687660786	2
35.34727760264918	-1
35.35088851763757	-1
35.354499432625964	-1
35.354499432625964	2
35.35811034761436	-1
35.36172126260275	-1
35.36533217759114	-1
35.368943092579535	-1
35.37255400756793	-1
35.37616492255632	-1
35.37977583754471	-1
35.383386752533106	-1
35.3869976675215	-1
35.39060858250989	-1
35.394219497498284	-1
35.394219497498284	2
35.39783041248668	-1
35.40144132747507	-1
35.40505224246346	-1
35.408663157451855	-1
35.41227407244025	-1
35.41588498742864	-1
35.41949590241703	-1
35.423106817405426	-1
35.42671773239382	-1
35.43032864738221	-1
35.433939562370604	-1
35.437550477359	-1
35.44116139234739	-1
35.44477230733578	-1
35.448383222324175	-1
35.45199413731257	-1
35.45560505230096	-1
35.45921596728935	-1
35.462826882277746	-1
35.46643779726614	-1
35.47004871225453	-1
35.47004871225453	2
35.473659627242924	-1
35.473659627242924	2
35.47727054223132	-1
35.48088145721971	-1
35.4844923722081	-1
35.488103287196495	-1
35.49171420218489	-1
35.49532511717328	-1
35.49532511717328	2
35.49532511717328	2
35.49893603216167	-1
35.502546947150066	-1
35.50615786213846	-1
35.50976877712685	-1
35.513379692115244	-1
35.513379692115244	2
35.51699060710364	-1
35.52060152209203	-1
35.52060152209203	2
35.52421243708042	-1
35.527823352068815	-1
35.53143426705721	-1
35.53143426705721	2
35.53143426705721	2
35.5350451820456	-1
35.53865609703399	-1
35.542267012022386	-1
35.54587792701078	-1
35.54948884199917	-1
35.553099756987564	-1
35.55671067197596	-1
35.56032158696435	-1
35.56032158696435	2
35.56393250195274	-1
35.567543416941135	-1
35.57115433192953	-1
35.57115433192953	2
35.57476524691792	-1
35.57476524691792	2
35.57837616190631	-1
35.581987076894706	-1
35.5855979918831	-1
35.58920890687149	-1
35.592819821859884	-1
35.596430736848276	-1
35.596430736848276	2
35.60004165183667	-1
35.60365256682506	-1
35.60365256682506	2
35.60365256682506	2
35.607263481813455	-1
35.607263481813455	2
35.61087439680185	-1
35.61448531179024	-1
35.61809622677863	-1
35.621707141767025	-1
35.62531805675542	-1
35.62531805675542	2
35.62531805675542	2
35.62892897174381	-1
35.62892897174381	2
35.632539886732204	-1
35.632539886732204	2
35.636150801720596	-1
35.63976171670899	-1
35.63976171670899	2
35.63976171670899	2
35.64337263169738	-1
35.646983546685775	-1
35.646983546685775	2
35.65059446167417	-1
35.65420537666256	-1
35.65420537666256	2
35.65781629165095	-1
35.661427206639345	-1
35.66503812162774	-1
35.66864903661613	-1
35.66864903661613	2
35.672259951604524	-1
35.672259951604524	2
35.675870866592916	-1
35.67948178158131	-1
35.6830926965697	-1
35.686703611558094	-1
35.69031452654649	-1
35.69031452654649	2
35.69392544153488	-1
35.69392544153488	2
35.69392544153488	2
35.69753635652327	-1
35.701147271511665	-1
35.70475818650006	-1
35.70836910148845	-1
35.71198001647684	-1
35.715590931465236	-1
35.715590931465236	2
35.71920184645363	-1
35.72281276144202	-1
35.726423676430414	-1
35.726423676430414	2
35.73003459141881	-1
35.73003459141881	2
35.7336455064072	-1
35.73725642139559	-1
35.740867336383985	-1
35.740867336383985	2
35.74447825137238	-1
35.74808916636077	-1
35.75170008134916	-1
35.75170008134916	2
35.755310996337556	-1
35.755310996337556	2
35.75892191132595	-1
35.75892191132595	2
35.76253282631434	-1
35.766143741302734	-1
35.766143741302734	2
35.76975465629113	-1
35.77336557127952	-1
35.77336557127952	2
35.77697648626791	-1
35.77697648626791	2
35.77697648626791	2
35.780587401256305	-1
35.7841983162447	-1
35.7841983162447	2
35.78780923123309	-1
35.79142014622148	-1
35.795031061209876	-1
35.79864197619827	-1
35.79864197619827	2
35.80225289118666	-1
35.80225289118666	2
35.805863806175054	-1
35.80947472116345	-1
35.81308563615184	-1
35.81669655114023	-1
35.820307466128625	-1
35.82391838111702	-1
35.82752929610541	-1
35.8311402110938	-1
35.834751126082196	-1
35.83836204107059	-1
35.84197295605898	-1
35.84197295605898	2
35.845583871047374	-1
35.845583871047374	2
35.84919478603577	-1
35.85280570102416	-1
35.85641661601255	-1
35.860027531000945	-1
35.860027531000945	2
35.860027531000945	2
35.86363844598934	-1
35.86363844598934	2
35.86724936097773	-1
35.87086027596612	-1
35.874471190954516	-1
35.87808210594291	-1
35.8816930209313	-1
35.885303935919694	-1
35.88891485090809	-1
35.89252576589648	-1
35.89613668088487	-1
35.89613668088487	2
35.899747595873265	-1
35.90335851086166	-1
35.90335851086166	2
35.90696942585005	-1
35.90696942585005	2
35.91058034083844	-1
35.91058034083844	2
35.914191255826836	-1
35.91780217081523	-1
35.92141308580362	-1
35.92141308580362	2
35.925024000792014	-1
35.92863491578041	-1
35.92863491578041	2
35.9322458307688	-1
35.9322458307688	2
35.93585674575719	-1
35.93585674575719	2
35.939467660745585	-1
35.94307857573398	-1
35.94668949072237	-1
35.94668949072237	2
35.95030040571076	-1
35.95030040571076	2
35.953911320699156	-1
35.95752223568755	-1
35.96113315067594	-1
35.964744065664334	-1
35.96835498065273	-1
35.97196589564112	-1
35.97196589564112	2
35.97557681062951	-1
35.979187725617905	-1
35.9827986406063	-1
35.9827986406063	2
35.98640955559469	-1
35.99002047058308	-1
35.993631385571476	-1
35.99724230055987	-1
35.99724230055987	2
36.00085321554826	-1
36.004464130536654	-1
36.00807504552505	-1
36.01168596051344	-1
36.01529687550183	-1
36.018907790490225	-1
36.018907790490225	2
36.02251870547862	-1
36.02251870547862	2
36.02612962046701	-1
36.0297405354554	-1
36.033351450443796	-1
36.033351450443796	2
36.03696236543219	-1
36.04057328042058	-1
36.044184195408974	-1
36.04779511039737	-1
36.05140602538576	-1
36.05501694037415	-1
36.058627855362545	-1
36.058627855362545	2
36.06223877035094	-1
36.06584968533933	-1
36.06584968533933	2
36.06946060032772	-1
36.06946060032772	2
36.073071515316116	-1
36.07668243030451	-1
36.0802933452929	-1
36.083904260281294	-1
36.08751517526969	-1
36.09112609025808	-1
36.09473700524647	-1
36.098347920234865	-1
36.10195883522326	-1
36.10556975021165	-1
36.10918066520004	-1
36.112791580188436	-1
36.11640249517683	-1
36.12001341016522	-1
36.123624325153614	-1
36.12723524014201	-1
36.1308461551304	-1
36.13445707011879	-1
36.13445707011879	2
36.138067985107185	-1
36.138067985107185	2
36.14167890009558	-1
36.14167890009558	2
36.14528981508397	-1
36.14890073007236	-1
36.14890073007236	2
36.152511645060756	-1
36.15612256004915	-1
36.15973347503754	-1
36.163344390025934	-1
36.166955305014326	-1
36.17056622000272	-1
36.17417713499111	-1
36.177788049979505	-1
36.1813989649679	-1
36.1813989649679	2
36.18500987995629	-1
36.18862079494468	-1
36.192231709933075	-1
36.192231709933075	2
36.19584262492147	-1
36.19945353990986	-1
36.203064454898254	-1
36.206675369886646	-1
36.21028628487504	-1
36.21389719986343	-1
36.217508114851825	-1
36.217508114851825	2
36.22111902984022	-1
36.22472994482861	-1
36.228340859817	-1
36.231951774805395	-1
36.231951774805395	2
36.23556268979379	-1
36.23917360478218	-1
36.242784519770574	-1
36.246395434758966	-1
36.25000634974736	-1
36.25361726473575	-1
36.257228179724144	-1
36.26083909471254	-1
36.26445000970093	-1
36.26445000970093	2
36.26806092468932	-1
36.271671839677715	-1
36.27528275466611	-1
36.2788936696545	-1
36.28250458464289	-1
36.286115499631286	-1
36.286115499631286	2
36.28972641461968	-1
36.29333732960807	-1
36.29333732960807	2
36.29333732960807	2
36.296948244596464	-1
36.296948244596464	2
36.30055915958486	-1
36.30055915958486	2
36.30417007457325	-1
36.30778098956164	-1
36.311391904550035	-1
36.31500281953843	-1
36.31861373452682	-1
36.32222464951521	-1
36.325835564503606	-1
36.329446479492	-1
36.329446479492	2
36.329446479492	2
36.33305739448039	-1
36.336668309468784	-1
36.34027922445718	-1
36.34389013944557	-1
36.34750105443396	-1
36.351111969422355	-1
36.351111969422355	2
36.35472288441075	-1
36.35472288441075	2
36.35833379939914	-1
36.36194471438753	-1
36.365555629375926	-1
36.36916654436432	-1
36.37277745935271	-1
36.376388374341104	-1
36.3799992893295	-1
36.38361020431789	-1
36.38722111930628	-1
36.390832034294675	-1
36.39444294928307	-1
36.39805386427146	-1
36.40166477925985	-1
36.40166477925985	2
36.405275694248246	-1
36.405275694248246	2
36.40888660923664	-1
36.40888660923664	2
36.41249752422503	-1
36.41249752422503	2
36.416108439213424	-1
36.41971935420182	-1
36.42333026919021	-1
36.42333026919021	2
36.42333026919021	2
36.42333026919021	2
36.4269411841786	-1
36.430552099166995	-1
36.430552099166995	2
36.43416301415539	-1
36.43777392914378	-1
36.44138484413217	-1
36.444995759120566	-1
36.44860667410896	-1
36.44860667410896	2
36.45221758909735	-1
36.455828504085744	-1
36.45943941907414	-1
36.45943941907414	2
36.46305033406253	-1
36.46666124905092	-1
36.470272164039315	-1
36.47388307902771	-1
36.4774939940161	-1
36.48110490900449	-1
36.484715823992886	-1
36.48832673898128	-1
36.49193765396967	-1
36.495548568958064	-1
36.49915948394646	-1
36.49915948394646	2
36.50277039893485	-1
36.50638131392324	-1
36.509992228911635	-1
36.51360314390003	-1
36.51360314390003	2
36.51360314390003	2
36.51721405888842	-1
36.52082497387681	-1
36.524435888865206	-1
36.5280468038536	-1
36.53165771884199	-1
36.535268633830384	-1
36.53887954881878	-1
36.54249046380717	-1
36.54610137879556	-1
36.549712293783955	-1
36.55332320877235	-1
36.55693412376074	-1
36.56054503874913	-1
36.564155953737526	-1
36.56776686872592	-1
36.57137778371431	-1
36.574988698702704	-1
36.574988698702704	2
36.5785996136911	-1
36.58221052867949	-1
36.58221052867949	2
36.58582144366788	-1
36.589432358656275	-1
36.59304327364467	-1
36.59304327364467	2
36.59665418863306	-1
36.60026510362145	-1
36.603876018609846	-1
36.60748693359824	-1
36.61109784858663	-1
36.614708763575024	-1
36.61831967856342	-1
36.62193059355181	-1
36.6255415085402	-1
36.629152423528595	-1
36.629152423528595	2
36.63276333851699	-1
36.63637425350538	-1
36.63637425350538	2
36.63637425350538	2
36.63998516849377	-1
36.63998516849377	2
36.643596083482166	-1
36.64720699847056	-1
36.65081791345895	-1
36.654428828447344	-1
36.65803974343574	-1
36.66165065842413	-1
36.66526157341252	-1
36.668872488400915	-1
36.67248340338931	-1
36.6760943183777	-1
36.67970523336609	-1
36.683316148354486	-1
36.68692706334288	-1
36.69053797833127	-1
36.694148893319664	-1
36.694148893319664	2
36.69775980830806	-1
36.70137072329645	-1
36.70498163828484	-1
36.70498163828484	2
36.708592553273235	-1
36.71220346826163	-1
36.71220346826163	2
36.71581438325002	-1
36.71942529823841	-1
36.723036213226806	-1
36.723036213226806	2
36.723036213226806	2
36.7266471282152	-1
36.7266471282152	2
36.73025804320359	-1
36.733868958191984	-1
36.733868958191984	2
36.733868958191984	2
36.737479873180376	-1
36.74109078816877	-1
36.74470170315716	-1
36.748312618145555	-1
36.75192353313395	-1
36.75192353313395	2
36.75553444812234	-1
36.75914536311073	-1
36.762756278099125	-1
36.762756278099125	2
36.76636719308752	-1
36.76636719308752	2
36.76997810807591	-1
36.76997810807591	2
36.76997810807591	2
36.76997810807591	2
36.773589023064304	-1
36.777199938052696	-1
36.78081085304109	-1
36.78442176802948	-1
36.788032683017875	-1
36.79164359800627	-1
36.79525451299466	-1
36.79886542798305	-1
36.802476342971445	-1
36.802476342971445	2
36.80608725795984	-1
36.80608725795984	2
36.80969817294823	-1
36.80969817294823	2
36.813309087936624	-1
36.816920002925016	-1
36.816920002925016	2
36.82053091791341	-1
36.8241418329018	-1
36.8241418329018	2
36.827752747890194	-1
36.83136366287859	-1
36.83497457786698	-1
36.83858549285537	-1
36.842196407843765	-1
36.84580732283216	-1
36.84941823782055	-1
36.85302915280894	-1
36.856640067797336	-1
36.856640067797336	2
36.86025098278573	-1
36.86386189777412	-1
36.867472812762514	-1
36.87108372775091	-1
36.8746946427393	-1
36.87830555772769	-1
36.881916472716085	-1
36.88552738770448	-1
36.88913830269287	-1
36.89274921768126	-1
36.89274921768126	2
36.896360132669656	-1
36.89997104765805	-1
36.90358196264644	-1
36.907192877634834	-1
36.907192877634834	2
36.91080379262323	-1
36.91441470761162	-1
36.91802562260001	-1
36.921636537588405	-1
36.9252474525768	-1
36.9252474525768	2
36.92885836756519	-1
36.92885836756519	2
36.93246928255358	-1
36.936080197541976	-1
36.93969111253037	-1
36.94330202751876	-1
36.94330202751876	2
36.946912942507154	-1
36.95052385749555	-1
36.95413477248394	-1
36.95774568747233	-1
36.961356602460725	-1
36.96496751744912	-1
36.96496751744912	2
36.96857843243751	-1
36.9721893474259	-1
36.9721893474259	2
36.975800262414296	-1
36.97941117740269	-1
36.98302209239108	-1
36.98302209239108	2
36.986633007379474	-1
36.99024392236787	-1
36.99024392236787	2
36.99024392236787	2
36.99385483735626	-1
36.99746575234465	-1
37.001076667333045	-1
37.00468758232144	-1
37.00468758232144	2
37.00829849730983	-1
37.01190941229822	-1
37.015520327286616	-1
37.01913124227501	-1
37.0227421572634	-1
37.026353072251794	-1
37.026353072251794	2
37.02996398724019	-1
37.03357490222858	-1
37.03718581721697	-1
37.040796732205365	-1
37.04440764719376	-1
37.04801856218215	-1
37.05162947717054	-1
37.055240392158936	-1
37.05885130714733	-1
37.06246222213572	-1
37.066073137124114	-1
37.06968405211251	-1
37.0732949671009	-1
37.07690588208929	-1
37.080516797077685	-1
37.08412771206608	-1
37.08773862705447	-1
37.09134954204286	-1
37.094960457031256	-1
37.09857137201965	-1
37.09857137201965	2
37.10218228700804	-1
37.10218228700804	2
37.105793201996434	-1
37.10940411698483	-1
37.11301503197322	-1
37.11301503197322	2
37.11662594696161	-1
37.11662594696161	2
37.120236861950005	-1
37.1238477769384	-1
37.12745869192679	-1
37.13106960691518	-1
37.13106960691518	2
37.134680521903576	-1
37.13829143689197	-1
37.14190235188036	-1
37.145513266868754	-1
37.14912418185715	-1
37.14912418185715	2
37.14912418185715	2
37.15273509684554	-1
37.15634601183393	-1
37.15634601183393	2
37.159956926822325	-1
37.16356784181072	-1
37.16717875679911	-1
37.1707896717875	-1
37.174400586775896	-1
37.17801150176429	-1
37.18162241675268	-1
37.185233331741074	-1
37.18884424672947	-1
37.18884424672947	2
37.19245516171786	-1
37.19606607670625	-1
37.199676991694645	-1
37.20328790668304	-1
37.20689882167143	-1
37.20689882167143	2
37.21050973665982	-1
37.214120651648216	-1
37.21773156663661	-1
37.21773156663661	2
37.221342481625	-1
37.224953396613394	-1
37.22856431160179	-1
37.23217522659018	-1
37.23578614157857	-1
37.23578614157857	2
37.239397056566965	-1
37.24300797155536	-1
37.24661888654375	-1
37.25022980153214	-1
37.253840716520536	-1
37.253840716520536	2
37.25745163150893	-1
37.26106254649732	-1
37.264673461485714	-1
37.264673461485714	2
37.26828437647411	-1
37.2718952914625	-1
37.27550620645089	-1
37.279117121439285	-1
37.279117121439285	2
37.28272803642768	-1
37.28633895141607	-1
37.28994986640446	-1
37.293560781392856	-1
37.29717169638125	-1
37.30078261136964	-1
37.304393526358034	-1
37.30800444134643	-1
37.31161535633482	-1
37.31522627132321	-1
37.318837186311605	-1
37.3224481013	-1
37.32605901628839	-1
37.32966993127678	-1
37.333280846265176	-1
37.33689176125357	-1
37.33689176125357	2
37.34050267624196	-1
37.344113591230354	-1
37.344113591230354	2
37.347724506218746	-1
37.35133542120714	-1
37.35494633619553	-1
37.358557251183925	-1
37.36216816617232	-1
37.36577908116071	-1
37.3693899961491	-1
37.3693899961491	2
37.373000911137495	-1
37.37661182612589	-1
37.38022274111428	-1
37.383833656102674	-1
37.387444571091066	-1
37.387444571091066	2
37.39105548607946	-1
37.39466640106785	-1
37.398277316056245	-1
37.40188823104464	-1
37.40549914603303	-1
37.40911006102142	-1
37.412720976009815	-1
37.41633189099821	-1
37.4199428059866	-1
37.423553720974994	-1
37.427164635963386	-1
37.43077555095178	-1
37.43077555095178	2
37.43438646594017	-1
37.437997380928564	-1
37.44160829591696	-1
37.44521921090535	-1
37.44883012589374	-1
37.452441040882135	-1
37.45605195587053	-1
37.45605195587053	2
37.45605195587053	2
37.45966287085892	-1
37.46327378584731	-1
37.466884700835706	-1
37.4704956158241	-1
37.47410653081249	-1
37.477717445800884	-1
37.477717445800884	2
37.48132836078928	-1
37.48493927577767	-1
37.48855019076606	-1
37.48855019076606	2
37.492161105754455	-1
37.49577202074285	-1
37.49938293573124	-1
37.50299385071963	-1
37.506604765708026	-1
37.51021568069642	-1
37.51382659568481	-1
37.517437510673204	-1
37.5210484256616	-1
37.52465934064999	-1
37.52827025563838	-1
37.531881170626775	-1
37.53549208561517	-1
37.53549208561517	2
37.53910300060356	-1
37.54271391559195	-1
37.546324830580346	-1
37.546324830580346	2
37.54993574556874	-1
37.55354666055713	-1
37.55354666055713	2
37.557157575545524	-1
37.557157575545524	2
37.56076849053392	-1
37.56437940552231	-1
37.5679903205107	-1
37.571601235499095	-1
37.57521215048749	-1
37.57882306547588	-1
37.58243398046427	-1
37.586044895452666	-1
37.58965581044106	-1
37.59326672542945	-1
37.59326672542945	2
37.596877640417844	-1
37.60048855540624	-1
37.60409947039463	-1
37.60409947039463	2
37.60771038538302	-1
37.611321300371415	-1
37.61493221535981	-1
37.6185431303482	-1
37.62215404533659	-1
37.62215404533659	2
37.625764960324986	-1
37.62937587531338	-1
37.63298679030177	-1
37.636597705290164	-1
37.64020862027856	-1
37.64381953526695	-1
37.64743045025534	-1
37.651041365243735	-1
37.65465228023213	-1
37.65826319522052	-1
37.66187411020891	-1
37.665485025197306	-1
37.6690959401857	-1
37.67270685517409	-1
37.676317770162484	-1
37.676317770162484	2
37.67992868515088	-1
37.67992868515088	2
37.67992868515088	2
37.68353960013927	-1
37.68715051512766	-1
37.690761430116055	-1
37.69437234510445	-1
37.69798326009284	-1
37.70159417508123	-1
37.705205090069626	-1
37.70881600505802	-1
37.71242692004641	-1
37.716037835034804	-1
37.716037835034804	2
37.7196487500232	-1
37.72325966501159	-1
37.72687057999998	-1
37.730481494988375	-1
37.73409240997677	-1
37.73770332496516	-1
37.74131423995355	-1
37.744925154941946	-1
37.74853606993034	-1
37.75214698491873	-1
37.755757899907124	-1
37.75936881489552	-1
37.76297972988391	-1
37.7665906448723	-1
37.770201559860695	-1
37.77381247484909	-1
37.77381247484909	2
37.77742338983748	-1
37.78103430482587	-1
37.784645219814266	-1
37.78825613480266	-1
37.78825613480266	2
37.79186704979105	-1
37.79186704979105	2
37.795477964779444	-1
37.79908887976784	-1
37.80269979475623	-1
37.80269979475623	2
37.80631070974462	-1
37.809921624733015	-1
37.809921624733015	2
37.809921624733015	2
37.81353253972141	-1
37.8171434547098	-1
37.82075436969819	-1
37.824365284686586	-1
37.82797619967498	-1
37.82797619967498	2
37.83158711466337	-1
37.835198029651764	-1
37.835198029651764	2
37.83880894464016	-1
37.84241985962855	-1
37.84603077461694	-1
37.849641689605335	-1
37.849641689605335	2
37.849641689605335	2
37.85325260459373	-1
37.85686351958212	-1
37.86047443457051	-1
37.86047443457051	2
37.864085349558906	-1
37.8676962645473	-1
37.87130717953569	-1
37.874918094524084	-1
37.87852900951248	-1
37.88213992450087	-1
37.88575083948926	-1
37.889361754477655	-1
37.889361754477655	2
37.89297266946605	-1
37.89658358445444	-1
37.90019449944283	-1
37.903805414431226	-1
37.903805414431226	2
37.90741632941962	-1
37.90741632941962	2
37.91102724440801	-1
37.914638159396404	-1
37.918249074384796	-1
37.92185998937319	-1
37.92547090436158	-1
37.929081819349975	-1
37.929081819349975	2
37.93269273433837	-1
37.93630364932676	-1
37.93991456431515	-1
37.943525479303545	-1
37.94713639429194	-1
37.95074730928033	-1
37.954358224268724	-1
37.957969139257116	-1
37.96158005424551	-1
37.9651909692339	-1
37.968801884222295	-1
37.97241279921069	-1
37.97602371419908	-1
37.97963462918747	-1
37.983245544175865	-1
37.98685645916426	-1
37.98685645916426	2
37.99046737415265	-1
37.994078289141044	-1
37.997689204129436	-1
38.00130011911783	-1
38.00130011911783	2
38.00130011911783	2
38.00491103410622	-1
38.008521949094614	-1
38.01213286408301	-1
38.0157437790714	-1
38.01935469405979	-1
38.022965609048185	-1
38.022965609048185	2
38.022965609048185	2
38.02657652403658	-1
38.03018743902497	-1
38.03018743902497	2
38.03379835401336	-1
38.037409269001756	-1
38.04102018399015	-1
38.04463109897854	-1
38.048242013966934	-1
38.05185292895533	-1
38.05546384394372	-1
38.05907475893211	-1
38.05907475893211	2
38.062685673920505	-1
38.0662965889089	-1
38.06990750389729	-1
38.06990750389729	2
38.07351841888568	-1
38.07351841888568	2
38.077129333874076	-1
38.08074024886247	-1
38.08435116385086	-1
38.087962078839254	-1
38.09157299382765	-1
38.09518390881604	-1
38.09879482380443	-1
38.102405738792825	-1
38.102405738792825	2
38.10601665378122	-1
38.10962756876961	-1
38.113238483758	-1
38.116849398746396	-1
38.12046031373479	-1
38.12407122872318	-1
38.127682143711574	-1
38.13129305869997	-1
38.13129305869997	2
38.13490397368836	-1
38.13851488867675	-1
38.142125803665145	-1
38.14573671865354	-1
38.14934763364193	-1
38.14934763364193	2
38.15295854863032	-1
38.156569463618716	-1
38.16018037860711	-1
38.1637912935955	-1
38.167402208583894	-1
38.17101312357229	-1
38.17462403856068	-1
38.17823495354907	-1
38.181845868537465	-1
38.18545678352586	-1
38.18545678352586	2
38.18906769851425	-1
38.19267861350264	-1
38.196289528491036	-1
38.19990044347943	-1
38.20351135846782	-1
38.207122273456214	-1
38.21073318844461	-1
38.214344103433	-1
38.21795501842139	-1
38.21795501842139	2
38.221565933409785	-1
38.22517684839818	-1
38.22878776338657	-1
38.23239867837496	-1
38.236009593363356	-1
38.23962050835175	-1
38.23962050835175	2
38.24323142334014	-1
38.246842338328534	-1
38.25045325331693	-1
38.25406416830532	-1
38.25767508329371	-1
38.261285998282105	-1
38.2648969132705	-1
38.26850782825889	-1
38.27211874324728	-1
38.275729658235676	-1
38.275729658235676	2
38.27934057322407	-1
38.28295148821246	-1
38.286562403200854	-1
38.286562403200854	2
38.286562403200854	2
38.29017331818925	-1
38.29378423317764	-1
38.29378423317764	2
38.29739514816603	-1
38.301006063154425	-1
38.30461697814282	-1
38.30461697814282	2
38.30461697814282	2
38.30822789313121	-1
38.3118388081196	-1
38.3118388081196	2
38.315449723107996	-1
38.31906063809639	-1
38.31906063809639	2
38.32267155308478	-1
38.32267155308478	2
38.32267155308478	2
38.326282468073174	-1
38.326282468073174	2
38.326282468073174	2
38.32989338306157	-1
38.33350429804996	-1
38.33350429804996	2
38.33711521303835	-1
38.340726128026745	-1
38.34433704301514	-1
38.34794795800353	-1
38.34794795800353	2
38.35155887299192	-1
38.355169787980316	-1
38.35878070296871	-1
38.3623916179571	-1
38.366002532945494	-1
38.36961344793389	-1
38.37322436292228	-1
38.37683527791067	-1
38.380446192899065	-1
38.38405710788746	-1
38.38405710788746	2
38.38405710788746	2
38.38766802287585	-1
38.39127893786424	-1
38.394889852852636	-1
38.39850076784103	-1
38.40211168282942	-1
38.40211168282942	2
38.405722597817814	-1
38.40933351280621	-1
38.4129444277946	-1
38.4129444277946	2
38.41655534278299	-1
38.41655534278299	2
38.420166257771385	-1
38.42377717275978	-1
38.42738808774817	-1
38.43099900273656	-1
38.43099900273656	2
38.434609917724956	-1
38.434609917724956	2
38.43822083271335	-1
38.44183174770174	-1
38.445442662690134	-1
38.445442662690134	2
38.445442662690134	2
38.44905357767853	-1
38.45266449266692	-1
38.45627540765531	-1
38.459886322643705	-1
38.4634972376321	-1
38.46710815262049	-1
38.47071906760888	-1
38.474329982597276	-1
38.47794089758567	-1
38.48155181257406	-1
38.485162727562454	-1
38.485162727562454	2
38.488773642550846	-1
38.488773642550846	2
38.49238455753924	-1
38.49599547252763	-1
38.499606387516025	-1
38.50321730250442	-1
38.50682821749281	-1
38.5104391324812	-1
38.514050047469595	-1
38.51766096245799	-1
38.51766096245799	2
38.52127187744638	-1
38.524882792434774	-1
38.528493707423166	-1
38.53210462241156	-1
38.53210462241156	2
38.53571553739995	-1
38.53571553739995	2
38.539326452388345	-1
38.539326452388345	2
38.54293736737674	-1
38.54654828236513	-1
38.55015919735352	-1
38.553770112341915	-1
38.55738102733031	-1
38.55738102733031	2
38.5609919423187	-1
38.5609919423187	2
38.564602857307094	-1
38.568213772295486	-1
38.57182468728388	-1
38.57543560227227	-1
38.57543560227227	2
38.579046517260664	-1
38.58265743224906	-1
38.58626834723745	-1
38.58987926222584	-1
38.593490177214235	-1
38.59710109220263	-1
38.59710109220263	2
38.60071200719102	-1
38.60432292217941	-1
38.607933837167806	-1
38.6115447521562	-1
38.61515566714459	-1
38.61515566714459	2
38.618766582132984	-1
38.62237749712138	-1
38.62598841210977	-1
38.62959932709816	-1
38.633210242086555	-1
38.633210242086555	2
38.63682115707495	-1
38.64043207206334	-1
38.64404298705173	-1
38.647653902040126	-1
38.65126481702852	-1
38.65487573201691	-1
38.658486647005304	-1
38.6620975619937	-1
38.66570847698209	-1
38.66931939197048	-1
38.66931939197048	2
38.672930306958875	-1
38.67654122194727	-1
38.68015213693566	-1
38.68376305192405	-1
38.687373966912446	-1
38.687373966912446	2
38.687373966912446	2
38.69098488190084	-1
38.69459579688923	-1
38.698206711877624	-1
38.70181762686602	-1
38.70542854185441	-1
38.7090394568428	-1
38.712650371831195	-1
38.71626128681959	-1
38.71987220180798	-1
38.71987220180798	2
38.72348311679637	-1
38.727094031784766	-1
38.727094031784766	2
38.73070494677316	-1
38.73070494677316	2
38.73431586176155	-1
38.73431586176155	2
38.737926776749944	-1
38.74153769173834	-1
38.74514860672673	-1
38.74875952171512	-1
38.752370436703515	-1
38.752370436703515	2
38.75598135169191	-1
38.75598135169191	2
38.7595922666803	-1
38.76320318166869	-1
38.766814096657086	-1
38.77042501164548	-1
38.77403592663387	-1
38.777646841622264	-1
38.777646841622264	2
38.777646841622264	2
38.777646841622264	2
38.78125775661066	-1
38.78486867159905	-1
38.78847958658744	-1
38.792090501575835	-1
38.79570141656423	-1
38.79931233155262	-1
38.80292324654101	-1
38.806534161529406	-1
38.8101450765178	-1
38.81375599150619	-1
38.817366906494584	-1
38.817366906494584	2
38.82097782148298	-1
38.82458873647137	-1
38.82458873647137	2
38.82819965145976	-1
38.831810566448155	-1
38.83542148143655	-1
38.83903239642494	-1
38.83903239642494	2
38.84264331141333	-1
38.846254226401726	-1
38.84986514139012	-1
38.85347605637851	-1
38.857086971366904	-1
38.857086971366904	2
38.8606978863553	-1
38.86430880134369	-1
38.86791971633208	-1
38.871530631320475	-1
38.87514154630887	-1
38.87514154630887	2
38.87514154630887	2
38.87875246129726	-1
38.87875246129726	2
38.88236337628565	-1
38.885974291274046	-1
38.88958520626244	-1
38.89319612125083	-1
38.896807036239224	-1
38.896807036239224	2
38.90041795122762	-1
38.90402886621601	-1
38.9076397812044	-1
38.911250696192795	-1
38.911250696192795	2
38.91486161118119	-1
38.91847252616958	-1
38.92208344115797	-1
38.925694356146366	-1
38.92930527113476	-1
38.93291618612315	-1
38.936527101111544	-1
38.936527101111544	2
38.936527101111544	2
38.94013801609994	-1
38.94374893108833	-1
38.94374893108833	2
38.94735984607672	-1
38.950970761065115	-1
38.95458167605351	-1
38.9581925910419	-1
38.96180350603029	-1
38.965414421018686	-1
38.96902533600708	-1
38.97263625099547	-1
38.976247165983864	-1
38.976247165983864	2
38.97985808097226	-1
38.98346899596065	-1
38.98707991094904	-1
38.990690825937435	-1
38.99430174092583	-1
38.99791265591422	-1
39.00152357090261	-1
39.005134485891006	-1
39.005134485891006	2
39.0087454008794	-1
39.01235631586779	-1
39.015967230856184	-1
39.015967230856184	2
39.015967230856184	2
39.01957814584458	-1
39.02318906083297	-1
39.02679997582136	-1
39.030410890809755	-1
39.03402180579815	-1
39.03402180579815	2
39.03763272078654	-1
39.04124363577493	-1
39.04124363577493	2
39.044854550763326	-1
39.04846546575172	-1
39.04846546575172	2
39.05207638074011	-1
39.055687295728504	-1
39.0592982107169	-1
39.06290912570529	-1
39.06290912570529	2
39.06652004069368	-1
39.070130955682075	-1
39.07374187067047	-1
39.07735278565886	-1
39.08096370064725	-1
39.084574615635646	-1
39.08818553062404	-1
39.09179644561243	-1
39.095407360600824	-1
39.099018275589216	-1
39.10262919057761	-1
39.106240105566	-1
39.109851020554395	-1
39.11346193554279	-1
39.11707285053118	-1
39.12068376551957	-1
39.124294680507965	-1
39.12790559549636	-1
39.13151651048475	-1
39.135127425473144	-1
39.138738340461536	-1
39.138738340461536	2
39.14234925544993	-1
39.14596017043832	-1
39.149571085426714	-1
39.15318200041511	-1
39.15318200041511	2
39.1567929154035	-1
39.16040383039189	-1
39.16040383039189	2
39.164014745380285	-1
39.164014745380285	2
39.16762566036868	-1
39.17123657535707	-1
39.17484749034546	-1
39.178458405333856	-1
39.18206932032225	-1
39.18568023531064	-1
39.18568023531064	2
39.189291150299034	-1
39.19290206528743	-1
39.19651298027582	-1
39.20012389526421	-1
39.203734810252605	-1
39.207345725241	-1
39.21095664022939	-1
39.21095664022939	2
39.21456755521778	-1
39.218178470206176	-1
39.22178938519457	-1
39.22540030018296	-1
39.229011215171354	-1
39.229011215171354	2
39.23262213015975	-1
39.23623304514814	-1
39.23623304514814	2
39.23984396013653	-1
39.23984396013653	2
39.23984396013653	2
39.243454875124925	-1
39.24706579011332	-1
39.25067670510171	-1
39.25067670510171	2
39.2542876200901	-1
39.257898535078496	-1
39.257898535078496	2
39.26150945006689	-1
39.26512036505528	-1
39.268731280043674	-1
39.268731280043674	2
39.27234219503207	-1
39.27595311002046	-1
39.27956402500885	-1
39.27956402500885	2
39.283174939997245	-1
39.28678585498564	-1
39.29039676997403	-1
39.29400768496242	-1
39.297618599950816	-1
39.30122951493921	-1
39.3048404299276	-1
39.308451344915994	-1
39.31206225990439	-1
39.31567317489278	-1
39.31928408988117	-1
39.322895004869565	-1
39.32650591985796	-1
39.33011683484635	-1
39.33372774983474	-1
39.33372774983474	2
39.337338664823136	-1
39.34094957981153	-1
39.34456049479992	-1
39.348171409788314	-1
39.348171409788314	2
39.35178232477671	-1
39.3553932397651	-1
39.35900415475349	-1
39.362615069741885	-1
39.36622598473028	-1
39.36622598473028	2
39.36983689971867	-1
39.37344781470706	-1
39.377058729695456	-1
39.377058729695456	2
39.38066964468385	-1
39.38066964468385	2
39.38066964468385	2
39.38428055967224	-1
39.387891474660634	-1
39.39150238964903	-1
39.39511330463742	-1
39.39872421962581	-1
39.402335134614205	-1
39.402335134614205	2
39.4059460496026	-1
39.40955696459099	-1
39.41316787957938	-1
39.416778794567776	-1
39.416778794567776	2
39.42038970955617	-1
39.42400062454456	-1
39.427611539532954	-1
39.43122245452135	-1
39.43483336950974	-1
39.43844428449813	-1
39.442055199486525	-1
39.44566611447492	-1
39.44566611447492	2
39.44927702946331	-1
39.44927702946331	2
39.4528879444517	-1
39.456498859440096	-1
39.46010977442849	-1
39.46372068941688	-1
39.467331604405274	-1
39.47094251939367	-1
39.47455343438206	-1
39.47455343438206	2
39.47816434937045	-1
39.481775264358845	-1
39.48538617934724	-1
39.48899709433563	-1
39.49260800932402	-1
39.496218924312416	-1
39.49982983930081	-1
39.5034407542892	-1
39.507051669277594	-1
39.507051669277594	2
39.51066258426599	-1
39.51427349925438	-1
39.51788441424277	-1
39.521495329231165	-1
39.521495329231165	2
39.521495329231165	2
39.52510624421956	-1
39.52871715920795	-1
39.53232807419634	-1
39.535938989184736	-1
39.535938989184736	2
39.53954990417313	-1
39.54316081916152	-1
39.546771734149914	-1
39.55038264913831	-1
39.5539935641267	-1
39.55760447911509	-1
39.561215394103485	-1
39.56482630909188	-1
39.56482630909188	2
39.56843722408027	-1
39.57204813906866	-1
39.57204813906866	2
39.57204813906866	2
39.575659054057056	-1
39.57926996904545	-1
39.58288088403384	-1
39.58288088403384	2
39.586491799022234	-1
39.59010271401063	-1
39.59010271401063	2
39.59371362899902	-1
39.59371362899902	2
39.59732454398741	-1
39.600935458975805	-1
39.6045463739642	-1
39.60815728895259	-1
39.61176820394098	-1
39.61176820394098	2
39.615379118929376	-1
39.615379118929376	2
39.61899003391777	-1
39.61899003391777	2
39.62260094890616	-1
39.62260094890616	2
39.626211863894554	-1
39.626211863894554	2
39.62982277888295	-1
39.63343369387134	-1
39.63704460885973	-1
39.640655523848125	-1
39.64426643883652	-1
39.64787735382491	-1
39.6514882688133	-1
39.6514882688133	2
39.655099183801696	-1
39.65871009879009	-1
39.66232101377848	-1
39.665931928766874	-1
39.669542843755266	-1
39.67315375874366	-1
39.67676467373205	-1
39.67676467373205	2
39.680375588720445	-1
39.68398650370884	-1
39.68759741869723	-1
39.69120833368562	-1
39.694819248674015	-1
39.69843016366241	-1
39.7020410786508	-1
39.7020410786508	2
39.7020410786508	2
39.7020410786508	2
39.705651993639194	-1
39.709262908627586	-1
39.71287382361598	-1
39.71648473860437	-1
39.720095653592765	-1
39.72370656858116	-1
39.72731748356955	-1
39.72731748356955	2
39.73092839855794	-1
39.734539313546335	-1
39.73815022853473	-1
39.74176114352312	-1
39.745372058511514	-1
39.745372058511514	2
39.748982973499906	-1
39.7525938884883	-1
39.75620480347669	-1
39.75620480347669	2
39.759815718465084	-1
39.76342663345348	-1
39.76703754844187	-1
39.77064846343026	-1
39.774259378418655	-1
39.77787029340705	-1
39.78148120839544	-1
39.78509212338383	-1
39.788703038372226	-1
39.79231395336062	-1
39.79592486834901	-1
39.799535783337404	-1
39.8031466983258	-1
39.80675761331419	-1
39.80675761331419	2
39.81036852830258	-1
39.813979443290975	-1
39.81759035827937	-1
39.82120127326776	-1
39.82481218825615	-1
39.828423103244546	-1
39.83203401823294	-1
39.83564493322133	-1
39.839255848209724	-1
39.84286676319812	-1
39.84286676319812	2
39.84647767818651	-1
39.84647767818651	2
39.8500885931749	-1
39.853699508163295	-1
39.85731042315169	-1
39.85731042315169	2
39.85731042315169	2
39.86092133814008	-1
39.86453225312847	-1
39.868143168116866	-1
39.87175408310526	-1
39.87536499809365	-1
39.878975913082044	-1
39.878975913082044	2
39.878975913082044	2
39.88258682807044	-1
39.88619774305883	-1
39.88980865804722	-1
39.88980865804722	2
39.893419573035615	-1
39.893419573035615	2
39.89703048802401	-1
39.9006414030124	-1
39.90425231800079	-1
39.907863232989186	-1
39.91147414797758	-1
39.91147414797758	2
39.91147414797758	2
39.91508506296597	-1
39.91508506296597	2
39.918695977954364	-1
39.92230689294276	-1
39.92230689294276	2
39.92591780793115	-1
39.92952872291954	-1
39.933139637907935	-1
39.933139637907935	2
39.93675055289633	-1
39.94036146788472	-1
39.94036146788472	2
39.94397238287311	-1
39.947583297861506	-1
39.9511942128499	-1
39.95480512783829	-1
39.958416042826684	-1
39.96202695781508	-1
39.96202695781508	2
39.96563787280347	-1
39.96924878779186	-1
39.972859702780255	-1
39.972859702780255	2
39.97647061776865	-1
39.98008153275704	-1
39.98008153275704	2
39.98008153275704	2
39.98369244774543	-1
39.987303362733826	-1
39.99091427772222	-1
39.99452519271061	-1
39.998136107699004	-1
40.0017470226874	-1
40.0017470226874	2
40.00535793767579	-1
40.00535793767579	2
40.00896885266418	-1
40.012579767652575	-1
40.01619068264097	-1
40.01619068264097	2
40.01980159762936	-1
40.02341251261775	-1
40.027023427606146	-1
40.03063434259454	-1
40.03424525758293	-1
40.037856172571324	-1
40.04146708755972	-1
40.04507800254811	-1
40.0486889175365	-1
40.052299832524895	-1
40.052299832524895	2
40.05591074751329	-1
40.05952166250168	-1
40.06313257749007	-1
40.066743492478466	-1
40.07035440746686	-1
40.07396532245525	-1
40.077576237443644	-1
40.08118715243204	-1
40.08479806742043	-1
40.08840898240882	-1
40.092019897397215	-1
40.092019897397215	2
40.09563081238561	-1
40.099241727374	-1
40.10285264236239	-1
40.106463557350786	-1
40.106463557350786	2
40.11007447233918	-1
40.11007447233918	2
40.11368538732757	-1
40.117296302315964	-1
40.117296302315964	2
40.12090721730436	-1
40.12451813229275	-1
40.12812904728114	-1
40.131739962269535	-1
40.13535087725793	-1
40.13896179224632	-1
40.13896179224632	2
40.14257270723471	-1
40.146183622223106	-1
40.1497945372115	-1
40.15340545219989	-1
40.15340545219989	2
40.157016367188284	-1
40.16062728217668	-1
40.16062728217668	2
40.16062728217668	2
40.16423819716507	-1
40.16784911215346	-1
40.171460027141855	-1
40.17507094213025	-1
40.17507094213025	2
40.17868185711864	-1
40.18229277210703	-1
40.18229277210703	2
40.185903687095426	-1
40.18951460208382	-1
40.19312551707221	-1
40.196736432060604	-1
40.196736432060604	2
40.200347347049	-1
40.20395826203739	-1
40.20756917702578	-1
40.20756917702578	2
40.211180092014175	-1
40.21479100700257	-1
40.21840192199096	-1
40.22201283697935	-1
40.225623751967746	-1
40.22923466695614	-1
40.23284558194453	-1
40.236456496932924	-1
40.236456496932924	2
40.240067411921316	-1
40.24367832690971	-1
40.2472892418981	-1
40.2472892418981	2
40.250900156886495	-1
40.25451107187489	-1
40.25451107187489	2
40.25812198686328	-1
40.26173290185167	-1
40.265343816840065	-1
40.26895473182846	-1
40.27256564681685	-1
40.276176561805244	-1
40.279787476793636	-1
40.28339839178203	-1
40.28700930677042	-1
40.28700930677042	2
40.290620221758815	-1
40.29423113674721	-1
40.2978420517356	-1
40.2978420517356	2
40.30145296672399	-1
40.305063881712385	-1
40.30867479670078	-1
40.30867479670078	2
40.31228571168917	-1
40.315896626677564	-1
40.319507541665956	-1
40.32311845665435	-1
40.32672937164274	-1
40.330340286631134	-1
40.33395120161953	-1
40.33395120161953	2
40.33756211660792	-1
40.34117303159631	-1
40.344783946584705	-1
40.3483948615731	-1
40.35200577656149	-1
40.35561669154988	-1
40.35561669154988	2
40.359227606538276	-1
40.36283852152667	-1
40.36283852152667	2
40.36644943651506	-1
40.370060351503454	-1
40.37367126649185	-1
40.37728218148024	-1
40.38089309646863	-1
40.384504011457025	-1
40.38811492644542	-1
40.39172584143381	-1
40.39172584143381	2
40.3953367564222	-1
40.398947671410596	-1
40.40255858639899	-1
40.40616950138738	-1
40.409780416375774	-1
40.41339133136417	-1
40.41700224635256	-1
40.41700224635256	2
40.42061316134095	-1
40.424224076329345	-1
40.42783499131774	-1
40.42783499131774	2
40.43144590630613	-1
40.43505682129452	-1
40.438667736282916	-1
40.44227865127131	-1
40.4458895662597	-1
40.449500481248094	-1
40.449500481248094	2
40.45311139623649	-1
40.45672231122488	-1
40.46033322621327	-1
40.463944141201665	-1
40.46755505619006	-1
40.47116597117845	-1
40.47116597117845	2
40.47477688616684	-1
40.478387801155236	-1
40.48199871614363	-1
40.48560963113202	-1
40.489220546120414	-1
40.49283146110881	-1
40.4964423760972	-1
40.50005329108559	-1
40.503664206073985	-1
40.50727512106238	-1
40.51088603605077	-1
40.51449695103916	-1
40.518107866027556	-1
40.52171878101595	-1
40.52532969600434	-1
40.528940610992734	-1
40.528940610992734	2
40.528940610992734	2
40.53255152598113	-1
40.53255152598113	2
40.53616244096952	-1
40.53977335595791	-1
40.543384270946305	-1
40.5469951859347	-1
40.55060610092309	-1
40.55421701591148	-1
40.557827930899876	-1
40.56143884588827	-1
40.56143884588827	2
40.56504976087666	-1
40.568660675865054	-1
40.57227159085345	-1
40.57588250584184	-1
40.57949342083023	-1
40.57949342083023	2
40.583104335818625	-1
40.58671525080702	-1
40.59032616579541	-1
40.5939370807838	-1
40.5939370807838	2
40.597547995772196	-1
40.60115891076059	-1
40.60476982574898	-1
40.608380740737374	-1
40.608380740737374	2
40.61199165572577	-1
40.61560257071416	-1
40.61560257071416	2
40.61921348570255	-1
40.622824400690945	-1
40.62643531567934	-1
40.63004623066773	-1
40.63365714565612	-1
40.637268060644516	-1
40.64087897563291	-1
40.6444898906213	-1
40.648100805609694	-1
40.65171172059809	-1
40.65532263558648	-1
40.65893355057487	-1
40.65893355057487	2
40.662544465563265	-1
40.66615538055166	-1
40.66615538055166	2
40.66976629554005	-1
40.66976629554005	2
40.67337721052844	-1
40.67337721052844	2
40.676988125516836	-1
40.68059904050523	-1
40.68059904050523	2
40.68420995549362	-1
40.687820870482014	-1
40.69143178547041	-1
40.6950427004588	-1
40.69865361544719	-1
40.69865361544719	2
40.702264530435585	-1
40.70587544542398	-1
40.70948636041237	-1
40.71309727540076	-1
40.716708190389156	-1
40.72031910537755	-1
40.72393002036594	-1
40.72393002036594	2
40.727540935354334	-1
40.73115185034273	-1
40.73476276533112	-1
40.73476276533112	2
40.73837368031951	-1
40.741984595307905	-1
40.7455955102963	-1
40.74920642528469	-1
40.75281734027308	-1
40.756428255261476	-1
40.76003917024987	-1
40.76365008523826	-1
40.76365008523826	2
40.767261000226654	-1
40.767261000226654	2
40.77087191521505	-1
40.77087191521505	2
40.77448283020344	-1
40.77448283020344	2
40.77809374519183	-1
40.781704660180225	-1
40.78531557516862	-1
40.78892649015701	-1
40.7925374051454	-1
40.7925374051454	2
40.796148320133796	-1
40.79975923512219	-1
40.80337015011058	-1
40.80337015011058	2
40.806981065098974	-1
40.806981065098974	2
40.810591980087366	-1
40.81420289507576	-1
40.81420289507576	2
40.81781381006415	-1
40.81781381006415	2
40.821424725052545	-1
40.821424725052545	2
40.82503564004094	-1
40.82864655502933	-1
40.83225747001772	-1
40.835868385006115	-1
40.83947929999451	-1
40.8430902149829	-1
40.846701129971294	-1
40.846701129971294	2
40.850312044959686	-1
40.85392295994808	-1
40.85753387493647	-1
40.861144789924865	-1
40.86475570491326	-1
40.86836661990165	-1
40.86836661990165	2
40.87197753489004	-1
40.875588449878435	-1
40.875588449878435	2
40.87919936486683	-1
40.87919936486683	2
40.88281027985522	-1
40.886421194843614	-1
40.890032109832006	-1
40.890032109832006	2
40.8936430248204	-1
40.8936430248204	2
40.89725393980879	-1
40.900864854797184	-1
40.90447576978558	-1
40.90808668477397	-1
40.90808668477397	2
40.91169759976236	-1
40.91169759976236	2
40.915308514750755	-1
40.91891942973915	-1
40.91891942973915	2
40.92253034472754	-1
40.92614125971593	-1
40.92614125971593	2
40.929752174704326	-1
40.93336308969272	-1
40.93336308969272	2
40.93336308969272	2
40.93697400468111	-1
40.940584919669504	-1
40.9441958346579	-1
40.94780674964629	-1
40.95141766463468	-1
40.955028579623075	-1
40.955028579623075	2
40.95863949461147	-1
40.96225040959986	-1
40.96225040959986	2
40.96586132458825	-1
40.96586132458825	2
40.969472239576646	-1
40.97308315456504	-1
40.97669406955343	-1
40.980304984541824	-1
40.98391589953022	-1
40.98391589953022	2
40.98752681451861	-1
40.991137729507	-1
40.994748644495395	-1
40.99835955948379	-1
40.99835955948379	2
40.99835955948379	2
40.99835955948379	2
41.00197047447218	-1
41.00558138946057	-1
41.009192304448966	-1
41.009192304448966	2
41.01280321943736	-1
41.01641413442575	-1
41.020025049414144	-1
41.02363596440254	-1
41.02724687939093	-1
41.03085779437932	-1
41.034468709367715	-1
41.03807962435611	-1
41.0416905393445	-1
41.04530145433289	-1
41.04530145433289	2
41.048912369321286	-1
41.05252328430968	-1
41.05613419929807	-1
41.059745114286464	-1
41.06335602927486	-1
41.06696694426325	-1
41.06696694426325	2
41.07057785925164	-1
41.074188774240035	-1
41.074188774240035	2
41.07779968922843	-1
41.07779968922843	2
41.08141060421682	-1
41.08502151920521	-1
41.08502151920521	2
41.088632434193606	-1
41.092243349182	-1
41.09585426417039	-1
41.099465179158784	-1
41.099465179158784	2
41.099465179158784	2
41.10307609414718	-1
41.10307609414718	2
41.10668700913557	-1
41.11029792412396	-1
41.113908839112355	-1
41.11751975410075	-1
41.11751975410075	2
41.11751975410075	2
41.12113066908914	-1
41.12113066908914	2
41.12474158407753	-1
41.12474158407753	2
41.128352499065926	-1
41.13196341405432	-1
41.13557432904271	-1
41.139185244031104	-1
41.1427961590195	-1
41.14640707400789	-1
41.15001798899628	-1
41.153628903984675	-1
41.15723981897307	-1
41.15723981897307	2
41.16085073396146	-1
41.16446164894985	-1
41.168072563938246	-1
41.17168347892664	-1
41.17529439391503	-1
41.178905308903424	-1
41.18251622389182	-1
41.18612713888021	-1
41.1897380538686	-1
41.193348968856995	-1
41.19695988384539	-1
41.20057079883378	-1
41.20418171382217	-1
41.207792628810566	-1
41.21140354379896	-1
41.21501445878735	-1
41.218625373775744	-1
41.218625373775744	2
41.22223628876414	-1
41.22584720375253	-1
41.22945811874092	-1
41.233069033729315	-1
41.23667994871771	-1
41.23667994871771	2
41.2402908637061	-1
41.24390177869449	-1
41.247512693682886	-1
41.25112360867128	-1
41.25473452365967	-1
41.25473452365967	2
41.258345438648064	-1
41.26195635363646	-1
41.26556726862485	-1
41.26917818361324	-1
41.272789098601635	-1
41.27640001359003	-1
41.27640001359003	2
41.28001092857842	-1
41.28362184356681	-1
41.287232758555206	-1
41.2908436735436	-1
41.29445458853199	-1
41.298065503520384	-1
41.298065503520384	2
41.30167641850878	-1
41.30528733349717	-1
41.30889824848556	-1
41.30889824848556	2
41.312509163473955	-1
41.31612007846235	-1
41.31973099345074	-1
41.32334190843913	-1
41.326952823427526	-1
41.33056373841592	-1
41.33417465340431	-1
41.337785568392704	-1
41.337785568392704	2
41.337785568392704	2
41.3413964833811	-1
41.3413964833811	2
41.34500739836949	-1
41.34861831335788	-1
41.352229228346275	-1
41.35584014333467	-1
41.35945105832306	-1
41.36306197331145	-1
41.366672888299846	-1
41.37028380328824	-1
41.37389471827663	-1
41.377505633265024	-1
41.38111654825342	-1
41.38472746324181	-1
41.38472746324181	2
41.3883383782302	-1
41.391949293218595	-1
41.391949293218595	2
41.39556020820699	-1
41.39917112319538	-1
41.39917112319538	2
41.40278203818377	-1
41.40278203818377	2
41.406392953172166	-1
41.406392953172166	2
41.41000386816056	-1
41.41361478314895	-1
41.417225698137344	-1
41.420836613125736	-1
41.42444752811413	-1
41.42805844310252	-1
41.42805844310252	2
41.431669358090915	-1
41.431669358090915	2
41.43528027307931	-1
41.4388911880677	-1
41.44250210305609	-1
41.44250210305609	2
41.446113018044485	-1
41.44972393303288	-1
41.45333484802127	-1
41.456945763009664	-1
41.460556677998056	-1
41.46416759298645	-1
41.46777850797484	-1
41.46777850797484	2
41.471389422963234	-1
41.47500033795163	-1
41.47861125294002	-1
41.48222216792841	-1
41.485833082916805	-1
41.4894439979052	-1
41.4894439979052	2
41.49305491289359	-1
41.49305491289359	2
41.49666582788198	-1
41.500276742870376	-1
41.500276742870376	2
41.50388765785877	-1
41.50749857284716	-1
41.50749857284716	2
41.50749857284716	2
41.511109487835554	-1
41.51472040282395	-1
41.51833131781234	-1
41.51833131781234	2
41.51833131781234	2
41.52194223280073	-1
41.525553147789125	-1
41.52916406277752	-1
41.53277497776591	-1
41.5363858927543	-1
41.539996807742696	-1
41.539996807742696	2
41.54360772273109	-1
41.54721863771948	-1
41.550829552707874	-1
41.55444046769627	-1
41.55805138268466	-1
41.56166229767305	-1
41.565273212661445	-1
41.56888412764984	-1
41.57249504263823	-1
41.57610595762662	-1
41.579716872615016	-1
41.58332778760341	-1
41.5869387025918	-1
41.590549617580194	-1
41.590549617580194	2
41.59416053256859	-1
41.59777144755698	-1
41.60138236254537	-1
41.604993277533765	-1
41.60860419252216	-1
41.61221510751055	-1
41.61221510751055	2
41.61582602249894	-1
41.619436937487336	-1
41.62304785247573	-1
41.62304785247573	2
41.62665876746412	-1
41.630269682452514	-1
41.63388059744091	-1
41.6374915124293	-1
41.6374915124293	2
41.64110242741769	-1
41.644713342406085	-1
41.64832425739448	-1
41.64832425739448	2
41.65193517238287	-1
41.65554608737126	-1
41.659157002359656	-1
41.66276791734805	-1
41.66637883233644	-1
41.669989747324834	-1
41.67360066231323	-1
41.67721157730162	-1
41.68082249229001	-1
41.684433407278405	-1
41.684433407278405	2
41.6880443222668	-1
41.69165523725519	-1
41.69526615224358	-1
41.69526615224358	2
41.69526615224358	2
41.698877067231976	-1
41.70248798222037	-1
41.70609889720876	-1
41.709709812197154	-1
41.71332072718555	-1
41.71693164217394	-1
41.72054255716233	-1
41.724153472150725	-1
41.724153472150725	2
41.72776438713912	-1
41.73137530212751	-1
41.7349862171159	-1
41.738597132104296	-1
41.74220804709269	-1
41.74220804709269	2
41.74581896208108	-1
41.749429877069474	-1
41.75304079205787	-1
41.75665170704626	-1
41.76026262203465	-1
41.763873537023045	-1
41.76748445201144	-1
41.77109536699983	-1
41.77470628198822	-1
41.778317196976616	-1
41.78192811196501	-1
41.7855390269534	-1
41.789149941941794	-1
41.79276085693019	-1
41.79637177191858	-1
41.79998268690697	-1
41.803593601895365	-1
41.803593601895365	2
41.80720451688376	-1
41.81081543187215	-1
41.81442634686054	-1
41.818037261848936	-1
41.82164817683733	-1
41.82525909182572	-1
41.828870006814114	-1
41.83248092180251	-1
41.8360918367909	-1
41.8360918367909	2
41.83970275177929	-1
41.843313666767685	-1
41.84692458175608	-1
41.85053549674447	-1
41.85414641173286	-1
41.857757326721256	-1
41.86136824170965	-1
41.86497915669804	-1
41.86497915669804	2
41.868590071686434	-1
41.868590071686434	2
41.87220098667483	-1
41.87581190166322	-1
41.87942281665161	-1
41.883033731640005	-1
41.8866446466284	-1
41.8866446466284	2
41.89025556161679	-1
41.89386647660518	-1
41.897477391593576	-1
41.90108830658197	-1
41.90469922157036	-1
41.908310136558754	-1
41.91192105154715	-1
41.91553196653554	-1
41.91914288152393	-1
41.91914288152393	2
41.922753796512325	-1
41.92636471150072	-1
41.92997562648911	-1
41.9335865414775	-1
41.937197456465896	-1
41.94080837145429	-1
41.94080837145429	2
41.94441928644268	-1
41.94441928644268	2
41.948030201431074	-1
41.948030201431074	2
41.95164111641947	-1
41.95525203140786	-1
41.95886294639625	-1
41.962473861384645	-1
41.96608477637304	-1
41.96969569136143	-1
41.97330660634982	-1
41.976917521338216	-1
41.976917521338216	2
41.98052843632661	-1
41.984139351315	-1
41.984139351315	2
41.987750266303394	-1
41.987750266303394	2
41.991361181291786	-1
41.99497209628018	-1
41.99497209628018	2
41.99858301126857	-1
41.99858301126857	2
42.002193926256965	-1
42.00580484124536	-1
42.00941575623375	-1
42.01302667122214	-1
42.01302667122214	2
42.016637586210535	-1
42.02024850119893	-1
42.02385941618732	-1
42.027470331175714	-1
42.031081246164106	-1
42.0346921611525	-1
42.0346921611525	2
42.03830307614089	-1
42.041913991129285	-1
42.04552490611768	-1
42.04913582110607	-1
42.05274673609446	-1
42.056357651082855	-1
42.056357651082855	2
42.05996856607125	-1
42.06357948105964	-1
42.06357948105964	2
42.067190396048034	-1
42.070801311036426	-1
42.07441222602482	-1
42.07802314101321	-1
42.081634056001604	-1
42.08524497099	-1
42.08524497099	2
42.08885588597839	-1
42.09246680096678	-1
42.096077715955175	-1
42.09968863094357	-1
42.10329954593196	-1
42.10691046092035	-1
42.110521375908746	-1
42.110521375908746	2
42.11413229089714	-1
42.11413229089714	2
42.11774320588553	-1
42.11774320588553	2
42.121354120873924	-1
42.12496503586232	-1
42.12857595085071	-1
42.1321868658391	-1
42.1321868658391	2
42.135797780827495	-1
42.13940869581589	-1
42.14301961080428	-1
42.14663052579267	-1
42.150241440781066	-1
42.15385235576946	-1
42.15746327075785	-1
42.161074185746244	-1
42.161074185746244	2
42.16468510073464	-1
42.16829601572303	-1
42.17190693071142	-1
42.175517845699815	-1
42.17912876068821	-1
42.1827396756766	-1
42.18635059066499	-1
42.189961505653386	-1
42.19357242064178	-1
42.19718333563017	-1
42.200794250618564	-1
42.20440516560696	-1
42.20801608059535	-1
42.20801608059535	2
42.21162699558374	-1
42.215237910572135	-1
42.21884882556053	-1
42.21884882556053	2
42.22245974054892	-1
42.22607065553731	-1
42.229681570525706	-1
42.229681570525706	2
42.2332924855141	-1
42.23690340050249	-1
42.240514315490884	-1
42.24412523047928	-1
42.24773614546767	-1
42.25134706045606	-1
42.254957975444455	-1
42.254957975444455	2
42.25856889043285	-1
42.25856889043285	2
42.26217980542124	-1
42.26579072040963	-1
42.269401635398026	-1
42.27301255038642	-1
42.27662346537481	-1
42.27662346537481	2
42.280234380363204	-1
42.2838452953516	-1
42.28745621033999	-1
42.29106712532838	-1
42.29106712532838	2
42.294678040316775	-1
42.29828895530517	-1
42.30189987029356	-1
42.30189987029356	2
42.30551078528195	-1
42.309121700270346	-1
42.31273261525874	-1
42.31634353024713	-1
42.31634353024713	2
42.319954445235524	-1
42.319954445235524	2
42.319954445235524	2
42.32356536022392	-1
42.32717627521231	-1
42.3307871902007	-1
42.334398105189095	-1
42.33800902017749	-1
42.34161993516588	-1
42.34523085015427	-1
42.348841765142666	-1
42.348841765142666	2
42.35245268013106	-1
42.35606359511945	-1
42.359674510107844	-1
42.36328542509624	-1
42.36689634008463	-1
42.37050725507302	-1
42.374118170061415	-1
42.37772908504981	-1
42.3813400000382	-1
42.38495091502659	-1
42.388561830014986	-1
42.39217274500338	-1
42.39578365999177	-1
42.399394574980164	-1
42.40300548996856	-1
42.40661640495695	-1
42.41022731994534	-1
42.41022731994534	2
42.413838234933735	-1
42.41744914992213	-1
42.42106006491052	-1
42.42106006491052	2
42.42467097989891	-1
42.428281894887306	-1
42.4318928098757	-1
42.43550372486409	-1
42.43550372486409	2
42.439114639852484	-1
42.44272555484088	-1
42.44272555484088	2
42.44633646982927	-1
42.44994738481766	-1
42.453558299806055	-1
42.453558299806055	2
42.45716921479445	-1
42.46078012978284	-1
42.46439104477123	-1
42.468001959759626	-1
42.47161287474802	-1
42.47522378973641	-1
42.47522378973641	2
42.478834704724804	-1
42.4824456197132	-1
42.4824456197132	2
42.48605653470159	-1
42.48966744968998	-1
42.493278364678375	-1
42.49688927966677	-1
42.50050019465516	-1
42.50411110964355	-1
42.507722024631946	-1
42.51133293962034	-1
42.51494385460873	-1
42.518554769597124	-1
42.52216568458552	-1
42.52577659957391	-1
42.5293875145623	-1
42.532998429550695	-1
42.53660934453909	-1
42.54022025952748	-1
42.54022025952748	2
42.54383117451587	-1
42.547442089504266	-1
42.55105300449266	-1
42.55466391948105	-1
42.558274834469444	-1
42.558274834469444	2
42.561885749457836	-1
42.561885749457836	2
42.56549666444623	-1
42.56910757943462	-1
42.572718494423015	-1
42.57632940941141	-1
42.57632940941141	2
42.5799403243998	-1
42.58355123938819	-1
42.587162154376585	-1
42.59077306936498	-1
42.59438398435337	-1
42.597994899341764	-1
42.601605814330156	-1
42.601605814330156	2
42.60521672931855	-1
42.60882764430694	-1
42.60882764430694	2
42.612438559295335	-1
42.61604947428373	-1
42.61966038927212	-1
42.62327130426051	-1
42.62327130426051	2
42.626882219248905	-1
42.6304931342373	-1
42.63410404922569	-1
42.63410404922569	2
42.63410404922569	2
42.637714964214084	-1
42.641325879202476	-1
42.64493679419087	-1
42.64854770917926	-1
42.652158624167654	-1
42.65576953915605	-1
42.65576953915605	2
42.65938045414444	-1
42.66299136913283	-1
42.666602284121225	-1
42.67021319910962	-1
42.67382411409801	-1
42.6774350290864	-1
42.681045944074796	-1
42.68465685906319	-1
42.68826777405158	-1
42.691878689039974	-1
42.69548960402837	-1
42.69548960402837	2
42.69910051901676	-1
42.70271143400515	-1
42.70271143400515	2
42.706322348993545	-1
42.70993326398194	-1
42.71354417897033	-1
42.71715509395872	-1
42.720766008947116	-1
42.72437692393551	-1
42.7279878389239	-1
42.731598753912294	-1
42.731598753912294	2
42.73520966890069	-1
42.73520966890069	2
42.73882058388908	-1
42.74243149887747	-1
42.74243149887747	2
42.746042413865865	-1
42.74965332885426	-1
42.75326424384265	-1
42.75687515883104	-1
42.760486073819436	-1
42.760486073819436	2
42.76409698880783	-1
42.76409698880783	2
42.76770790379622	-1
42.771318818784614	-1
42.77492973377301	-1
42.7785406487614	-1
42.78215156374979	-1
42.785762478738185	-1
42.78937339372658	-1
42.79298430871497	-1
42.79298430871497	2
42.79298430871497	2
42.79659522370336	-1
42.800206138691756	-1
42.800206138691756	2
42.80381705368015	-1
42.80742796866854	-1
42.811038883656934	-1
42.81464979864533	-1
42.81826071363372	-1
42.82187162862211	-1
42.825482543610505	-1
42.8290934585989	-1
42.83270437358729	-1
42.83270437358729	2
42.83631528857568	-1
42.839926203564076	-1
42.839926203564076	2
42.839926203564076	2
42.84353711855247	-1
42.84714803354086	-1
42.850758948529254	-1
42.850758948529254	2
42.85436986351765	-1
42.85436986351765	2
42.85798077850604	-1
42.85798077850604	2
42.86159169349443	-1
42.865202608482825	-1
42.86881352347122	-1
42.87242443845961	-1
42.876035353448	-1
42.879646268436396	-1
42.88325718342479	-1
42.88686809841318	-1
42.88686809841318	2
42.88686809841318	2
42.890479013401574	-1
42.89408992838997	-1
42.89770084337836	-1
42.90131175836675	-1
42.90131175836675	2
42.90131175836675	2
42.904922673355145	-1
42.90853358834354	-1
42.91214450333193	-1
42.91575541832032	-1
42.919366333308716	-1
42.92297724829711	-1
42.9265881632855	-1
42.930199078273894	-1
42.930199078273894	2
42.93380999326229	-1
42.93742090825068	-1
42.94103182323907	-1
42.944642738227465	-1
42.94825365321586	-1
42.95186456820425	-1
42.95186456820425	2
42.95547548319264	-1
42.959086398181036	-1
42.96269731316943	-1
42.96630822815782	-1
42.969919143146214	-1
42.97353005813461	-1
42.97353005813461	2
42.97353005813461	2
42.977140973123	-1
42.98075188811139	-1
42.984362803099785	-1
42.98797371808818	-1
42.99158463307657	-1
42.99158463307657	2
42.99519554806496	-1
42.998806463053356	-1
42.998806463053356	2
42.998806463053356	2
42.998806463053356	2
43.00241737804175	-1
43.00241737804175	2
43.00602829303014	-1
43.00602829303014	2
43.00602829303014	2
43.009639208018534	-1
43.01325012300693	-1
43.01686103799532	-1
43.01686103799532	2
43.02047195298371	-1
43.024082867972105	-1
43.0276937829605	-1
43.03130469794889	-1
43.03130469794889	2
43.03491561293728	-1
43.038526527925676	-1
43.04213744291407	-1
43.04574835790246	-1
43.049359272890854	-1
43.05297018787925	-1
43.05297018787925	2
43.05658110286764	-1
43.06019201785603	-1
43.063802932844425	-1
43.06741384783282	-1
43.07102476282121	-1
43.07102476282121	2
43.0746356778096	-1
43.078246592797996	-1
43.08185750778639	-1
43.08546842277478	-1
43.089079337763174	-1
43.09269025275157	-1
43.09630116773996	-1
43.09991208272835	-1
43.09991208272835	2
43.103522997716745	-1
43.10713391270514	-1
43.11074482769353	-1
43.11435574268192	-1
43.11435574268192	2
43.117966657670316	-1
43.12157757265871	-1
43.12157757265871	2
43.1251884876471	-1
43.128799402635494	-1
43.132410317623886	-1
43.13602123261228	-1
43.13963214760067	-1
43.143243062589065	-1
43.14685397757746	-1
43.15046489256585	-1
43.15407580755424	-1
43.157686722542635	-1
43.16129763753103	-1
43.16129763753103	2
43.16490855251942	-1
43.168519467507814	-1
43.168519467507814	2
43.172130382496206	-1
43.1757412974846	-1
43.17935221247299	-1
43.182963127461385	-1
43.18657404244978	-1
43.19018495743817	-1
43.19018495743817	2
43.19379587242656	-1
43.197406787414955	-1
43.20101770240335	-1
43.20462861739174	-1
43.20462861739174	2
43.208239532380134	-1
43.211850447368526	-1
43.21546136235692	-1
43.21907227734531	-1
43.21907227734531	2
43.21907227734531	2
43.222683192333704	-1
43.2262941073221	-1
43.22990502231049	-1
43.23351593729888	-1
43.237126852287275	-1
43.24073776727567	-1
43.24073776727567	2
43.24434868226406	-1
43.24795959725245	-1
43.251570512240846	-1
43.25518142722924	-1
43.25879234221763	-1
43.262403257206024	-1
43.262403257206024	2
43.26601417219442	-1
43.26601417219442	2
43.26962508718281	-1
43.2732360021712	-1
43.276846917159595	-1
43.28045783214799	-1
43.28045783214799	2
43.28406874713638	-1
43.28406874713638	2
43.28767966212477	-1
43.291290577113166	-1
43.29490149210156	-1
43.29851240708995	-1
43.302123322078344	-1
43.30573423706674	-1
43.30573423706674	2
43.30934515205513	-1
43.31295606704352	-1
43.31295606704352	2
43.316566982031915	-1
43.32017789702031	-1
43.3237888120087	-1
43.32739972699709	-1
43.331010641985486	-1
43.331010641985486	2
43.33462155697388	-1
43.33823247196227	-1
43.341843386950664	-1
43.34545430193906	-1
43.34906521692745	-1
43.35267613191584	-1
43.35267613191584	2
43.356287046904235	-1
43.356287046904235	2
43.35989796189263	-1
43.36350887688102	-1
43.36711979186941	-1
43.370730706857806	-1
43.3743416218462	-1
43.3743416218462	2
43.37795253683459	-1
43.381563451822984	-1
43.38517436681138	-1
43.38517436681138	2
43.38878528179977	-1
43.39239619678816	-1
43.396007111776555	-1
43.396007111776555	2
43.396007111776555	2
43.39961802676495	-1
43.40322894175334	-1
43.40322894175334	2
43.40683985674173	-1
43.410450771730126	-1
43.41406168671852	-1
43.41767260170691	-1
43.421283516695304	-1
43.4248944316837	-1
43.4248944316837	2
43.42850534667209	-1
43.42850534667209	2
43.43211626166048	-1
43.43211626166048	2
43.435727176648875	-1
43.43933809163727	-1
43.43933809163727	2
43.44294900662566	-1
43.44655992161405	-1
43.450170836602446	-1
43.45378175159084	-1
43.45378175159084	2
43.45739266657923	-1
43.461003581567624	-1
43.46461449655602	-1
43.46822541154441	-1
43.4718363265328	-1
43.475447241521195	-1
43.475447241521195	2
43.47905815650959	-1
43.48266907149798	-1
43.48627998648637	-1
43.489890901474766	-1
43.489890901474766	2
43.489890901474766	2
43.49350181646316	-1
43.49711273145155	-1
43.500723646439944	-1
43.50433456142834	-1
43.50794547641673	-1
43.51155639140512	-1
43.51155639140512	2
43.515167306393515	-1
43.51877822138191	-1
43.5223891363703	-1
43.52600005135869	-1
43.529610966347086	-1
43.53322188133548	-1
43.53322188133548	2
43.53683279632387	-1
43.53683279632387	2
43.540443711312264	-1
43.54405462630066	-1
43.54766554128905	-1
43.55127645627744	-1
43.554887371265835	-1
43.554887371265835	2
43.55849828625423	-1
43.56210920124262	-1
43.56572011623101	-1
43.569331031219406	-1
43.5729419462078	-1
43.57655286119619	-1
43.580163776184584	-1
43.58377469117298	-1
43.58738560616137	-1
43.59099652114976	-1
43.594607436138155	-1
43.594607436138155	2
43.59821835112655	-1
43.60182926611494	-1
43.60544018110333	-1
43.609051096091726	-1
43.61266201108012	-1
43.61627292606851	-1
43.619883841056904	-1
43.6234947560453	-1
43.62710567103369	-1
43.62710567103369	2
43.63071658602208	-1
43.634327501010475	-1
43.634327501010475	2
43.63793841599887	-1
43.64154933098726	-1
43.64516024597565	-1
43.64516024597565	2
43.648771160964046	-1
43.648771160964046	2
43.65238207595244	-1
43.65238207595244	2
43.65599299094083	-1
43.65599299094083	2
43.659603905929224	-1
43.66321482091762	-1
43.66682573590601	-1
43.6704366508944	-1
43.674047565882795	-1
43.674047565882795	2
43.67765848087119	-1
43.68126939585958	-1
43.68488031084797	-1
43.688491225836366	-1
43.69210214082476	-1
43.69210214082476	2
43.69571305581315	-1
43.699323970801544	-1
43.699323970801544	2
43.70293488578994	-1
43.70293488578994	2
43.70654580077833	-1
43.71015671576672	-1
43.713767630755115	-1
43.71737854574351	-1
43.7209894607319	-1
43.72460037572029	-1
43.728211290708686	-1
43.728211290708686	2
43.73182220569708	-1
43.73543312068547	-1
43.739044035673864	-1
43.742654950662256	-1
43.74626586565065	-1
43.74987678063904	-1
43.753487695627435	-1
43.753487695627435	2
43.75709861061583	-1
43.76070952560422	-1
43.76432044059261	-1
43.767931355581005	-1
43.7715422705694	-1
43.77515318555779	-1
43.778764100546184	-1
43.778764100546184	2
43.782375015534576	-1
43.78598593052297	-1
43.78598593052297	2
43.78959684551136	-1
43.793207760499754	-1
43.79681867548815	-1
43.80042959047654	-1
43.80404050546493	-1
43.807651420453325	-1
43.81126233544172	-1
43.81487325043011	-1
43.8184841654185	-1
43.822095080406896	-1
43.82570599539529	-1
43.82931691038368	-1
43.832927825372074	-1
43.832927825372074	2
43.83653874036047	-1
43.84014965534886	-1
43.84376057033725	-1
43.847371485325645	-1
43.85098240031404	-1
43.85459331530243	-1
43.85820423029082	-1
43.861815145279216	-1
43.86542606026761	-1
43.869036975256	-1
43.872647890244394	-1
43.87625880523279	-1
43.87986972022118	-1
43.88348063520957	-1
43.887091550197965	-1
43.89070246518636	-1
43.89070246518636	2
43.89431338017475	-1
43.89792429516314	-1
43.901535210151536	-1
43.90514612513993	-1
43.90514612513993	2
43.90875704012832	-1
43.912367955116714	-1
43.912367955116714	2
43.91597887010511	-1
43.9195897850935	-1
43.92320070008189	-1
43.926811615070285	-1
43.93042253005868	-1
43.93403344504707	-1
43.93764436003546	-1
43.941255275023856	-1
43.94486619001225	-1
43.94847710500064	-1
43.952088019989034	-1
43.95569893497743	-1
43.95569893497743	2
43.95930984996582	-1
43.96292076495421	-1
43.96292076495421	2
43.966531679942605	-1
43.970142594931	-1
43.97375350991939	-1
43.97736442490778	-1
43.980975339896176	-1
43.98458625488457	-1
43.98819716987296	-1
43.991808084861354	-1
43.99541899984975	-1
43.99541899984975	2
43.99902991483814	-1
44.00264082982653	-1
44.00264082982653	2
44.00264082982653	2
44.006251744814925	-1
44.00986265980332	-1
44.01347357479171	-1
44.0170844897801	-1
44.0170844897801	2
44.020695404768496	-1
44.02430631975689	-1
44.02791723474528	-1
44.031528149733674	-1
44.03513906472207	-1
44.03874997971046	-1
44.03874997971046	2
44.03874997971046	2
44.04236089469885	-1
44.045971809687245	-1
44.04958272467564	-1
44.05319363966403	-1
44.05319363966403	2
44.05680455465242	-1
44.060415469640816	-1
44.060415469640816	2
44.06402638462921	-1
44.0676372996176	-1
44.0676372996176	2
44.071248214605994	-1
44.07485912959439	-1
44.07847004458278	-1
44.08208095957117	-1
44.08208095957117	2
44.085691874559565	-1
44.08930278954796	-1
44.08930278954796	2
44.08930278954796	2
44.09291370453635	-1
44.09652461952474	-1
44.100135534513136	-1
44.100135534513136	2
44.10374644950153	-1
44.10735736448992	-1
44.110968279478314	-1
44.11457919446671	-1
44.1181901094551	-1
44.12180102444349	-1
44.125411939431885	-1
44.12902285442028	-1
44.13263376940867	-1
44.13624468439706	-1
44.139855599385456	-1
44.139855599385456	2
44.14346651437385	-1
44.14707742936224	-1
44.150688344350634	-1
44.15429925933903	-1
44.15791017432742	-1
44.16152108931581	-1
44.165132004304205	-1
44.1687429192926	-1
44.1687429192926	2
44.17235383428099	-1
44.17596474926938	-1
44.179575664257776	-1
44.18318657924617	-1
44.18679749423456	-1
44.190408409222954	-1
44.190408409222954	2
44.19401932421135	-1
44.19763023919974	-1
44.19763023919974	2
44.20124115418813	-1
44.204852069176525	-1
44.204852069176525	2
44.204852069176525	2
44.20846298416492	-1
44.21207389915331	-1
44.2156848141417	-1
44.219295729130096	-1
44.22290664411849	-1
44.22290664411849	2
44.22651755910688	-1
44.230128474095274	-1
44.23373938908367	-1
44.23373938908367	2
44.23735030407206	-1
44.23735030407206	2
44.24096121906045	-1
44.244572134048845	-1
44.24818304903724	-1
44.25179396402563	-1
44.25540487901402	-1
44.259015794002416	-1
44.26262670899081	-1
44.2662376239792	-1
44.269848538967594	-1
44.27345945395599	-1
44.27707036894438	-1
44.28068128393277	-1
44.284292198921165	-1
44.28790311390956	-1
44.29151402889795	-1
44.29151402889795	2
44.29512494388634	-1
44.298735858874736	-1
44.30234677386313	-1
44.30595768885152	-1
44.309568603839914	-1
44.313179518828306	-1
44.313179518828306	2
44.3167904338167	-1
44.32040134880509	-1
44.324012263793485	-1
44.32762317878188	-1
44.33123409377027	-1
44.33484500875866	-1
44.338455923747055	-1
44.34206683873545	-1
44.34567775372384	-1
44.349288668712234	-1
44.352899583700626	-1
44.352899583700626	2
44.35651049868902	-1
44.36012141367741	-1
44.363732328665805	-1
44.3673432436542	-1
44.37095415864259	-1
44.37456507363098	-1
44.378175988619375	-1
44.38178690360777	-1
44.38539781859616	-1
44.389008733584554	-1
44.392619648572946	-1
44.39623056356134	-1
44.39984147854973	-1
44.403452393538124	-1
44.40706330852652	-1
44.41067422351491	-1
44.4142851385033	-1
44.417896053491695	-1
44.42150696848009	-1
44.42511788346848	-1
44.42511788346848	2
44.42872879845687	-1
44.432339713445266	-1
44.43595062843366	-1
44.43956154342205	-1
44.443172458410444	-1
44.44678337339884	-1
44.44678337339884	2
44.44678337339884	2
44.44678337339884	2
44.45039428838723	-1
44.45400520337562	-1
44.457616118364015	-1
44.46122703335241	-1
44.4648379483408	-1
44.46844886332919	-1
44.472059778317586	-1
44.47567069330598	-1
44.47928160829437	-1
44.482892523282764	-1
44.48650343827116	-1
44.49011435325955	-1
44.49372526824794	-1
44.497336183236335	-1
44.50094709822473	-1
44.50455801321312	-1
44.50816892820151	-1
44.511779843189906	-1
44.5153907581783	-1
44.5153907581783	2
44.5153907581783	2
44.51900167316669	-1
44.522612588155084	-1
44.52622350314348	-1
44.52983441813187	-1
44.53344533312026	-1
44.537056248108655	-1
44.537056248108655	2
44.54066716309705	-1
44.54066716309705	2
44.54427807808544	-1
44.54427807808544	2
44.54788899307383	-1
44.551499908062226	-1
44.55511082305062	-1
44.55872173803901	-1
44.562332653027404	-1
44.562332653027404	2
44.5659435680158	-1
44.5659435680158	2
44.56955448300419	-1
44.56955448300419	2
44.56955448300419	2
44.57316539799258	-1
44.576776312980975	-1
44.58038722796937	-1
44.58399814295776	-1
44.58760905794615	-1
44.58760905794615	2
44.591219972934546	-1
44.59483088792294	-1
44.59844180291133	-1
44.602052717899724	-1
44.60566363288812	-1
44.60927454787651	-1
44.60927454787651	2
44.6128854628649	-1
44.616496377853295	-1
44.62010729284169	-1
44.62010729284169	2
44.62010729284169	2
44.62371820783008	-1
44.62732912281847	-1
44.630940037806866	-1
44.63455095279526	-1
44.63816186778365	-1
44.63816186778365	2
44.641772782772044	-1
44.64538369776044	-1
44.64899461274883	-1
44.65260552773722	-1
44.656216442725615	-1
44.65982735771401	-1
44.6634382727024	-1
44.66704918769079	-1
44.670660102679186	-1
44.67427101766758	-1
44.67788193265597	-1
44.681492847644364	-1
44.68510376263276	-1
44.68871467762115	-1
44.69232559260954	-1
44.69232559260954	2
44.695936507597935	-1
44.695936507597935	2
44.69954742258633	-1
44.70315833757472	-1
44.70676925256311	-1
44.710380167551506	-1
44.7139910825399	-1
44.71760199752829	-1
44.721212912516684	-1
44.72482382750508	-1
44.72843474249347	-1
44.73204565748186	-1
44.735656572470255	-1
44.73926748745865	-1
44.74287840244704	-1
44.74648931743543	-1
44.750100232423826	-1
44.75371114741222	-1
44.75732206240061	-1
44.760932977389004	-1
44.7645438923774	-1
44.76815480736579	-1
44.76815480736579	2
44.77176572235418	-1
44.775376637342575	-1
44.77898755233097	-1
44.78259846731936	-1
44.78620938230775	-1
44.78620938230775	2
44.789820297296146	-1
44.79343121228454	-1
44.79704212727293	-1
44.79704212727293	2
44.800653042261324	-1
44.800653042261324	2
44.80426395724972	-1
44.80787487223811	-1
44.8114857872265	-1
44.8114857872265	2
44.815096702214895	-1
44.81870761720329	-1
44.81870761720329	2
44.82231853219168	-1
44.82592944718007	-1
44.829540362168466	-1
44.83315127715686	-1
44.83676219214525	-1
44.840373107133644	-1
44.84398402212204	-1
44.84398402212204	2
44.84759493711043	-1
44.84759493711043	2
44.85120585209882	-1
44.85120585209882	2
44.854816767087215	-1
44.85842768207561	-1
44.862038597064	-1
44.86564951205239	-1
44.869260427040786	-1
44.87287134202918	-1
44.87648225701757	-1
44.880093172005964	-1
44.883704086994356	-1
44.88731500198275	-1
44.89092591697114	-1
44.894536831959535	-1
44.89814774694793	-1
44.90175866193632	-1
44.90536957692471	-1
44.90536957692471	2
44.908980491913105	-1
44.9125914069015	-1
44.91620232188989	-1
44.91620232188989	2
44.91620232188989	2
44.919813236878284	-1
44.919813236878284	2
44.923424151866676	-1
44.92703506685507	-1
44.92703506685507	2
44.93064598184346	-1
44.93064598184346	2
44.934256896831855	-1
44.93786781182025	-1
44.94147872680864	-1
44.94508964179703	-1
44.94508964179703	2
44.948700556785425	-1
44.95231147177382	-1
44.95592238676221	-1
44.959533301750604	-1
44.959533301750604	2
44.959533301750604	2
44.963144216738996	-1
44.96675513172739	-1
44.97036604671578	-1
44.973976961704174	-1
44.97758787669257	-1
44.98119879168096	-1
44.98480970666935	-1
44.98480970666935	2
44.988420621657745	-1
44.99203153664614	-1
44.99564245163453	-1
44.99564245163453	2
44.99925336662292	-1
45.002864281611316	-1
45.00647519659971	-1
45.00647519659971	2
45.0100861115881	-1
45.013697026576494	-1
45.01730794156489	-1
45.02091885655328	-1
45.02452977154167	-1
45.028140686530065	-1
45.03175160151846	-1
45.03536251650685	-1
45.03897343149524	-1
45.042584346483636	-1
45.04619526147203	-1
45.04980617646042	-1
45.053417091448814	-1
45.05702800643721	-1
45.0606389214256	-1
45.06424983641399	-1
45.067860751402385	-1
45.067860751402385	2
45.07147166639078	-1
45.07508258137917	-1
45.07869349636756	-1
45.082304411355956	-1
45.08591532634435	-1
45.08952624133274	-1
45.093137156321134	-1
45.09674807130953	-1
45.10035898629792	-1
45.10396990128631	-1
45.107580816274705	-1
45.1111917312631	-1
45.11480264625149	-1
45.11841356123988	-1
45.11841356123988	2
45.122024476228276	-1
45.12563539121667	-1
45.12924630620506	-1
45.132857221193454	-1
45.13646813618185	-1
45.14007905117024	-1
45.14368996615863	-1
45.147300881147025	-1
45.147300881147025	2
45.15091179613542	-1
45.15452271112381	-1
45.1581336261122	-1
45.161744541100596	-1
45.161744541100596	2
45.16535545608899	-1
45.16896637107738	-1
45.16896637107738	2
45.172577286065774	-1
45.17618820105417	-1
45.17979911604256	-1
45.18341003103095	-1
45.18341003103095	2
45.187020946019345	-1
45.187020946019345	2
45.19063186100774	-1
45.19424277599613	-1
45.19785369098452	-1
45.201464605972916	-1
45.201464605972916	2
45.20507552096131	-1
45.2086864359497	-1
45.212297350938094	-1
45.21590826592649	-1
45.21590826592649	2
45.21951918091488	-1
45.22313009590327	-1
45.226741010891665	-1
45.23035192588006	-1
45.23396284086845	-1
45.23757375585684	-1
45.241184670845236	-1
45.24479558583363	-1
45.24840650082202	-1
45.252017415810414	-1
45.25562833079881	-1
45.2592392457872	-1
45.2592392457872	2
45.26285016077559	-1
45.26285016077559	2
45.266461075763985	-1
45.27007199075238	-1
45.27368290574077	-1
45.27729382072916	-1
45.27729382072916	2
45.280904735717556	-1
45.280904735717556	2
45.28451565070595	-1
45.28451565070595	2
45.28812656569434	-1
45.291737480682734	-1
45.29534839567113	-1
45.29895931065952	-1
45.29895931065952	2
45.29895931065952	2
45.30257022564791	-1
45.306181140636305	-1
45.3097920556247	-1
45.31340297061309	-1
45.31701388560148	-1
45.320624800589876	-1
45.32423571557827	-1
45.32784663056666	-1
45.331457545555054	-1
45.33506846054345	-1
45.33867937553184	-1
45.34229029052023	-1
45.345901205508625	-1
45.34951212049702	-1
45.35312303548541	-1
45.35312303548541	2
45.3567339504738	-1
45.360344865462196	-1
45.36395578045059	-1
45.36395578045059	2
45.36395578045059	2
45.36756669543898	-1
45.371177610427374	-1
45.371177610427374	2
45.37478852541577	-1
45.37839944040416	-1
45.38201035539255	-1
45.385621270380945	-1
45.38923218536934	-1
45.39284310035773	-1
45.39284310035773	2
45.39284310035773	2
45.39645401534612	-1
45.400064930334516	-1
45.40367584532291	-1
45.4072867603113	-1
45.4072867603113	2
45.410897675299694	-1
45.410897675299694	2
45.41450859028809	-1
45.41450859028809	2
45.41811950527648	-1
45.42173042026487	-1
45.425341335253265	-1
45.425341335253265	2
45.42895225024166	-1
45.43256316523005	-1
45.43617408021844	-1
45.439784995206836	-1
45.44339591019523	-1
45.44700682518362	-1
45.450617740172014	-1
45.450617740172014	2
45.454228655160406	-1
45.454228655160406	2
45.4578395701488	-1
45.46145048513719	-1
45.465061400125585	-1
45.465061400125585	2
45.46867231511398	-1
45.46867231511398	2
45.47228323010237	-1
45.47228323010237	2
45.47228323010237	2
45.47589414509076	-1
45.479505060079155	-1
45.48311597506755	-1
45.48672689005594	-1
45.490337805044334	-1
45.493948720032726	-1
45.49755963502112	-1
45.50117055000951	-1
45.50117055000951	2
45.504781464997905	-1
45.5083923799863	-1
45.51200329497469	-1
45.51200329497469	2
45.51561420996308	-1
45.519225124951475	-1
45.52283603993987	-1
45.52644695492826	-1
45.530057869916654	-1
45.533668784905046	-1
45.53727969989344	-1
45.54089061488183	-1
45.544501529870224	-1
45.54811244485862	-1
45.55172335984701	-1
45.5553342748354	-1
45.558945189823795	-1
45.558945189823795	2
45.56255610481219	-1
45.56255610481219	2
45.56616701980058	-1
45.56977793478897	-1
45.56977793478897	2
45.573388849777366	-1
45.573388849777366	2
45.57699976476576	-1
45.57699976476576	2
45.58061067975415	-1
45.58061067975415	2
45.584221594742544	-1
45.58783250973094	-1
45.59144342471933	-1
45.59505433970772	-1
45.59505433970772	2
45.598665254696115	-1
45.60227616968451	-1
45.6058870846729	-1
45.60949799966129	-1
45.60949799966129	2
45.613108914649686	-1
45.613108914649686	2
45.61671982963808	-1
45.62033074462647	-1
45.623941659614864	-1
45.62755257460326	-1
45.62755257460326	2
45.63116348959165	-1
45.63477440458004	-1
45.638385319568435	-1
45.638385319568435	2
45.64199623455683	-1
45.64560714954522	-1
45.64921806453361	-1
45.652828979522006	-1
45.652828979522006	2
45.6564398945104	-1
45.6564398945104	2
45.66005080949879	-1
45.663661724487184	-1
45.66727263947558	-1
45.67088355446397	-1
45.67449446945236	-1
45.678105384440755	-1
45.68171629942915	-1
45.68532721441754	-1
45.68893812940593	-1
45.68893812940593	2
45.692549044394326	-1
45.692549044394326	2
45.69615995938272	-1
45.69977087437111	-1
45.703381789359504	-1
45.7069927043479	-1
45.7069927043479	2
45.71060361933629	-1
45.71421453432468	-1
45.71421453432468	2
45.717825449313075	-1
45.72143636430147	-1
45.72504727928986	-1
45.72865819427825	-1
45.732269109266646	-1
45.73588002425504	-1
45.73949093924343	-1
45.73949093924343	2
45.743101854231824	-1
45.74671276922022	-1
45.75032368420861	-1
45.75032368420861	2
45.753934599197	-1
45.757545514185395	-1
45.76115642917379	-1
45.76476734416218	-1
45.76837825915057	-1
45.771989174138966	-1
45.77560008912736	-1
45.77921100411575	-1
45.782821919104144	-1
45.78643283409254	-1
45.79004374908093	-1
45.79365466406932	-1
45.797265579057715	-1
45.80087649404611	-1
45.8044874090345	-1
45.8044874090345	2
45.80809832402289	-1
45.811709239011286	-1
45.81532015399968	-1
45.81893106898807	-1
45.81893106898807	2
45.822541983976464	-1
45.82615289896486	-1
45.82976381395325	-1
45.83337472894164	-1
45.83337472894164	2
45.836985643930035	-1
45.84059655891843	-1
45.84420747390682	-1
45.84781838889521	-1
45.84781838889521	2
45.851429303883606	-1
45.855040218872	-1
45.855040218872	2
45.85865113386039	-1
45.862262048848784	-1
45.86587296383718	-1
45.86587296383718	2
45.86948387882557	-1
45.87309479381396	-1
45.87309479381396	2
45.876705708802355	-1
45.88031662379075	-1
45.88392753877914	-1
45.88392753877914	2
45.88753845376753	-1
45.891149368755926	-1
45.89476028374432	-1
45.89837119873271	-1
45.89837119873271	2
45.901982113721104	-1
45.901982113721104	2
45.9055930287095	-1
45.90920394369789	-1
45.91281485868628	-1
45.916425773674675	-1
45.92003668866307	-1
45.92364760365146	-1
45.92725851863985	-1
45.930869433628246	-1
45.93448034861664	-1
45.93809126360503	-1
45.941702178593424	-1
45.94531309358182	-1
45.94531309358182	2
45.94892400857021	-1
45.9525349235586	-1
45.956145838546995	-1
45.95975675353539	-1
45.96336766852378	-1
45.96697858351217	-1
45.970589498500566	-1
45.97420041348896	-1
45.97781132847735	-1
45.981422243465744	-1
45.98503315845414	-1
45.98864407344253	-1
45.99225498843092	-1
45.995865903419315	-1
45.99947681840771	-1
46.0030877333961	-1
46.00669864838449	-1
46.010309563372886	-1
46.01392047836128	-1
46.01392047836128	2
46.01753139334967	-1
46.021142308338064	-1
46.021142308338064	2
46.02475322332646	-1
46.02836413831485	-1
46.03197505330324	-1
46.035585968291635	-1
46.03919688328003	-1
46.04280779826842	-1
46.04280779826842	2
46.04641871325681	-1
46.050029628245206	-1
46.0536405432336	-1
46.05725145822199	-1
46.060862373210384	-1
46.064473288198776	-1
46.06808420318717	-1
46.06808420318717	2
46.07169511817556	-1
46.075306033163955	-1
46.075306033163955	2
46.07891694815235	-1
46.08252786314074	-1
46.08613877812913	-1
46.089749693117525	-1
46.09336060810592	-1
46.09697152309431	-1
46.100582438082704	-1
46.100582438082704	2
46.104193353071096	-1
46.10780426805949	-1
46.11141518304788	-1
46.115026098036275	-1
46.11863701302467	-1
46.12224792801306	-1
46.12585884300145	-1
46.129469757989845	-1
46.13308067297824	-1
46.13669158796663	-1
46.13669158796663	2
46.140302502955024	-1
46.143913417943416	-1
46.14752433293181	-1
46.1511352479202	-1
46.154746162908594	-1
46.15835707789699	-1
46.16196799288538	-1
46.16557890787377	-1
46.169189822862165	-1
46.17280073785056	-1
46.17280073785056	2
46.17280073785056	2
46.17641165283895	-1
46.18002256782734	-1
46.183633482815736	-1
46.18724439780413	-1
46.18724439780413	2
46.19085531279252	-1
46.19085531279252	2
46.194466227780914	-1
46.19807714276931	-1
46.2016880577577	-1
46.20529897274609	-1
46.208909887734485	-1
46.21252080272288	-1
46.21252080272288	2
46.21613171771127	-1
46.21613171771127	2
46.21974263269966	-1
46.223353547688056	-1
46.223353547688056	2
46.223353547688056	2
46.22696446267645	-1
46.23057537766484	-1
46.234186292653234	-1
46.234186292653234	2
46.23779720764163	-1
46.24140812263002	-1
46.24501903761841	-1
46.248629952606805	-1
46.2522408675952	-1
46.25585178258359	-1
46.25585178258359	2
46.25946269757198	-1
46.263073612560376	-1
46.26668452754877	-1
46.26668452754877	2
46.27029544253716	-1
46.27029544253716	2
46.273906357525554	-1
46.273906357525554	2
46.27751727251395	-1
46.28112818750234	-1
46.28473910249073	-1
46.28473910249073	2
46.288350017479125	-1
46.288350017479125	2
46.29196093246752	-1
46.29557184745591	-1
46.2991827624443	-1
46.302793677432696	-1
46.30640459242109	-1
46.31001550740948	-1
46.313626422397874	-1
46.31723733738627	-1
46.32084825237466	-1
46.32445916736305	-1
46.328070082351445	-1
46.33168099733984	-1
46.33529191232823	-1
46.33890282731662	-1
46.342513742305016	-1
46.34612465729341	-1
46.3497355722818	-1
46.353346487270194	-1
46.35695740225859	-1
46.36056831724698	-1
46.36056831724698	2
46.36417923223537	-1
46.36417923223537	2
46.367790147223765	-1
46.37140106221216	-1
46.37501197720055	-1
46.37501197720055	2
46.37862289218894	-1
46.382233807177336	-1
46.38584472216573	-1
46.38945563715412	-1
46.393066552142514	-1
46.39667746713091	-1
46.4002883821193	-1
46.4002883821193	2
46.40389929710769	-1
46.407510212096085	-1
46.41112112708448	-1
46.41473204207287	-1
46.41834295706126	-1
46.41834295706126	2
46.421953872049656	-1
46.42556478703805	-1
46.42917570202644	-1
46.42917570202644	2
46.432786617014834	-1
46.43639753200323	-1
46.44000844699162	-1
46.44000844699162	2
46.44000844699162	2
46.44361936198001	-1
46.447230276968405	-1
46.4508411919568	-1
46.4508411919568	2
46.4508411919568	2
46.45445210694519	-1
46.45806302193358	-1
46.461673936921976	-1
46.46528485191037	-1
46.46889576689876	-1
46.472506681887154	-1
46.47611759687555	-1
46.47972851186394	-1
46.48333942685233	-1
46.486950341840725	-1
46.49056125682912	-1
46.49417217181751	-1
46.4977830868059	-1
46.501394001794296	-1
46.50500491678269	-1
46.50500491678269	2
46.50500491678269	2
46.50861583177108	-1
46.50861583177108	2
46.512226746759474	-1
46.51583766174787	-1
46.51944857673626	-1
46.51944857673626	2
46.51944857673626	2
46.52305949172465	-1
46.526670406713045	-1
46.526670406713045	2
46.53028132170144	-1
46.53028132170144	2
46.53389223668983	-1
46.53750315167822	-1
46.53750315167822	2
46.541114066666616	-1
46.54472498165501	-1
46.54472498165501	2
46.5483358966434	-1
46.5483358966434	2
46.551946811631794	-1
46.55555772662019	-1
46.55916864160858	-1
46.56277955659697	-1
46.56277955659697	2
46.566390471585365	-1
46.566390471585365	2
46.57000138657376	-1
46.57361230156215	-1
46.57722321655054	-1
46.57722321655054	2
46.580834131538936	-1
46.580834131538936	2
46.58444504652733	-1
46.58805596151572	-1
46.591666876504114	-1
46.59527779149251	-1
46.5988887064809	-1
46.60249962146929	-1
46.60249962146929	2
46.60249962146929	2
46.606110536457685	-1
46.606110536457685	2
46.60972145144608	-1
46.61333236643447	-1
46.61694328142286	-1
46.620554196411256	-1
46.62416511139965	-1
46.62777602638804	-1
46.631386941376434	-1
46.631386941376434	2
46.631386941376434	2
46.634997856364826	-1
46.63860877135322	-1
46.64221968634161	-1
46.64221968634161	2
46.645830601330005	-1
46.6494415163184	-1
46.65305243130679	-1
46.65305243130679	2
46.65666334629518	-1
46.65666334629518	2
46.660274261283575	-1
46.66388517627197	-1
46.66749609126036	-1
46.671107006248754	-1
46.674717921237146	-1
46.674717921237146	2
46.67832883622554	-1
46.68193975121393	-1
46.685550666202325	-1
46.68916158119072	-1
46.68916158119072	2
46.69277249617911	-1
46.6963834111675	-1
46.699994326155895	-1
46.699994326155895	2
46.70360524114429	-1
46.70721615613268	-1
46.710827071121074	-1
46.714437986109466	-1
46.71804890109786	-1
46.71804890109786	2
46.72165981608625	-1
46.725270731074644	-1
46.725270731074644	2
46.72888164606304	-1
46.73249256105143	-1
46.73610347603982	-1
46.73610347603982	2
46.739714391028215	-1
46.74332530601661	-1
46.746936221005	-1
46.75054713599339	-1
46.75054713599339	2
46.754158050981786	-1
46.75776896597018	-1
46.76137988095857	-1
46.764990795946964	-1
46.76860171093536	-1
46.77221262592375	-1
46.77582354091214	-1
46.779434455900535	-1
46.78304537088893	-1
46.78665628587732	-1
46.79026720086571	-1
46.793878115854106	-1
46.7974890308425	-1
46.80109994583089	-1
46.804710860819284	-1
46.80832177580768	-1
46.81193269079607	-1
46.81193269079607	2
46.81554360578446	-1
46.819154520772855	-1
46.82276543576125	-1
46.82637635074964	-1
46.82998726573803	-1
46.82998726573803	2
46.833598180726426	-1
46.833598180726426	2
46.83720909571482	-1
46.84082001070321	-1
46.844430925691604	-1
46.84804184068	-1
46.85165275566839	-1
46.85526367065678	-1
46.858874585645175	-1
46.86248550063357	-1
46.86609641562196	-1
46.86970733061035	-1
46.873318245598746	-1
46.87692916058714	-1
46.88054007557553	-1
46.884150990563924	-1
46.88776190555232	-1
46.89137282054071	-1
46.8949837355291	-1
46.898594650517495	-1
46.898594650517495	2
46.90220556550589	-1
46.90581648049428	-1
46.90942739548267	-1
46.913038310471066	-1
46.91664922545946	-1
46.92026014044785	-1
46.92026014044785	2
46.923871055436244	-1
46.923871055436244	2
46.92748197042464	-1
46.93109288541303	-1
46.93470380040142	-1
46.938314715389815	-1
46.94192563037821	-1
46.9455365453666	-1
46.94914746035499	-1
46.952758375343386	-1
46.95636929033178	-1
46.95998020532017	-1
46.95998020532017	2
46.963591120308564	-1
46.96720203529696	-1
46.97081295028535	-1
46.97442386527374	-1
46.97442386527374	2
46.978034780262135	-1
46.98164569525053	-1
46.98525661023892	-1
46.98886752522731	-1
46.992478440215706	-1
46.992478440215706	2
46.9960893552041	-1
46.99970027019249	-1
47.003311185180884	-1
47.003311185180884	2
47.00692210016928	-1
47.01053301515767	-1
47.01414393014606	-1
47.017754845134455	-1
47.02136576012285	-1
47.02497667511124	-1
47.02858759009963	-1
47.02858759009963	2
47.032198505088026	-1
47.03580942007642	-1
47.03580942007642	2
47.03942033506481	-1
47.03942033506481	2
47.043031250053204	-1
47.0466421650416	-1
47.05025308002999	-1
47.05386399501838	-1
47.05386399501838	2
47.057474910006775	-1
47.057474910006775	2
47.06108582499517	-1
47.06469673998356	-1
47.06469673998356	2
47.06830765497195	-1
47.071918569960346	-1
47.07552948494874	-1
47.07914039993713	-1
47.082751314925524	-1
47.08636222991392	-1
47.08997314490231	-1
47.0935840598907	-1
47.097194974879095	-1
47.10080588986749	-1
47.10441680485588	-1
47.10441680485588	2
47.10802771984427	-1
47.10802771984427	2
47.111638634832666	-1
47.11524954982106	-1
47.11886046480945	-1
47.122471379797844	-1
47.12608229478624	-1
47.12969320977463	-1
47.13330412476302	-1
47.13330412476302	2
47.136915039751415	-1
47.136915039751415	2
47.14052595473981	-1
47.1441368697282	-1
47.14774778471659	-1
47.151358699704986	-1
47.15496961469338	-1
47.15858052968177	-1
47.162191444670164	-1
47.162191444670164	2
47.16580235965856	-1
47.16941327464695	-1
47.17302418963534	-1
47.176635104623735	-1
47.18024601961213	-1
47.18385693460052	-1
47.18746784958891	-1
47.191078764577306	-1
47.191078764577306	2
47.1946896795657	-1
47.1946896795657	2
47.19830059455409	-1
47.201911509542484	-1
47.201911509542484	2
47.205522424530876	-1
47.205522424530876	2
47.20913333951927	-1
47.20913333951927	2
47.21274425450766	-1
47.216355169496055	-1
47.216355169496055	2
47.21996608448445	-1
47.22357699947284	-1
47.22718791446123	-1
47.22718791446123	2
47.230798829449625	-1
47.23440974443802	-1
47.23440974443802	2
47.23802065942641	-1
47.241631574414804	-1
47.245242489403196	-1
47.24885340439159	-1
47.24885340439159	2
47.24885340439159	2
47.25246431937998	-1
47.256075234368375	-1
47.25968614935677	-1
47.26329706434516	-1
47.26690797933355	-1
47.270518894321945	-1
47.270518894321945	2
47.27412980931034	-1
47.27412980931034	2
47.27774072429873	-1
47.281351639287124	-1
47.284962554275516	-1
47.284962554275516	2
47.28857346926391	-1
47.2921843842523	-1
47.295795299240694	-1
47.29940621422909	-1
47.30301712921748	-1
47.30662804420587	-1
47.310238959194265	-1
47.31384987418266	-1
47.31746078917105	-1
47.32107170415944	-1
47.32107170415944	2
47.324682619147836	-1
47.324682619147836	2
47.32829353413623	-1
47.32829353413623	2
47.32829353413623	2
47.33190444912462	-1
47.335515364113014	-1
47.33912627910141	-1
47.3427371940898	-1
47.34634810907819	-1
47.349959024066585	-1
47.349959024066585	2
47.35356993905498	-1
47.35718085404337	-1
47.35718085404337	2
47.36079176903176	-1
47.364402684020156	-1
47.36801359900855	-1
47.37162451399694	-1
47.375235428985334	-1
47.37884634397373	-1
47.38245725896212	-1
47.38606817395051	-1
47.389679088938905	-1
47.3932900039273	-1
47.3932900039273	2
47.3932900039273	2
47.39690091891569	-1
47.40051183390408	-1
47.404122748892476	-1
47.404122748892476	2
47.40773366388087	-1
47.41134457886926	-1
47.414955493857654	-1
47.41856640884605	-1
47.41856640884605	2
47.42217732383444	-1
47.42217732383444	2
47.42578823882283	-1
47.429399153811225	-1
47.43301006879962	-1
47.43662098378801	-1
47.4402318987764	-1
47.4402318987764	2
47.443842813764796	-1
47.44745372875319	-1
47.45106464374158	-1
47.454675558729974	-1
47.45828647371837	-1
47.45828647371837	2
47.46189738870676	-1
47.46550830369515	-1
47.469119218683545	-1
47.47273013367194	-1
47.47273013367194	2
47.47634104866033	-1
47.47995196364872	-1
47.483562878637116	-1
47.48717379362551	-1
47.4907847086139	-1
47.494395623602294	-1
47.49800653859069	-1
47.50161745357908	-1
47.50522836856747	-1
47.508839283555865	-1
47.51245019854426	-1
47.51606111353265	-1
47.51967202852104	-1
47.523282943509436	-1
47.52689385849783	-1
47.52689385849783	2
47.53050477348622	-1
47.534115688474614	-1
47.53772660346301	-1
47.5413375184514	-1
47.5413375184514	2
47.54494843343979	-1
47.548559348428185	-1
47.55217026341658	-1
47.55578117840497	-1
47.55939209339336	-1
47.563003008381756	-1
47.56661392337015	-1
47.57022483835854	-1
47.573835753346934	-1
47.57744666833533	-1
47.58105758332372	-1
47.58466849831211	-1
47.58466849831211	2
47.588279413300505	-1
47.588279413300505	2
47.5918903282889	-1
47.59550124327729	-1
47.59911215826568	-1
47.602723073254076	-1
47.60633398824247	-1
47.60994490323086	-1
47.60994490323086	2
47.613555818219254	-1
47.61716673320765	-1
47.62077764819604	-1
47.62077764819604	2
47.62438856318443	-1
47.62438856318443	2
47.627999478172825	-1
47.63161039316122	-1
47.63522130814961	-1
47.638832223138	-1
47.638832223138	2
47.642443138126396	-1
47.64605405311479	-1
47.64966496810318	-1
47.653275883091574	-1
47.65688679807997	-1
47.66049771306836	-1
47.66410862805675	-1
47.667719543045145	-1
47.67133045803354	-1
47.67494137302193	-1
47.67855228801032	-1
47.682163202998716	-1
47.682163202998716	2
47.68577411798711	-1
47.6893850329755	-1
47.692995947963894	-1
47.69660686295229	-1
47.70021777794068	-1
47.70382869292907	-1
47.707439607917465	-1
47.71105052290586	-1
47.71466143789425	-1
47.71827235288264	-1
47.721883267871036	-1
47.72549418285943	-1
47.72910509784782	-1
47.72910509784782	2
47.732716012836214	-1
47.73632692782461	-1
47.739937842813	-1
47.74354875780139	-1
47.747159672789785	-1
47.747159672789785	2
47.75077058777818	-1
47.75438150276657	-1
47.75799241775496	-1
47.761603332743356	-1
47.76521424773175	-1
47.76521424773175	2
47.76882516272014	-1
47.772436077708534	-1
47.77604699269693	-1
47.77604699269693	2
47.77965790768532	-1
47.77965790768532	2
47.78326882267371	-1
47.786879737662105	-1
47.7904906526505	-1
47.7904906526505	2
47.79410156763889	-1
47.79771248262728	-1
47.801323397615676	-1
47.80493431260407	-1
47.80854522759246	-1
47.80854522759246	2
47.812156142580854	-1
47.815767057569246	-1
47.815767057569246	2
47.81937797255764	-1
47.82298888754603	-1
47.826599802534425	-1
47.826599802534425	2
47.826599802534425	2
47.83021071752282	-1
47.83382163251121	-1
47.8374325474996	-1
47.841043462487995	-1
47.84465437747639	-1
47.84826529246478	-1
47.84826529246478	2
47.851876207453174	-1
47.855487122441566	-1
47.85909803742996	-1
47.86270895241835	-1
47.866319867406744	-1
47.86993078239514	-1
47.86993078239514	2
47.87354169738353	-1
47.87715261237192	-1
47.880763527360315	-1
47.88437444234871	-1
47.8879853573371	-1
47.89159627232549	-1
47.895207187313886	-1
47.89881810230228	-1
47.89881810230228	2
47.90242901729067	-1
47.906039932279064	-1
47.90965084726746	-1
47.90965084726746	2
47.91326176225585	-1
47.91687267724424	-1
47.920483592232635	-1
47.920483592232635	2
47.92409450722103	-1
47.92770542220942	-1
47.92770542220942	2
47.93131633719781	-1
47.93131633719781	2
47.934927252186206	-1
47.9385381671746	-1
47.94214908216299	-1
47.945759997151384	-1
47.945759997151384	2
47.945759997151384	2
47.94937091213978	-1
47.94937091213978	2
47.95298182712817	-1
47.95659274211656	-1
47.960203657104955	-1
47.96381457209335	-1
47.96742548708174	-1
47.97103640207013	-1
47.974647317058526	-1
47.974647317058526	2
47.97825823204692	-1
47.98186914703531	-1
47.98186914703531	2
47.985480062023704	-1
47.9890909770121	-1
47.99270189200049	-1
47.99631280698888	-1
47.99631280698888	2
47.999923721977275	-1
47.999923721977275	2
48.00353463696567	-1
48.00353463696567	2
48.00714555195406	-1
48.01075646694245	-1
48.014367381930846	-1
48.01797829691924	-1
48.02158921190763	-1
48.02158921190763	2
48.025200126896024	-1
48.02881104188442	-1
48.03242195687281	-1
48.0360328718612	-1
48.0360328718612	2
48.039643786849595	-1
48.039643786849595	2
48.04325470183799	-1
48.04686561682638	-1
48.05047653181477	-1
48.054087446803166	-1
48.05769836179156	-1
48.06130927677995	-1
48.064920191768344	-1
48.06853110675674	-1
48.07214202174513	-1
48.07575293673352	-1
48.079363851721915	-1
48.08297476671031	-1
48.08297476671031	2
48.0865856816987	-1
48.09019659668709	-1
48.093807511675486	-1
48.09741842666388	-1
48.10102934165227	-1
48.104640256640664	-1
48.10825117162906	-1
48.11186208661745	-1
48.11186208661745	2
48.11547300160584	-1
48.119083916594235	-1
48.12269483158263	-1
48.12630574657102	-1
48.12991666155941	-1
48.133527576547806	-1
48.1371384915362	-1
48.14074940652459	-1
48.144360321512984	-1
48.14797123650138	-1
48.15158215148977	-1
48.15519306647816	-1
48.158803981466555	-1
48.16241489645495	-1
48.16602581144334	-1
48.16963672643173	-1
48.173247641420126	-1
48.17685855640852	-1
48.17685855640852	2
48.17685855640852	2
48.17685855640852	2
48.17685855640852	2
48.18046947139691	-1
48.18046947139691	2
48.184080386385304	-1
48.184080386385304	2
48.1876913013737	-1
48.19130221636209	-1
48.19491313135048	-1
48.198524046338875	-1
48.20213496132727	-1
48.20574587631566	-1
48.20935679130405	-1
48.212967706292446	-1
48.21657862128084	-1
48.22018953626923	-1
48.223800451257624	-1
48.22741136624602	-1
48.23102228123441	-1
48.2346331962228	-1
48.238244111211195	-1
48.24185502619959	-1
48.24546594118798	-1
48.24546594118798	2
48.24907685617637	-1
48.252687771164766	-1
48.25629868615316	-1
48.25990960114155	-1
48.25990960114155	2
48.263520516129944	-1
48.26713143111834	-1
48.26713143111834	2
48.27074234610673	-1
48.27435326109512	-1
48.277964176083515	-1
48.28157509107191	-1
48.2851860060603	-1
48.28879692104869	-1
48.292407836037086	-1
48.292407836037086	2
48.29601875102548	-1
48.29962966601387	-1
48.29962966601387	2
48.303240581002264	-1
48.303240581002264	2
48.30685149599066	-1
48.31046241097905	-1
48.31407332596744	-1
48.317684240955835	-1
48.32129515594423	-1
48.32129515594423	2
48.32490607093262	-1
48.32851698592101	-1
48.332127900909406	-1
48.3357388158978	-1
48.33934973088619	-1
48.342960645874584	-1
48.342960645874584	2
48.34657156086298	-1
48.35018247585137	-1
48.35379339083976	-1
48.35379339083976	2
48.357404305828155	-1
48.36101522081655	-1
48.36101522081655	2
48.36462613580494	-1
48.36823705079333	-1
48.371847965781726	-1
48.37545888077012	-1
48.37906979575851	-1
48.37906979575851	2
48.382680710746904	-1
48.382680710746904	2
48.386291625735296	-1
48.38990254072369	-1
48.39351345571208	-1
48.397124370700475	-1
48.397124370700475	2
48.40073528568887	-1
48.40073528568887	2
48.40434620067726	-1
48.40795711566565	-1
48.40795711566565	2
48.411568030654045	-1
48.41517894564244	-1
48.41878986063083	-1
48.41878986063083	2
48.422400775619224	-1
48.426011690607616	-1
48.42962260559601	-1
48.4332335205844	-1
48.4332335205844	2
48.436844435572795	-1
48.44045535056119	-1
48.44406626554958	-1
48.44767718053797	-1
48.451288095526365	-1
48.45489901051476	-1
48.45850992550315	-1
48.462120840491544	-1
48.462120840491544	2
48.465731755479936	-1
48.46934267046833	-1
48.47295358545672	-1
48.476564500445114	-1
48.476564500445114	2
48.48017541543351	-1
48.48017541543351	2
48.4837863304219	-1
48.48739724541029	-1
48.491008160398685	-1
48.49461907538708	-1
48.49822999037547	-1
48.49822999037547	2
48.50184090536386	-1
48.505451820352256	-1
48.50906273534065	-1
48.51267365032904	-1
48.516284565317434	-1
48.51989548030583	-1
48.52350639529422	-1
48.52711731028261	-1
48.530728225271005	-1
48.5343391402594	-1
48.5343391402594	2
48.53795005524779	-1
48.54156097023618	-1
48.545171885224576	-1
48.54878280021297	-1
48.55239371520136	-1
48.55239371520136	2
48.556004630189754	-1
48.55961554517815	-1
48.56322646016654	-1
48.56683737515493	-1
48.570448290143325	-1
48.57405920513172	-1
48.57405920513172	2
48.57767012012011	-1
48.57767012012011	2
48.5812810351085	-1
48.584891950096896	-1
48.584891950096896	2
48.58850286508529	-1
48.58850286508529	2
48.59211378007368	-1
48.595724695062074	-1
48.59933561005047	-1
48.60294652503886	-1
48.60655744002725	-1
48.60655744002725	2
48.610168355015645	-1
48.61377927000404	-1
48.61739018499243	-1
48.62100109998082	-1
48.624612014969216	-1
48.62822292995761	-1
48.631833844946	-1
48.635444759934394	-1
48.635444759934394	2
48.63905567492279	-1
48.64266658991118	-1
48.64627750489957	-1
48.649888419887965	-1
48.649888419887965	2
48.65349933487636	-1
48.65711024986475	-1
48.66072116485314	-1
48.664332079841536	-1
48.66794299482993	-1
48.67155390981832	-1
48.67155390981832	2
48.675164824806714	-1
48.67877573979511	-1
48.67877573979511	2
48.6823866547835	-1
48.6823866547835	2
48.68599756977189	-1
48.689608484760285	-1
48.69321939974868	-1
48.69321939974868	2
48.69683031473707	-1
48.70044122972546	-1
48.704052144713856	-1
48.70766305970225	-1
48.70766305970225	2
48.71127397469064	-1
48.71127397469064	2
48.714884889679034	-1
48.71849580466743	-1
48.72210671965582	-1
48.72571763464421	-1
48.729328549632605	-1
48.729328549632605	2
48.732939464621	-1
48.732939464621	2
48.73655037960939	-1
48.74016129459778	-1
48.743772209586176	-1
48.74738312457457	-1
48.74738312457457	2
48.75099403956296	-1
48.754604954551354	-1
48.75821586953975	-1
48.75821586953975	2
48.76182678452814	-1
48.76182678452814	2
48.76543769951653	-1
48.769048614504925	-1
48.77265952949332	-1
48.77627044448171	-1
48.7798813594701	-1
48.783492274458496	-1
48.78710318944689	-1
48.78710318944689	2
48.79071410443528	-1
48.794325019423674	-1
48.794325019423674	2
48.79793593441207	-1
48.80154684940046	-1
48.80515776438885	-1
48.808768679377245	-1
48.81237959436564	-1
48.81237959436564	2
48.81237959436564	2
48.81237959436564	2
48.81599050935403	-1
48.81599050935403	2
48.81960142434242	-1
48.823212339330816	-1
48.823212339330816	2
48.82682325431921	-1
48.8304341693076	-1
48.834045084295994	-1
48.83765599928439	-1
48.83765599928439	2
48.84126691427278	-1
48.84487782926117	-1
48.848488744249565	-1
48.85209965923796	-1
48.85571057422635	-1
48.85932148921474	-1
48.862932404203136	-1
48.86654331919153	-1
48.87015423417992	-1
48.873765149168314	-1
48.873765149168314	2
48.87737606415671	-1
48.8809869791451	-1
48.88459789413349	-1
48.888208809121885	-1
48.89181972411028	-1
48.89543063909867	-1
48.89904155408706	-1
48.902652469075456	-1
48.90626338406385	-1
48.90626338406385	2
48.90626338406385	2
48.90987429905224	-1
48.913485214040634	-1
48.91709612902903	-1
48.92070704401742	-1
48.92070704401742	2
48.92070704401742	2
48.92431795900581	-1
48.927928873994205	-1
48.9315397889826	-1
48.9315397889826	2
48.93515070397099	-1
48.93876161895938	-1
48.93876161895938	2
48.942372533947776	-1
48.94598344893617	-1
48.94598344893617	2
48.94959436392456	-1
48.953205278912954	-1
48.956816193901346	-1
48.956816193901346	2
48.96042710888974	-1
48.96403802387813	-1
48.967648938866525	-1
48.97125985385492	-1
48.97125985385492	2
48.97487076884331	-1
48.9784816838317	-1
48.982092598820095	-1
48.98570351380849	-1
48.98931442879688	-1
48.992925343785274	-1
48.992925343785274	2
48.996536258773666	-1
49.00014717376206	-1
49.00375808875045	-1
49.007369003738845	-1
49.01097991872724	-1
49.01097991872724	2
49.01459083371563	-1
49.01820174870402	-1
49.021812663692415	-1
49.02542357868081	-1
49.0290344936692	-1
49.032645408657594	-1
49.036256323645986	-1
49.03986723863438	-1
49.04347815362277	-1
49.04347815362277	2
49.047089068611164	-1
49.05069998359956	-1
49.05069998359956	2
49.05431089858795	-1
49.05792181357634	-1
49.061532728564735	-1
49.06514364355313	-1
49.06514364355313	2
49.06875455854152	-1
49.06875455854152	2
49.07236547352991	-1
49.075976388518306	-1
49.0795873035067	-1
49.08319821849509	-1
49.08319821849509	2
49.086809133483484	-1
49.09042004847188	-1
49.09403096346027	-1
49.09764187844866	-1
49.09764187844866	2
49.101252793437055	-1
49.101252793437055	2
49.10486370842545	-1
49.10847462341384	-1
49.11208553840223	-1
49.115696453390626	-1
49.115696453390626	2
49.11930736837902	-1
49.11930736837902	2
49.12291828336741	-1
49.126529198355804	-1
49.126529198355804	2
49.1301401133442	-1
49.1301401133442	2
49.13375102833259	-1
49.13736194332098	-1
49.140972858309375	-1
49.14458377329777	-1
49.14819468828616	-1
49.15180560327455	-1
49.15180560327455	2
49.155416518262946	-1
49.15902743325134	-1
49.16263834823973	-1
49.16263834823973	2
49.166249263228124	-1
49.16986017821652	-1
49.17347109320491	-1
49.17347109320491	2
49.1770820081933	-1
49.180692923181695	-1
49.18430383817009	-1
49.18791475315848	-1
49.19152566814687	-1
49.195136583135266	-1
49.195136583135266	2
49.19874749812366	-1
49.19874749812366	2
49.20235841311205	-1
49.205969328100444	-1
49.20958024308884	-1
49.21319115807723	-1
49.21319115807723	2
49.21680207306562	-1
49.220412988054015	-1
49.22402390304241	-1
49.22402390304241	2
49.2276348180308	-1
49.2276348180308	2
49.23124573301919	-1
49.234856648007586	-1
49.23846756299598	-1
49.24207847798437	-1
49.245689392972764	-1
49.245689392972764	2
49.245689392972764	2
49.24930030796116	-1
49.24930030796116	2
49.24930030796116	2
49.25291122294955	-1
49.25652213793794	-1
49.260133052926335	-1
49.26374396791473	-1
49.26735488290312	-1
49.26735488290312	2
49.27096579789151	-1
49.27096579789151	2
49.274576712879906	-1
49.2781876278683	-1
49.2781876278683	2
49.28179854285669	-1
49.285409457845084	-1
49.285409457845084	2
49.28902037283348	-1
49.29263128782187	-1
49.29624220281026	-1
49.299853117798655	-1
49.30346403278705	-1
49.30707494777544	-1
49.30707494777544	2
49.31068586276383	-1
49.314296777752226	-1
49.31790769274062	-1
49.32151860772901	-1
49.32151860772901	2
49.325129522717404	-1
49.3287404377058	-1
49.3287404377058	2
49.3287404377058	2
49.33235135269419	-1
49.33235135269419	2
49.33596226768258	-1
49.339573182670975	-1
49.34318409765937	-1
49.34679501264776	-1
49.35040592763615	-1
49.354016842624546	-1
49.35762775761294	-1
49.36123867260133	-1
49.36123867260133	2
49.364849587589724	-1
49.36846050257812	-1
49.36846050257812	2
49.37207141756651	-1
49.3756823325549	-1
49.3756823325549	2
49.379293247543295	-1
49.38290416253169	-1
49.38651507752008	-1
49.39012599250847	-1
49.393736907496866	-1
49.39734782248526	-1
49.39734782248526	2
49.40095873747365	-1
49.404569652462044	-1
49.40818056745044	-1
49.41179148243883	-1
49.41540239742722	-1
49.419013312415615	-1
49.42262422740401	-1
49.4262351423924	-1
49.4262351423924	2
49.42984605738079	-1
49.433456972369186	-1
49.43706788735758	-1
49.43706788735758	2
49.44067880234597	-1
49.444289717334364	-1
49.44790063232276	-1
49.44790063232276	2
49.45151154731115	-1
49.45512246229954	-1
49.458733377287935	-1
49.46234429227633	-1
49.46595520726472	-1
49.46595520726472	2
49.46956612225311	-1
49.46956612225311	2
49.473177037241506	-1
49.4767879522299	-1
49.48039886721829	-1
49.484009782206684	-1
49.48762069719508	-1
49.49123161218347	-1
49.49123161218347	2
49.49123161218347	2
49.49484252717186	-1
49.498453442160255	-1
49.50206435714865	-1
49.50567527213704	-1
49.50928618712543	-1
49.512897102113826	-1
49.51650801710222	-1
49.52011893209061	-1
49.523729847079004	-1
49.527340762067396	-1
49.53095167705579	-1
49.53456259204418	-1
49.538173507032575	-1
49.54178442202097	-1
49.54539533700936	-1
49.54539533700936	2
49.54900625199775	-1
49.552617166986145	-1
49.55622808197454	-1
49.55983899696293	-1
49.563449911951324	-1
49.567060826939716	-1
49.57067174192811	-1
49.5742826569165	-1
49.577893571904895	-1
49.58150448689329	-1
49.58511540188168	-1
49.58872631687007	-1
49.58872631687007	2
49.592337231858465	-1
49.59594814684686	-1
49.59955906183525	-1
49.59955906183525	2
49.603169976823644	-1
49.606780891812036	-1
49.606780891812036	2
49.61039180680043	-1
49.61039180680043	2
49.61039180680043	2
49.61400272178882	-1
49.61400272178882	2
49.617613636777214	-1
49.62122455176561	-1
49.624835466754	-1
49.62844638174239	-1
49.632057296730785	-1
49.63566821171918	-1
49.63927912670757	-1
49.63927912670757	2
49.64289004169596	-1
49.646500956684356	-1
49.646500956684356	2
49.65011187167275	-1
49.65372278666114	-1
49.657333701649534	-1
49.66094461663793	-1
49.66455553162632	-1
49.66816644661471	-1
49.671777361603105	-1
49.6753882765915	-1
49.67899919157989	-1
49.68261010656828	-1
49.686221021556676	-1
49.68983193654507	-1
49.69344285153346	-1
49.697053766521854	-1
49.697053766521854	2
49.70066468151025	-1
49.70427559649864	-1
49.70788651148703	-1
49.711497426475425	-1
49.71510834146382	-1
49.71871925645221	-1
49.7223301714406	-1
49.725941086428996	-1
49.72955200141739	-1
49.73316291640578	-1
49.736773831394174	-1
49.74038474638257	-1
49.74399566137096	-1
49.74760657635935	-1
49.751217491347745	-1
49.75482840633614	-1
49.75843932132453	-1
49.76205023631292	-1
49.765661151301316	-1
49.76927206628971	-1
49.7728829812781	-1
49.776493896266494	-1
49.78010481125489	-1
49.78010481125489	2
49.78371572624328	-1
49.78371572624328	2
49.78732664123167	-1
49.790937556220065	-1
49.79454847120846	-1
49.79454847120846	2
49.79815938619685	-1
49.80177030118524	-1
49.805381216173636	-1
49.80899213116203	-1
49.81260304615042	-1
49.816213961138814	-1
49.81982487612721	-1
49.8234357911156	-1
49.82704670610399	-1
49.830657621092385	-1
49.83426853608078	-1
49.83426853608078	2
49.83787945106917	-1
49.84149036605756	-1
49.845101281045956	-1
49.84871219603435	-1
49.84871219603435	2
49.85232311102274	-1
49.855934026011134	-1
49.85954494099953	-1
49.85954494099953	2
49.86315585598792	-1
49.86676677097631	-1
49.870377685964705	-1
49.8739886009531	-1
49.87759951594149	-1
49.88121043092988	-1
49.884821345918276	-1
49.88843226090667	-1
49.89204317589506	-1
49.895654090883454	-1
49.89926500587185	-1
49.90287592086024	-1
49.90648683584863	-1
49.910097750837025	-1
49.910097750837025	2
49.91370866582542	-1
49.91731958081381	-1
49.9209304958022	-1
49.924541410790596	-1
49.924541410790596	2
49.92815232577899	-1
49.93176324076738	-1
49.935374155755774	-1
49.935374155755774	2
49.93898507074417	-1
49.94259598573256	-1
49.94620690072095	-1
49.94620690072095	2
49.949817815709345	-1
49.949817815709345	2
49.95342873069774	-1
49.95342873069774	2
49.95342873069774	2
49.95703964568613	-1
49.96065056067452	-1
49.964261475662916	-1
49.96787239065131	-1
49.9714833056397	-1
49.975094220628094	-1
49.975094220628094	2
49.975094220628094	2
49.97870513561649	-1
49.98231605060488	-1
49.98592696559327	-1
49.989537880581665	-1
49.99314879557006	-1
49.99314879557006	2
49.99314879557006	2
49.99675971055845	-1
49.99675971055845	2
49.99675971055845	2
49.99675971055845	2
50.00037062554684	-1
50.003981540535236	-1
50.003981540535236	2
50.00759245552363	-1
50.00759245552363	2
50.01120337051202	-1
50.014814285500414	-1
50.01842520048881	-1
50.0220361154772	-1
50.0220361154772	2
50.02564703046559	-1
50.029257945453985	-1
50.03286886044238	-1
50.03647977543077	-1
50.04009069041916	-1
50.043701605407556	-1
50.04731252039595	-1
50.05092343538434	-1
50.054534350372734	-1
50.05814526536113	-1
50.06175618034952	-1
50.06536709533791	-1
50.068978010326305	-1
50.0725889253147	-1
50.07619984030309	-1
50.07619984030309	2
50.07981075529148	-1
50.07981075529148	2
50.083421670279876	-1
50.08703258526827	-1
50.09064350025666	-1
50.09064350025666	2
50.094254415245054	-1
50.09786533023345	-1
50.09786533023345	2
50.10147624522184	-1
50.10508716021023	-1
50.108698075198625	-1
50.11230899018702	-1
50.11591990517541	-1
50.1195308201638	-1
50.123141735152196	-1
50.12675265014059	-1
50.13036356512898	-1
50.133974480117374	-1
50.137585395105766	-1
50.14119631009416	-1
50.14480722508255	-1
50.148418140070945	-1
50.15202905505934	-1
50.15563997004773	-1
50.15925088503612	-1
50.162861800024515	-1
50.16647271501291	-1
50.1700836300013	-1
50.1700836300013	2
50.1700836300013	2
50.173694544989694	-1
50.173694544989694	2
50.177305459978086	-1
50.18091637496648	-1
50.18452728995487	-1
50.188138204943264	-1
50.19174911993166	-1
50.19536003492005	-1
50.19897094990844	-1
50.202581864896835	-1
50.20619277988523	-1
50.20980369487362	-1
50.21341460986201	-1
50.217025524850406	-1
50.217025524850406	2
50.2206364398388	-1
50.2206364398388	2
50.22424735482719	-1
50.22424735482719	2
50.227858269815584	-1
50.227858269815584	2
50.23146918480398	-1
50.23508009979237	-1
50.23869101478076	-1
50.242301929769155	-1
50.24591284475755	-1
50.24952375974594	-1
50.25313467473433	-1
50.256745589722726	-1
50.26035650471112	-1
50.26396741969951	-1
50.267578334687904	-1
50.2711892496763	-1
50.27480016466469	-1
50.27841107965308	-1
50.282021994641475	-1
50.282021994641475	2
50.28563290962987	-1
50.28924382461826	-1
50.28924382461826	2
50.29285473960665	-1
50.29285473960665	2
50.296465654595046	-1
50.30007656958344	-1
50.30368748457183	-1
50.307298399560224	-1
50.31090931454862	-1
50.31452022953701	-1
50.31452022953701	2
50.3181311445254	-1
50.321742059513795	-1
50.32535297450219	-1
50.32535297450219	2
50.32896388949058	-1
50.33257480447897	-1
50.336185719467366	-1
50.33979663445576	-1
50.33979663445576	2
50.34340754944415	-1
50.34340754944415	2
50.347018464432544	-1
50.35062937942094	-1
50.35424029440933	-1
50.35785120939772	-1
50.35785120939772	2
50.361462124386115	-1
50.36507303937451	-1
50.3686839543629	-1
50.37229486935129	-1
50.375905784339686	-1
50.37951669932808	-1
50.38312761431647	-1
50.386738529304864	-1
50.386738529304864	2
50.39034944429326	-1
50.39396035928165	-1
50.39396035928165	2
50.39757127427004	-1
50.401182189258435	-1
50.40479310424683	-1
50.40840401923522	-1
50.41201493422361	-1
50.415625849212006	-1
50.415625849212006	2
50.4192367642004	-1
50.42284767918879	-1
50.426458594177184	-1
50.43006950916558	-1
50.43368042415397	-1
50.43729133914236	-1
50.440902254130755	-1
50.44451316911915	-1
50.44812408410754	-1
50.45173499909593	-1
50.45173499909593	2
50.45173499909593	2
50.455345914084326	-1
50.45895682907272	-1
50.46256774406111	-1
50.466178659049504	-1
50.4697895740379	-1
50.473401295891684	-1
50.473401295891684	2
50.47701382497152	-1
50.4806271616383	-1
50.48424130625316	-1
50.48424130625316	2
50.48785625917747	-1
50.491472020772854	-1
50.491472020772854	2
50.49508859140118	-1
50.49870597142455	-1
50.50232416120531	-1
50.50594316110605	-1
50.50956297148962	-1
50.51318359271909	-1
50.51680502515778	-1
50.52042726916927	-1
50.52405032511736	-1
50.52767419336611	-1
50.52767419336611	2
50.53129887427983	-1
50.53492436822305	-1
50.53492436822305	2
50.538550675560586	-1
50.54217779665746	-1
50.545805731878964	-1
50.54943448159062	-1
50.55306404615821	-1
50.556694425947754	-1
50.556694425947754	2
50.556694425947754	2
50.56032562132552	-1
50.563957632658024	-1
50.56759046031203	-1
50.571224104654554	-1
50.574858566052846	-1
50.578493844874416	-1
50.58212994148702	-1
50.58576685625865	-1
50.58576685625865	2
50.58940458955757	-1
50.58940458955757	2
50.58940458955757	2
50.59304314175227	-1
50.5966825132115	-1
50.5966825132115	2
50.600322704304254	-1
50.603963715399786	-1
50.60760554686759	-1
50.61124819907741	-1
50.61489167239924	-1
50.61489167239924	2
50.61489167239924	2
50.61853596720333	-1
50.62218108386017	-1
50.625827022740516	-1
50.62947378421536	-1
50.63312136865595	-1
50.63312136865595	2
50.636769776433795	-1
50.64041900792064	-1
50.644069063488494	-1
50.647719943509614	-1
50.6513716483565	-1
50.65502417840192	-1
50.65867753401889	-1
50.65867753401889	2
50.66233171558067	-1
50.66598672346078	-1
50.669642558033004	-1
50.67329921967136	-1
50.676956708750126	-1
50.676956708750126	2
50.68061502564384	-1
50.68427417072729	-1
50.687934144375525	-1
50.69159494696384	-1
50.69159494696384	2
50.69525657886779	-1
50.69525657886779	2
50.69891904046319	-1
50.70258233212609	-1
50.706246454232826	-1
50.709911407159964	-1
50.71357719128434	-1
50.71357719128434	2
50.717243806983035	-1
50.72091125463341	-1
50.72457953461305	-1
50.72824864729983	-1
50.73191859307185	-1
50.7355893723075	-1
50.73926098538541	-1
50.74293343268446	-1
50.74660671458381	-1
50.74660671458381	2
50.75028083146287	-1
50.75028083146287	2
50.75395578370129	-1
50.757631571679006	-1
50.7613081957762	-1
50.76498565637332	-1
50.76866395385106	-1
50.77234308859039	-1
50.77602306097253	-1
50.77602306097253	2
50.77970387137896	-1
50.78338552019144	-1
50.78338552019144	2
50.78706800779196	-1
50.79075133456279	-1
50.79075133456279	2
50.794435500886465	-1
50.79812050714577	-1
50.80180635372375	-1
50.80549304100373	-1
50.809180569369275	-1
50.81286893920423	-1
50.816558150892696	-1
50.82024820481904	-1
50.82024820481904	2
50.82393910136788	-1
50.82393910136788	2
50.82393910136788	2
50.82763084092411	-1
50.83132342387289	-1
50.83501685059964	-1
50.83871112149003	-1
50.84240623693002	-1
50.84610219730582	-1
50.8497990030039	-1
50.85349665441102	-1
50.85719515191417	-1
50.86089449590063	-1
50.86459468675794	-1
50.86459468675794	2
50.8682957248739	-1
50.8719976106366	-1
50.87570034443436	-1
50.87940392665579	-1
50.883108357689764	-1
50.88681363792542	-1
50.890519767752174	-1
50.8942267475597	-1
50.8942267475597	2
50.897934577737935	-1
50.897934577737935	2
50.897934577737935	2
50.9016432586771	-1
50.905352790767665	-1
50.90906317440039	-1
50.91277440996629	-1
50.91277440996629	2
50.91648649785665	-1
50.92019943846304	-1
50.92391323217727	-1
50.92762787939145	-1
50.93134338049795	-1
50.9350597358894	-1
50.93877694595872	-1
50.94249501109909	-1
50.94621393170396	-1
50.949933708167045	-1
50.95365434088235	-1
50.957375830244146	-1
50.96109817664697	-1
50.96109817664697	2
50.96109817664697	2
50.96482138048563	-1
50.96482138048563	2
50.96482138048563	2
50.96854544215522	-1
50.97227036205109	-1
50.97599614056888	-1
50.97599614056888	2
50.979722778104495	-1
50.98345027505411	-1
50.98345027505411	2
50.98345027505411	2
50.98717863181419	-1
50.99090784878145	-1
50.994637926352894	-1
50.994637926352894	2
50.99836886492581	-1
50.99836886492581	2
51.002100664897746	-1
51.00583332666653	-1
51.00956685063027	-1
51.00956685063027	2
51.01330123718734	-1
51.0170364867364	-1
51.020772599676384	-1
51.024509576406494	-1
51.024509576406494	2
51.02824741732622	-1
51.02824741732622	2
51.02824741732622	2
51.03198612283533	-1
51.03198612283533	2
51.03198612283533	2
51.03572569333385	-1
51.03946612922212	-1
51.03946612922212	2
51.04320743090072	-1
51.04694959877054	-1
51.050692633232714	-1
51.05443653468869	-1
51.058181303540174	-1
51.06192694018915	-1
51.065673445037895	-1
51.06942081848895	-1
51.073169060945155	-1
51.07691817280961	-1
51.080668154485714	-1
51.08441900637713	-1
51.08817072888782	-1
51.091923322422005	-1
51.095676787384214	-1
51.095676787384214	2
51.09943112417923	-1
51.10318633321214	-1
51.10318633321214	2
51.10318633321214	2
51.10694241488831	-1
51.11069936961337	-1
51.11445719779326	-1
51.11821589983418	-1
51.12197547614264	-1
51.1257359271254	-1
51.12949725318952	-1
51.13325945474236	-1
51.13702253219154	-1
51.14078648594497	-1
51.14078648594497	2
51.14455131641086	-1
51.14455131641086	2
51.14831702399769	-1
51.14831702399769	2
51.152083609114236	-1
51.15585107216955	-1
51.15961941357297	-1
51.16338863373413	-1
51.16715873306294	-1
51.16715873306294	2
51.170929711969606	-1
51.17470157086461	-1
51.17847431015875	-1
51.18224793026307	-1
51.186022431588924	-1
51.18979781454796	-1
51.1935740795521	-1
51.19735122701356	-1
51.20112925734486	-1
51.20112925734486	2
51.20490817095879	-1
51.20868796826843	-1
51.21246864968716	-1
51.21625021562864	-1
51.22003266650683	-1
51.22381600273598	-1
51.22760022473062	-1
51.23138533290559	-1
51.235171327676	-1
51.238958209457266	-1
51.24274597866509	-1
51.24653463571548	-1
51.25032418102471	-1
51.254114615009364	-1
51.25790593808632	-1
51.26169815067274	-1
51.2654912531861	-1
51.26928524604414	-1
51.27308012966492	-1
51.276875904466785	-1
51.28067257086837	-1
51.28447012928861	-1
51.28447012928861	2
51.28826858014673	-1
51.29206792386226	-1
51.29206792386226	2
51.29586816085502	-1
51.299669291545136	-1
51.299669291545136	2
51.30347131635301	-1
51.30347131635301	2
51.30727423569936	-1
51.311078050005186	-1
51.3148827596918	-1
51.3186883651808	-1
51.3186883651808	2
51.32249486689408	-1
51.32249486689408	2
51.32630226525385	-1
51.32630226525385	2
51.3301105606826	-1
51.333919753603126	-1
51.33772984443852	-1
51.34154083361218	-1
51.3453527215478	-1
51.349165508669365	-1
51.349165508669365	2
51.352979195401176	-1
51.352979195401176	2
51.35679378216782	-1
51.360609269394196	-1
51.3644256575055	-1
51.368242946927225	-1
51.372061138085165	-1
51.372061138085165	2
51.375880231405425	-1
51.375880231405425	2
51.3797002273144	-1
51.383521126238804	-1
51.387342928605634	-1
51.387342928605634	2
51.3911656348422	-1
51.3911656348422	2
51.3911656348422	2
51.394989245376124	-1
51.39881376063531	-1
51.40263918104799	-1
51.406465507042675	-1
51.4102927390482	-1
51.4141208774937	-1
51.41794992280862	-1
51.41794992280862	2
51.421779875422686	-1
51.42561073576596	-1
51.429442504268785	-1
51.429442504268785	2
51.43327518136183	-1
51.43710876747606	-1
51.440943263042755	-1
51.440943263042755	2
51.444778668493484	-1
51.44861498426014	-1
51.44861498426014	2
51.45245221077492	-1
51.45629034847033	-1
51.46012939777918	-1
51.46396935913458	-1
51.467810232969974	-1
51.47165201971909	-1
51.47549471981598	-1
51.479338333695	-1
51.48318286179081	-1
51.48702830453839	-1
51.49087466237304	-1
51.49472193573034	-1
51.49857012504621	-1
51.49857012504621	2
51.502419230756864	-1
51.502419230756864	2
51.50626925329884	-1
51.510120193108975	-1
51.51397205062443	-1
51.51782482628268	-1
51.51782482628268	2
51.5216785205215	-1
51.525533133778985	-1
51.529388666493546	-1
51.5332451191039	-1
51.5332451191039	2
51.537102492049094	-1
51.537102492049094	2
51.537102492049094	2
51.54096078576847	-1
51.5448200007017	-1
51.548680137288756	-1
51.552541195969944	-1
51.55640317718587	-1
51.55640317718587	2
51.56026608137746	-1
51.56412990898596	-1
51.56412990898596	2
51.567994660452925	-1
51.57186033622023	-1
51.575726936730085	-1
51.575726936730085	2
51.579594462424986	-1
51.583462913747766	-1
51.58733229114157	-1
51.58733229114157	2
51.58733229114157	2
51.591202595049864	-1
51.59507382591643	-1
51.59894598418538	-1
51.60281907030112	-1
51.606693084708404	-1
51.606693084708404	2
51.61056802785229	-1
51.61444390017815	-1
51.61444390017815	2
51.618320702131705	-1
51.62219843415896	-1
51.62607709670627	-1
51.62995669022029	-1
51.62995669022029	2
51.63383721514801	-1
51.637718671936746	-1
51.637718671936746	2
51.64160106103412	-1
51.64548438288809	-1
51.649368637946935	-1
51.653253826659245	-1
51.65713994947395	-1
51.65713994947395	2
51.66102700684029	-1
51.66102700684029	2
51.664914999207845	-1
51.66880392702651	-1
51.6726937907465	-1
51.676584590818365	-1
51.68047632769297	-1
51.68436900182152	-1
51.68826261365553	-1
51.692157163646854	-1
51.696052652247666	-1
51.69994907991047	-1
51.70384644708809	-1
51.70384644708809	2
51.70774475423369	-1
51.71164400180075	-1
51.71554419024309	-1
51.71944532001485	-1
51.71944532001485	2
51.7233473915705	-1
51.72725040536484	-1
51.72725040536484	2
51.731154361853	-1
51.731154361853	2
51.73505926149044	-1
51.738965104732955	-1
51.74287189203665	-1
51.746779623858	-1
51.75068830065376	-1
51.75459792288107	-1
51.75459792288107	2
51.75850849099735	-1
51.7624200054604	-1
51.7624200054604	2
51.7624200054604	2
51.766332466728315	-1
51.77024587525954	-1
51.77024587525954	2
51.77024587525954	2
51.77416023151285	-1
51.77807553594736	-1
51.781991789022506	-1
51.78590899119807	-1
51.789827142934165	-1
51.79374624469123	-1
51.797666296930046	-1
51.80158730011173	-1
51.80158730011173	2
51.80550925469773	-1
51.80943216114984	-1
51.81335601993018	-1
51.81335601993018	2
51.817280831501215	-1
51.82120659632574	-1
51.82513331486688	-1
51.82906098758812	-1
51.83298961495326	-1
51.83691919742646	-1
51.8408497354722	-1
51.8447812295553	-1
51.84871368014093	-1
51.8526470876946	-1
51.85658145268214	-1
51.86051677556976	-1
51.864453056823955	-1
51.868390296911606	-1
51.87232849629992	-1
51.87626765545645	-1
51.88020777484908	-1
51.88414885494605	-1
51.88809089621592	-1
51.892033899127625	-1
51.89597786415042	-1
51.89992279175391	-1
51.90386868240804	-1
51.90781553658311	-1
51.91176335474975	-1
51.91176335474975	2
51.915712137378954	-1
51.919661884942045	-1
51.92361259791069	-1
51.92756427675692	-1
51.93151692195309	-1
51.935470533971916	-1
51.93942511328646	-1
51.943380660370124	-1
51.94733717569667	-1
51.951294659740185	-1
51.955253112975136	-1
51.95921253587631	-1
51.963172928918866	-1
51.963172928918866	2
51.967134292578294	-1
51.97109662733044	-1
51.9750599336515	-1
51.979024212018025	-1
51.979024212018025	2
51.979024212018025	2
51.982989462906914	-1
51.982989462906914	2
51.98695568679541	-1
51.99092288416112	-1
51.99489105548199	-1
51.99886020123633	-1
52.00283032190279	-1
52.00680141796038	-1
52.01077348988847	-1
52.01077348988847	2
52.01474653816677	-1
52.01474653816677	2
52.018720563275345	-1
52.018720563275345	2
52.022695565694626	-1
52.026671545905394	-1
52.03064850438877	-1
52.03462644162626	-1
52.03860535809969	-1
52.04258525429127	-1
52.04656613068355	-1
52.04656613068355	2
52.05054798775945	-1
52.054530826002235	-1
52.05851464589553	-1
52.06249944792332	-1
52.06648523256995	-1
52.07047200032012	-1
52.07047200032012	2
52.07047200032012	2
52.07445975165889	-1
52.07844848707168	-1
52.07844848707168	2
52.08243820704426	-1
52.08243820704426	2
52.08642891206278	-1
52.090420602613726	-1
52.090420602613726	2
52.09441327918396	-1
52.09441327918396	2
52.09840694226071	-1
52.102401592331546	-1
52.106397229884415	-1
52.106397229884415	2
52.110393855407615	-1
52.11439146938982	-1
52.11439146938982	2
52.11839007232006	-1
52.12238966468772	-1
52.12639024698255	-1
52.13039181969468	-1
52.134394383314586	-1
52.13839793833312	-1
52.1424024852415	-1
52.14640802453129	-1
52.150414556694436	-1
52.150414556694436	2
52.15442208222325	-1
52.158430601610405	-1
52.16244011534894	-1
52.16645062393228	-1
52.17046212785418	-1
52.17447462760879	-1
52.17848812369062	-1
52.17848812369062	2
52.17848812369062	2
52.182502616594554	-1
52.182502616594554	2
52.18651810681584	-1
52.19053459485009	-1
52.19455208119331	-1
52.198570566341836	-1
52.2025900507924	-1
52.20661053504211	-1
52.210632019588424	-1
52.214654504929186	-1
52.218677991562615	-1
52.222702479987284	-1
52.22672797070216	-1
52.23075446420656	-1
52.2347819610002	-1
52.2347819610002	2
52.23881046158316	-1
52.23881046158316	2
52.242839966455875	-1
52.24687047611918	-1
52.25090199107427	-1
52.254934511822725	-1
52.25896803886649	-1
52.26300257270789	-1
52.26703811384963	-1
52.27107466279479	-1
52.27511222004682	-1
52.27915078610956	-1
52.28319036148722	-1
52.28723094668439	-1
52.28723094668439	2
52.29127254220602	-1
52.29531514855748	-1
52.29935876624448	-1
52.29935876624448	2
52.30340339577313	-1
52.30744903764992	-1
52.30744903764992	2
52.30744903764992	2
52.311495692381705	-1
52.315543360475736	-1
52.315543360475736	2
52.319592042439645	-1
52.32364173878143	-1
52.32769245000949	-1
52.3317441766326	-1
52.3317441766326	2
52.335796919159904	-1
52.33985067810095	-1
52.34390545396566	-1
52.34390545396566	2
52.34796124726434	-1
52.34796124726434	2
52.35201805850767	-1
52.35201805850767	2
52.35607588820673	-1
52.360134736872986	-1
52.360134736872986	2
52.36419460501828	-1
52.368255493154834	-1
52.37231740179528	-1
52.37638033145261	-1
52.38044428264021	-1
52.384509255871876	-1
52.388575251661756	-1
52.39264227052441	-1
52.39264227052441	2
52.39671031297478	-1
52.400779379528196	-1
52.40484947070038	-1
52.40892058700743	-1
52.40892058700743	2
52.41299272896586	-1
52.41299272896586	2
52.417065897092556	-1
52.421140091904796	-1
52.42521531392025	-1
52.42521531392025	2
52.42521531392025	2
52.42929156365698	-1
52.43336884163345	-1
52.437447148368506	-1
52.441526484381384	-1
52.44560685019172	-1
52.449688246319546	-1
52.45377067328528	-1
52.45377067328528	2
52.457854131609736	-1
52.46193862181413	-1
52.46602414442006	-1
52.46602414442006	2
52.47011069994954	-1
52.47419828892495	-1
52.4782869118691	-1
52.4782869118691	2
52.48237656930517	-1
52.48646726175675	-1
52.49055898974783	-1
52.49465175380279	-1
52.498745554446415	-1
52.502840392203886	-1
52.502840392203886	2
52.50693626760078	-1
52.51103318116307	-1
52.51513113341715	-1
52.51923012488979	-1
52.523330156108166	-1
52.52743122759987	-1
52.53153333989288	-1
52.53563649351559	-1
52.53974068899678	-1
52.53974068899678	2
52.54384592686564	-1
52.54384592686564	2
52.54795220765177	-1
52.55205953188516	-1
52.55616790009622	-1
52.55616790009622	2
52.56027731281576	-1
52.564387770574974	-1
52.564387770574974	2
52.568499273905495	-1
52.57261182333934	-1
52.57672541940893	-1
52.57672541940893	2
52.58084006264711	-1
52.584955753587124	-1
52.58907249276262	-1
52.593190280707645	-1
52.59730911795668	-1
52.60142900504459	-1
52.605549942506656	-1
52.60967193087858	-1
52.61379497069645	-1
52.617919062496796	-1
52.62204420681653	-1
52.626170404193	-1
52.630297655163936	-1
52.63442596026751	-1
52.63855532004228	-1
52.63855532004228	2
52.642685735027236	-1
52.64681720576178	-1
52.64681720576178	2
52.65094973278571	-1
52.65094973278571	2
52.655083316639264	-1
52.655083316639264	2
52.65921795786307	-1
52.65921795786307	2
52.65921795786307	2
52.66335365699819	-1
52.66749041458609	-1
52.67162823116866	-1
52.6757671072882	-1
52.679907043487425	-1
52.679907043487425	2
52.68404804030947	-1
52.68819009829789	-1
52.692333217996655	-1
52.696477399950155	-1
52.700622644703195	-1
52.704768952801004	-1
52.70891632478923	-1
52.70891632478923	2
52.71306476121394	-1
52.717214262621624	-1
52.721364829559185	-1
52.72551646257396	-1
52.72966916221368	-1
52.733822929026545	-1
52.73797776356113	-1
52.74213366636647	-1
52.746290637992004	-1
52.750448678987595	-1
52.750448678987595	2
52.75460778990354	-1
52.75460778990354	2
52.758767971290546	-1
52.762929223699764	-1
52.762929223699764	2
52.76709154768276	-1
52.76709154768276	2
52.771254943791526	-1
52.77541941257848	-1
52.77958495459647	-1
52.78375157039878	-1
52.78375157039878	2
52.78375157039878	2
52.7879192605391	-1
52.79208802557156	-1
52.79625786605072	-1
52.80042878253158	-1
52.804600775569554	-1
52.804600775569554	2
52.80877384572049	-1
52.81294799354067	-1
52.81294799354067	2
52.8171232195868	-1
52.82129952441602	-1
52.825476908585905	-1
52.829655372654464	-1
52.83383491718014	-1
52.8380155427218	-1
52.84219724983875	-1
52.84219724983875	2
52.84638003909073	-1
52.84638003909073	2
52.85056391103792	-1
52.854748866240925	-1
52.854748866240925	2
52.85893490526079	-1
52.863122028659	-1
52.86731023699747	-1
52.871499530838555	-1
52.875689910745045	-1
52.87988137728017	-1
52.884073931007606	-1
52.884073931007606	2
52.88826757249145	-1
52.88826757249145	2
52.89246230229625	-1
52.896658120987	-1
52.90085502912911	-1
52.90505302728846	-1
52.90925211603135	-1
52.91345229592452	-1
52.91345229592452	2
52.91765356753518	-1
52.921855931430954	-1
52.926059388179915	-1
52.926059388179915	2
52.93026393835058	-1
52.93026393835058	2
52.93446958251191	-1
52.93867632123332	-1
52.94288415508465	-1
52.9470930846362	-1
52.951303110458724	-1
52.951303110458724	2
52.955514233123395	-1
52.95972645320185	-1
52.96393977126618	-1
52.968154187888906	-1
52.968154187888906	2
52.972369703643004	-1
52.9765863191019	-1
52.980804034839466	-1
52.980804034839466	2
52.98502285143003	-1
52.98924276944837	-1
52.99346378946969	-1
52.997685912069684	-1
53.00190913782447	-1
53.00613346731062	-1
53.00613346731062	2
53.010358901105164	-1
53.01458543978559	-1
53.01881308392983	-1
53.02304183411627	-1
53.02304183411627	2
53.027271690923754	-1
53.03150265493158	-1
53.03150265493158	2
53.0357347267195	-1
53.03996790686771	-1
53.044202195956885	-1
53.04843759456814	-1
53.05267410328306	-1
53.05691172268367	-1
53.06115045335247	-1
53.06539029587239	-1
53.06963125082686	-1
53.073873318799734	-1
53.07811650037535	-1
53.08236079613849	-1
53.0866062066744	-1
53.090852732568806	-1
53.090852732568806	2
53.09510037440786	-1
53.09510037440786	2
53.09934913277821	-1
53.10359900826694	-1
53.107850001461614	-1
53.11210211295026	-1
53.116355343321366	-1
53.12060969316388	-1
53.12486516306722	-1
53.12486516306722	2
53.12912175362127	-1
53.133379465416375	-1
53.13763829904335	-1
53.14189825509349	-1
53.14189825509349	2
53.14615933415853	-1
53.1504215368307	-1
53.1504215368307	2
53.15468486370268	-1
53.15894931536762	-1
53.16321489241916	-1
53.16748159545139	-1
53.17174942505888	-1
53.17174942505888	2
53.17601838183665	-1
53.18028846638022	-1
53.18455967928557	-1
53.18883202114916	-1
53.19310549256791	-1
53.19738009413922	-1
53.20165582646096	-1
53.205932690131476	-1
53.205932690131476	2
53.2102106857496	-1
53.21448981391463	-1
53.21877007522634	-1
53.22305147028498	-1
53.227333999691275	-1
53.23161766404644	-1
53.23590246395215	-1
53.240188400010574	-1
53.24447547282435	-1
53.2487636829966	-1
53.2487636829966	2
53.253053031130925	-1
53.25734351783141	-1
53.26163514370261	-1
53.265927909349585	-1
53.265927909349585	2
53.27022181537785	-1
53.27451686239342	-1
53.278813051002786	-1
53.278813051002786	2
53.283110381812925	-1
53.287408855431295	-1
53.29170847246584	-1
53.296009233525	-1
53.296009233525	2
53.296009233525	2
53.30031113921768	-1
53.304614190153295	-1
53.30891838694172	-1
53.31322373019334	-1
53.31753022051902	-1
53.32183785853011	-1
53.32614664483845	-1
53.33045658005638	-1
53.33045658005638	2
53.33476766479671	-1
53.33476766479671	2
53.33476766479671	2
53.339079899672754	-1
53.34339328529832	-1
53.34339328529832	2
53.34339328529832	2
53.347707822287695	-1
53.347707822287695	2
53.35202351125567	-1
53.356340352817526	-1
53.36065834758902	-1
53.36065834758902	2
53.364977496186434	-1
53.364977496186434	2
53.369297799226516	-1
53.373619257326524	-1
53.377941871104206	-1
53.3822656411778	-1
53.38659056816606	-1
53.39091665268822	-1
53.395243895364004	-1
53.39957229681365	-1
53.40390185765789	-1
53.40823257851796	-1
53.40823257851796	2
53.41256446001558	-1
53.41256446001558	2
53.41689750277298	-1
53.4212317074129	-1
53.42556707455856	-1
53.42990360483369	-1
53.43424129886253	-1
53.43858015726982	-1
53.442920180680794	-1
53.447261369721204	-1
53.45160372501729	-1
53.45594724719581	-1
53.46029193688402	-1
53.46029193688402	2
53.46463779470968	-1
53.46463779470968	2
53.46898482130106	-1
53.47333301728695	-1
53.47768238329662	-1
53.48203291995987	-1
53.48203291995987	2
53.48203291995987	2
53.48638462790701	-1
53.490737507768834	-1
53.495091560176675	-1
53.49944678576236	-1
53.503803185158226	-1
53.508160758997136	-1
53.51251950791245	-1
53.51251950791245	2
53.51687943253805	-1
53.52124053350831	-1
53.52560281145816	-1
53.52996626702299	-1
53.52996626702299	2
53.534330900838754	-1
53.534330900838754	2
53.53869671354189	-1
53.54306370576936	-1
53.547431878158655	-1
53.55180123134777	-1
53.55180123134777	2
53.55180123134777	2
53.55617176597521	-1
53.56054348268001	-1
53.56054348268001	2
53.56491638210173	-1
53.56929046488043	-1
53.57366573165671	-1
53.57804218307167	-1
53.582419819766955	-1
53.58679864238471	-1
53.5911786515676	-1
53.59555984795884	-1
53.59994223220213	-1
53.60432580494173	-1
53.6087105668224	-1
53.61309651848944	-1
53.61748366058867	-1
53.62187199376642	-1
53.62626151866957	-1
53.63065223594552	-1
53.63504414624219	-1
53.63943725020803	-1
53.64383154849204	-1
53.648227041743716	-1
53.65262373061311	-1
53.65702161575078	-1
53.65702161575078	2
53.66142069780784	-1
53.66582097743593	-1
53.66582097743593	2
53.6702224552872	-1
53.67462513201437	-1
53.67462513201437	2
53.67462513201437	2
53.67902900827067	-1
53.68343408470986	-1
53.68784036198625	-1
53.69224784075467	-1
53.69665652167049	-1
53.70106640538963	-1
53.705477492568534	-1
53.705477492568534	2
53.709889783864185	-1
53.71430327993411	-1
53.71430327993411	2
53.718717981436356	-1
53.72313388902954	-1
53.727551003372795	-1
53.7319693251258	-1
53.7319693251258	2
53.7319693251258	2
53.736388854948785	-1
53.7408095935025	-1
53.745231541448256	-1
53.7496546994479	-1
53.75407906816383	-1
53.75407906816383	2
53.75850464825898	-1
53.76293144039683	-1
53.7673594452414	-1
53.7673594452414	2
53.771788663457265	-1
53.77621909570954	-1
53.77621909570954	2
53.7806507426639	-1
53.785083604986546	-1
53.785083604986546	2
53.78951768334424	-1
53.7939529784043	-1
53.79838949083458	-1
53.80282722130349	-1
53.807266170479984	-1
53.81170633903358	-1
53.81614772763433	-1
53.82059033695286	-1
53.82059033695286	2
53.825034167660334	-1
53.829479220428475	-1
53.833925495929556	-1
53.83837299483641	-1
53.84282171782243	-1
53.84727166556155	-1
53.85172283872827	-1
53.85617523799765	-1
53.860628864045296	-1
53.86508371754739	-1
53.869539799180664	-1
53.8739971096224	-1
53.87845564955046	-1
53.882915419643254	-1
53.887376420579756	-1
53.89183865303951	-1
53.896302117702604	-1
53.90076681524971	-1
53.90523274636206	-1
53.90969991172144	-1
53.914168312010204	-1
53.91863794791128	-1
53.92310882010816	-1
53.9275809292849	-1
53.9275809292849	2
53.932054276126124	-1
53.93652886131703	-1
53.941004685543376	-1
53.9454817494915	-1
53.9499600538483	-1
53.95443959930126	-1
53.95443959930126	2
53.958920386538416	-1
53.958920386538416	2
53.96340241624839	-1
53.96340241624839	2
53.96340241624839	2
53.96788568912038	-1
53.97237020584414	-1
53.97685596711002	-1
53.981342973608925	-1
53.985831226032346	-1
53.99032072507235	-1
53.99481147142158	-1
53.99481147142158	2
53.99930346577325	-1
54.00379670882116	-1
54.008291201259695	-1
54.0127869437838	-1
54.01728393708902	-1
54.01728393708902	2
54.02178218187146	-1
54.02628167882783	-1
54.02628167882783	2
54.0307824286554	-1
54.0307824286554	2
54.03528443205204	-1
54.03528443205204	2
54.039787689716185	-1
54.044292202346874	-1
54.04879797064371	-1
54.0533049953069	-1
54.05781327703723	-1
54.06232281653607	-1
54.06683361450537	-1
54.071345671647684	-1
54.07585898866615	-1
54.080373566264484	-1
54.084889405147	-1
54.089406506018605	-1
54.09392486958479	-1
54.09844449655164	-1
54.102965387625844	-1
54.102965387625844	2
54.107487543514665	-1
54.107487543514665	2
54.11201096492597	-1
54.116535652568224	-1
54.116535652568224	2
54.116535652568224	2
54.12106160715047	-1
54.12558882938237	-1
54.13011731997417	-1
54.13464707963671	-1
54.13917810908143	-1
54.14371040902038	-1
54.14371040902038	2
54.14824398016619	-1
54.152778823232104	-1
54.15731493893196	-1
54.1618523279802	-1
54.166390991091866	-1
54.17093092898261	-1
54.17547214236866	-1
54.180014631966884	-1
54.18455839849474	-1
54.18910344267027	-1
54.193649765212164	-1
54.198197366839686	-1
54.20274624827272	-1
54.20729641023175	-1
54.211847853437874	-1
54.2164005786128	-1
54.2164005786128	2
54.22095458647885	-1
54.22095458647885	2
54.22550987775894	-1
54.23006645317661	-1
54.234624313456024	-1
54.23918345932193	-1
54.24374389149971	-1
54.248305610715356	-1
54.248305610715356	2
54.25286861769547	-1
54.25743291316728	-1
54.26199849785861	-1
54.26656537249793	-1
54.26656537249793	2
54.2711335378143	-1
54.27570299453741	-1
54.27570299453741	2
54.28027374339757	-1
54.28484578512571	-1
54.28941912045338	-1
54.29399375011275	-1
54.2985696748366	-1
54.30314689535835	-1
54.30772541241205	-1
54.31230522673234	-1
54.31230522673234	2
54.31688633905452	-1
54.3214687501145	-1
54.3260524606488	-1
54.33063747139461	-1
54.33063747139461	2
54.3352237830897	-1
54.3398113964725	-1
54.3398113964725	2
54.34440031228205	-1
54.348990531258025	-1
54.348990531258025	2
54.348990531258025	2
54.353582054140745	-1
54.353582054140745	2
54.35817488167114	-1
54.36276901459078	-1
54.36736445364187	-1
54.371961199567245	-1
54.37655925311037	-1
54.38115861501536	-1
54.385759286026946	-1
54.39036126689051	-1
54.39496455835206	-1
54.39956916115824	-1
54.39956916115824	2
54.40417507605635	-1
54.40878230379431	-1
54.40878230379431	2
54.41339084512069	-1
54.41800070078469	-1
54.42261187153616	-1
54.4272243581256	-1
54.431838161304135	-1
54.43645328182354	-1
54.44106972043624	-1
54.44568747789529	-1
54.44568747789529	2
54.45030655495441	-1
54.45492695236795	-1
54.45954867089092	-1
54.464171711278965	-1
54.464171711278965	2
54.468796074288385	-1
54.47342176067613	-1
54.47342176067613	2
