0.0024	1
0.0025	1
0.0048	-1
0.0048	-1
0.0048	-1
0.0048	-1
0.0048	-1
0.0048	-1
0.0050	-1
0.0050	-1
0.0050	-1
0.0050	-1
0.0050	-1
0.0050	-1
0.0054	1
0.0055	1
0.0055	1
0.0056	1
0.0074	-1
0.0074	-1
0.0074	-1
0.0074	-1
0.0074	-1
0.0074	-1
0.0082	-1
0.0082	-1
0.0082	-1
0.0082	-1
0.0082	-1
0.0082	-1
0.0084	-1
0.0084	-1
0.0084	-1
0.0084	-1
0.0084	-1
0.0084	-1
0.0085	-1
0.0085	-1
0.0085	-1
0.0085	-1
0.0085	-1
0.0085	-1
0.0088	1
0.0088	1
0.0092	1
0.0092	1
0.0095	1
0.0095	1
0.0096	1
0.0096	1
0.0125	-1
0.0125	-1
0.0125	-1
0.0125	-1
0.0125	-1
0.0125	-1
0.0134	1
0.0134	1
0.0136	-1
0.0136	-1
0.0136	-1
0.0136	-1
0.0136	-1
0.0136	-1
0.0139	-1
0.0139	-1
0.0139	-1
0.0139	-1
0.0139	-1
0.0139	-1
0.0142	-1
0.0142	-1
0.0142	-1
0.0142	-1
0.0142	-1
0.0142	-1
0.0144	-1
0.0144	-1
0.0144	-1
0.0144	-1
0.0144	-1
0.0144	-1
0.0145	-1
0.0145	-1
0.0145	-1
0.0145	-1
0.0145	-1
0.0145	-1
0.0147	-1
0.0147	-1
0.0147	-1
0.0147	-1
0.0147	-1
0.0147	-1
0.0148	-1
0.0148	-1
0.0148	-1
0.0148	-1
0.0149	-1
0.0149	-1
0.0151	1
0.0152	1
0.0152	1
0.0152	1
0.0154	1
0.0155	1
0.0164	1
0.0166	-1
0.0166	-1
0.0167	-1
0.0167	-1
0.0167	-1
0.0167	-1
0.0170	1
0.0170	1
0.0171	1
0.0171	1
0.0171	1
0.0172	1
0.0172	1
0.0183	-1
0.0183	-1
0.0183	-1
0.0183	-1
0.0183	-1
0.0183	-1
0.0193	1
0.0193	1
0.0197	-1
0.0197	-1
0.0197	-1
0.0197	-1
0.0197	-1
0.0197	-1
0.0204	1
0.0206	1
0.0221	1
0.0221	1
0.0238	-1
0.0238	-1
0.0238	-1
0.0238	-1
0.0238	-1
0.0238	-1
0.0240	-1
0.0240	-1
0.0240	-1
0.0240	-1
0.0240	-1
0.0240	-1
0.0241	-1
0.0241	-1
0.0242	-1
0.0242	-1
0.0242	-1
0.0242	-1
0.0243	-1
0.0243	-1
0.0243	-1
0.0243	-1
0.0243	-1
0.0243	-1
0.0244	-1
0.0244	-1
0.0244	-1
0.0244	-1
0.0244	-1
0.0244	-1
0.0246	-1
0.0246	-1
0.0246	-1
0.0246	-1
0.0246	-1
0.0246	-1
0.0247	-1
0.0247	-1
0.0247	-1
0.0247	-1
0.0247	-1
0.0247	-1
0.0249	-1
0.0249	-1
0.0249	-1
0.0249	-1
0.0249	-1
0.0249	-1
0.0255	1
0.0256	1
0.0258	1
0.0260	1
0.0262	1
0.0263	1
0.0263	1
0.0263	1
0.0264	1
0.0264	1
0.0300	-1
0.0300	-1
0.0300	-1
0.0300	-1
0.0300	-1
0.0300	-1
0.0312	-1
0.0312	-1
0.0312	-1
0.0313	-1
0.0313	-1
0.0313	-1
0.0314	-1
0.0314	-1
0.0314	-1
0.0314	-1
0.0314	-1
0.0314	-1
0.0315	-1
0.0316	-1
0.0316	-1
0.0316	-1
0.0316	-1
0.0316	-1
0.0317	-1
0.0317	-1
0.0317	-1
0.0317	-1
0.0318	-1
0.0318	-1
0.0319	-1
0.0319	-1
0.0319	-1
0.0319	-1
0.0319	-1
0.0319	-1
0.0320	-1
0.0321	-1
0.0321	-1
0.0321	-1
0.0321	-1
0.0321	-1
0.0341	-1
0.0341	-1
0.0341	-1
0.0341	-1
0.0341	-1
0.0341	-1
0.0343	-1
0.0343	-1
0.0343	-1
0.0343	-1
0.0343	-1
0.0343	-1
0.0345	-1
0.0345	-1
0.0345	-1
0.0345	-1
0.0345	-1
0.0345	-1
0.0347	-1
0.0347	-1
0.0347	-1
0.0347	-1
0.0347	-1
0.0347	-1
0.0388	-1
0.0388	-1
0.0388	-1
0.0388	-1
0.0388	-1
0.0388	-1
0.0390	-1
0.0390	-1
0.0390	-1
0.0390	-1
0.0390	-1
0.0390	-1
0.0391	-1
0.0392	-1
0.0392	-1
0.0392	-1
0.0392	-1
0.0392	-1
0.0393	-1
0.0393	-1
0.0393	-1
0.0393	-1
0.0393	-1
0.0393	-1
0.0395	-1
0.0395	-1
0.0395	-1
0.0395	-1
0.0395	-1
0.0395	-1
0.0396	-1
0.0396	-1
0.0396	-1
0.0396	-1
0.0396	-1
0.0396	-1
0.0398	-1
0.0398	-1
0.0398	-1
0.0398	-1
0.0398	-1
0.0398	-1
0.0399	-1
0.0399	-1
0.0399	-1
0.0399	-1
0.0400	-1
0.0400	-1
0.0401	-1
0.0401	-1
0.0401	-1
0.0401	-1
0.0401	-1
0.0401	-1
0.0402	-1
0.0402	-1
0.0550	1
0.0570	-1
0.0574	1
0.0574	1
0.0594	-1
0.0594	-1
0.0594	-1
0.0594	-1
0.0594	-1
0.0594	-1
0.0595	-1
0.0595	-1
0.0595	-1
0.0595	-1
0.0596	-1
0.0741	1
0.0761	-1
0.0765	1
0.0766	1
0.0775	-1
0.0775	-1
0.0775	-1
0.0775	-1
0.0775	-1
0.0775	-1
0.0777	-1
0.0777	-1
0.0777	-1
0.0777	-1
0.0777	-1
0.0924	1
0.0943	-1
0.0950	1
0.0951	1
0.0971	-1
0.0972	-1
0.0972	-1
0.0972	-1
0.0972	-1
0.0972	-1
0.0973	-1
0.0973	-1
0.0973	-1
0.0973	-1
0.0973	-1
0.0973	-1
0.0978	1
0.0980	1
0.0980	1
0.0981	1
0.1002	-1
0.1002	-1
0.1002	-1
0.1002	-1
0.1002	-1
0.1002	-1
0.1003	-1
0.1003	-1
0.1003	-1
0.1003	-1
0.1003	-1
0.1003	-1
0.1004	-1
0.1004	-1
0.1004	-1
0.1004	-1
0.1004	-1
0.1005	-1
0.1006	-1
0.1006	-1
0.1006	-1
0.1006	-1
0.1006	-1
0.1006	-1
0.1009	1
0.1010	1
0.1011	1
0.1011	1
0.1012	1
0.1012	1
0.1012	1
0.1013	1
0.1035	-1
0.1035	-1
0.1035	-1
0.1036	-1
0.1036	-1
0.1036	-1
0.1040	-2
0.1044	1
0.1044	1
0.1052	-1
0.1053	-1
0.1053	-1
0.1053	-1
0.1053	-1
0.1053	-1
0.1057	1
0.1058	1
0.1064	-1
0.1064	-1
0.1064	-1
0.1064	-1
0.1064	-1
0.1065	-1
0.1071	-1
0.1071	-1
0.1071	-1
0.1071	-1
0.1071	-1
0.1071	-1
0.1072	-1
0.1072	-1
0.1072	-1
0.1072	-1
0.1073	-1
0.1073	-1
0.1074	-1
0.1074	-1
0.1074	-1
0.1074	-1
0.1074	-1
0.1074	-1
0.1075	-1
0.1075	-1
0.1075	-1
0.1075	-1
0.1076	-1
0.1076	-1
0.1077	-1
0.1077	-1
0.1078	-1
0.1078	-1
0.1078	-1
0.1078	-1
0.1080	1
0.1080	1
0.1085	1
0.1085	1
0.1086	1
0.1088	1
0.1088	1
0.1089	1
0.1089	1
0.1089	1
0.1104	-1
0.1104	-1
0.1104	-1
0.1104	-1
0.1104	-1
0.1104	-1
0.1105	-1
0.1105	-1
0.1105	-1
0.1105	-1
0.1105	-1
0.1105	-1
0.1107	1
0.1126	-1
0.1126	-1
0.1126	-1
0.1126	-1
0.1126	-1
0.1126	-1
0.1128	-1
0.1128	-1
0.1128	-1
0.1128	-1
0.1128	-1
0.1128	-1
0.1130	-1
0.1130	-1
0.1130	-1
0.1130	-1
0.1130	-1
0.1130	-1
0.1164	-1
0.1164	-1
0.1164	-1
0.1164	-1
0.1164	-1
0.1164	-1
0.1166	-1
0.1166	-1
0.1166	-1
0.1166	-1
0.1166	-1
0.1166	-1
0.1168	-1
0.1168	-1
0.1168	-1
0.1168	-1
0.1168	-1
0.1168	-1
0.1169	-1
0.1169	-1
0.1169	-1
0.1169	-1
0.1169	-1
0.1169	-1
0.1171	-1
0.1171	-1
0.1171	-1
0.1171	-1
0.1171	-1
0.1171	-1
0.1172	-1
0.1172	-1
0.1172	-1
0.1172	-1
0.1172	-1
0.1172	-1
0.1173	-1
0.1173	-1
0.1173	-1
0.1173	-1
0.1174	-1
0.1174	-1
0.1175	-1
0.1175	-1
0.1175	-1
0.1175	-1
0.1175	-1
0.1175	-1
0.1176	-1
0.1176	-1
0.1176	-1
0.1176	-1
0.1176	-1
0.1176	-1
0.1188	-1
0.1188	-1
0.1188	-1
0.1188	-1
0.1188	-1
0.1188	-1
0.1237	-2
0.1319	1
0.1339	-1
0.1343	1
0.1344	1
0.1355	-1
0.1356	-1
0.1483	1
0.1502	-1
0.1506	1
0.1507	1
0.1514	-1
0.1514	-1
0.1514	-1
0.1514	-1
0.1514	-1
0.1514	-1
0.1515	-1
0.1515	-1
0.1515	-1
0.1621	-2
0.1642	1
0.1662	-1
0.1666	1
0.1667	1
0.1683	-1
0.1683	-1
0.1683	-1
0.1683	-1
0.1683	-1
0.1683	-1
0.1684	-1
0.1684	-1
0.1684	-1
0.1684	-1
0.1684	-1
0.1684	-1
0.1689	1
0.1689	1
0.1690	1
0.1690	1
0.1709	-1
0.1709	-1
0.1709	-1
0.1709	-1
0.1709	-1
0.1709	-1
0.1711	-1
0.1711	-1
0.1711	-1
0.1711	-1
0.1711	-1
0.1711	-1
0.1712	-1
0.1712	-1
0.1712	-1
0.1712	-1
0.1712	-1
0.1712	-1
0.1713	-1
0.1713	-1
0.1713	-1
0.1713	-1
0.1713	-1
0.1713	-1
0.1717	1
0.1717	1
0.1718	1
0.1718	1
0.1719	1
0.1721	1
0.1722	1
0.1722	1
0.1760	-1
0.1760	-1
0.1760	-1
0.1760	-1
0.1760	-1
0.1760	-1
0.1762	-1
0.1762	-1
0.1762	-1
0.1762	-1
0.1762	-1
0.1762	-1
0.1763	-1
0.1763	-1
0.1763	-1
0.1763	-1
0.1763	-1
0.1763	-1
0.1764	-1
0.1764	-1
0.1764	-1
0.1764	-1
0.1764	-1
0.1764	-1
0.1766	-1
0.1766	-1
0.1766	-1
0.1766	-1
0.1766	-1
0.1766	-1
0.1773	-1
0.1773	-1
0.1773	-1
0.1773	-1
0.1773	-1
0.1773	-1
0.1774	-1
0.1774	-1
0.1774	-1
0.1774	-1
0.1774	-1
0.1774	-1
0.1774	1
0.1775	1
0.1775	1
0.1776	1
0.1776	-1
0.1776	-1
0.1776	-1
0.1776	-1
0.1776	-1
0.1776	-1
0.1776	1
0.1777	1
0.1808	-1
0.1808	-1
0.1808	-1
0.1809	-1
0.1809	-1
0.1809	-1
0.1810	-1
0.1810	-1
0.1810	-1
0.1810	-1
0.1810	-1
0.1810	-1
0.1816	-1
0.1816	-1
0.1816	-1
0.1816	-1
0.1816	-1
0.1816	-1
0.1822	-1
0.1823	-1
0.1823	-1
0.1823	-1
0.1823	-1
0.1823	-1
0.1824	-1
0.1824	-1
0.1824	-1
0.1824	-1
0.1824	-1
0.1824	-1
0.1828	-1
0.1955	1
0.1976	-1
0.1981	1
0.1981	1
0.1989	-1
0.1989	-1
0.1989	-1
0.1989	-1
0.1989	-1
0.1989	-1
0.1991	-1
0.1991	-1
0.1991	-1
0.1991	-1
0.1991	-1
0.1991	-1
0.1996	1
0.1997	1
0.1998	1
0.1998	1
0.2004	-1
0.2005	-1
0.2005	-1
0.2005	-1
0.2005	-1
0.2005	-1
0.2007	-1
0.2008	-1
0.2008	-1
0.2008	-1
0.2008	-1
0.2008	-1
0.2009	-1
0.2009	-1
0.2009	-1
0.2009	-1
0.2009	-1
0.2009	-1
0.2011	-1
0.2011	-1
0.2011	-1
0.2011	-1
0.2011	-1
0.2011	-1
0.2015	1
0.2015	1
0.2016	1
0.2017	1
0.2017	1
0.2018	1
0.2018	1
0.2018	1
0.2032	-1
0.2032	-1
0.2032	-1
0.2032	-1
0.2032	-1
0.2032	-1
0.2033	-1
0.2033	-1
0.2033	-1
0.2033	-1
0.2033	-1
0.2033	-1
0.2035	-1
0.2035	-1
0.2035	-1
0.2035	-1
0.2035	-1
0.2035	-1
0.2036	-1
0.2036	-1
0.2036	-1
0.2036	-1
0.2037	-1
0.2037	-1
0.2038	-1
0.2038	-1
0.2038	-1
0.2038	-1
0.2038	-1
0.2038	-1
0.2040	-1
0.2040	-1
0.2040	-1
0.2040	-1
0.2040	-1
0.2040	-1
0.2041	-1
0.2041	-1
0.2041	-1
0.2041	-1
0.2041	-1
0.2041	-1
0.2043	-1
0.2043	-1
0.2043	-1
0.2043	-1
0.2043	-1
0.2043	-1
0.2047	1
0.2049	1
0.2050	1
0.2050	1
0.2054	1
0.2054	1
0.2055	1
0.2055	1
0.2055	1
0.2056	1
0.2059	-1
0.2059	-1
0.2059	-1
0.2059	-1
0.2059	-1
0.2060	-1
0.2073	-1
0.2073	-1
0.2073	-1
0.2073	-1
0.2073	-1
0.2073	-1
0.2075	-1
0.2075	-1
0.2075	-1
0.2075	-1
0.2075	-1
0.2075	-1
0.2076	-1
0.2077	-1
0.2077	-1
0.2077	-1
0.2077	-1
0.2077	-1
0.2078	-1
0.2078	-1
0.2078	-1
0.2078	-1
0.2078	-1
0.2078	-1
0.2080	-1
0.2080	-1
0.2080	-1
0.2080	-1
0.2080	-1
0.2080	-1
0.2081	-1
0.2081	-1
0.2081	-1
0.2081	-1
0.2081	-1
0.2081	-1
0.2083	-1
0.2083	-1
0.2083	-1
0.2083	-1
0.2083	-1
0.2083	-1
0.2084	-1
0.2084	-1
0.2084	-1
0.2084	-1
0.2084	-1
0.2084	-1
0.2086	-1
0.2086	-1
0.2086	-1
0.2086	-1
0.2086	-1
0.2086	-1
0.2236	1
0.2256	-1
0.2261	1
0.2261	1
0.2274	-1
0.2274	-1
0.2406	1
0.2426	-1
0.2430	1
0.2431	1
0.2437	-1
0.2445	-1
0.2570	1
0.2590	-1
0.2594	1
0.2594	1
0.2608	-1
0.2609	-1
0.2743	1
0.2768	-1
0.2772	1
0.2773	1
0.2780	-1
0.2790	-1
0.2914	1
0.2934	-1
0.2939	1
0.2939	1
0.2952	-1
0.2953	-1
0.3090	1
0.3110	-1
0.3114	1
0.3115	1
0.3129	-1
0.3130	-1
0.3259	1
0.3281	-1
0.3285	1
0.3286	1
0.3301	-1
0.3302	-1
0.3440	1
0.3460	-1
0.3464	1
0.3465	1
0.3472	-1
0.3480	-1
0.3603	1
0.3622	-1
0.3627	1
0.3627	1
0.3639	-1
0.3640	-1
0.3769	1
0.3788	-1
0.3792	1
0.3792	1
0.3810	-1
0.3810	-1
0.3810	-1
0.3810	-1
0.3810	-1
0.3810	-1
0.3811	-1
0.3811	-1
0.3811	-1
0.3811	-1
0.3811	-1
0.3811	-1
0.3815	1
0.3816	1
0.3816	1
0.3817	1
0.3835	-1
0.3835	-1
0.3835	-1
0.3835	-1
0.3835	-1
0.3835	-1
0.3837	-1
0.3837	-1
0.3837	-1
0.3837	-1
0.3837	-1
0.3837	-1
0.3843	-1
0.3844	-1
0.3844	-1
0.3844	-1
0.3844	-1
0.3844	-1
0.3845	-1
0.3845	-1
0.3845	-1
0.3845	-1
0.3845	-1
0.3845	-1
0.3904	-2
0.3982	1
0.4001	-1
0.4005	1
0.4006	1
0.4012	-1
0.4020	-1
0.4131	-2
0.4143	1
0.4162	-1
0.4167	1
0.4167	1
0.4175	-1
0.4175	-1
0.4175	-1
0.4175	-1
0.4175	-1
0.4175	-1
0.4176	-1
0.4177	-1
0.4177	-1
0.4177	-1
0.4177	-1
0.4177	-1
0.4180	1
0.4181	1
0.4181	1
0.4182	1
0.4190	-1
0.4190	-1
0.4190	-1
0.4190	-1
0.4190	-1
0.4190	-1
0.4191	-1
0.4191	-1
0.4191	-1
0.4191	-1
0.4191	-1
0.4191	-1
0.4193	-1
0.4193	-1
0.4193	-1
0.4193	-1
0.4193	-1
0.4193	-1
0.4194	-1
0.4194	-1
0.4194	-1
0.4194	-1
0.4194	-1
0.4194	-1
0.4198	1
0.4199	1
0.4199	1
0.4200	1
0.4200	1
0.4200	1
0.4201	1
0.4201	1
0.4208	-1
0.4208	-1
0.4208	-1
0.4208	-1
0.4208	-1
0.4209	-1
0.4219	-1
0.4219	-1
0.4219	-1
0.4219	-1
0.4219	-1
0.4219	-1
0.4220	-1
0.4220	-1
0.4220	-1
0.4220	-1
0.4221	-1
0.4221	-1
0.4222	-1
0.4222	-1
0.4222	-1
0.4222	-1
0.4222	-1
0.4222	-1
0.4223	-1
0.4223	-1
0.4223	-1
0.4223	-1
0.4223	-1
0.4223	-1
0.4224	-1
0.4224	-1
0.4224	-1
0.4224	-1
0.4224	-1
0.4224	-1
0.4225	-1
0.4225	-1
0.4225	-1
0.4225	-1
0.4225	-1
0.4225	-1
0.4227	-1
0.4227	-1
0.4227	-1
0.4227	-1
0.4227	-1
0.4227	-1
0.4229	1
0.4230	1
0.4230	1
0.4230	1
0.4231	1
0.4231	1
0.4232	1
0.4232	1
0.4240	1
0.4240	1
0.4241	1
0.4241	1
0.4241	1
0.4242	1
0.4242	1
0.4243	1
0.4247	-1
0.4247	-1
0.4247	-1
0.4247	-1
0.4247	-1
0.4247	-1
0.4267	-1
0.4268	-1
0.4268	-1
0.4268	-1
0.4268	-1
0.4268	-1
0.4269	-1
0.4269	-1
0.4269	-1
0.4269	-1
0.4269	-1
0.4269	-1
0.4270	-1
0.4270	-1
0.4270	-1
0.4270	-1
0.4270	-1
0.4270	-1
0.4271	-1
0.4271	-1
0.4271	-1
0.4272	-1
0.4272	-1
0.4272	-1
0.4273	1
0.4273	-1
0.4273	-1
0.4273	-1
0.4273	-1
0.4273	-1
0.4273	-1
0.4273	1
0.4274	-1
0.4274	-1
0.4274	-1
0.4274	-1
0.4274	-1
0.4274	-1
0.4276	-1
0.4276	-1
0.4276	-1
0.4276	-1
0.4276	-1
0.4276	-1
0.4278	-1
0.4278	-1
0.4278	-1
0.4278	-1
0.4278	-1
0.4278	-1
0.4286	-1
0.4286	-1
0.4286	-1
0.4286	-1
0.4286	-1
0.4286	-1
0.4290	-1
0.4290	-1
0.4290	-1
0.4290	-1
0.4290	-1
0.4290	-1
0.4293	1
0.4294	1
0.4294	1
0.4294	1
0.4295	1
0.4295	1
0.4296	1
0.4296	1
0.4297	1
0.4297	1
0.4297	1
0.4298	1
0.4298	1
0.4299	1
0.4299	1
0.4300	1
0.4303	-1
0.4303	-1
0.4304	-1
0.4304	-1
0.4304	-1
0.4304	-1
0.4306	-1
0.4306	-1
0.4306	-1
0.4306	-1
0.4306	-1
0.4306	-1
0.4308	-1
0.4308	-1
0.4308	-1
0.4308	-1
0.4308	-1
0.4308	-1
0.4310	-1
0.4310	-1
0.4310	-1
0.4310	-1
0.4310	-1
0.4310	-1
0.4312	-1
0.4312	-1
0.4312	-1
0.4312	-1
0.4312	-1
0.4312	-1
0.4316	1
0.4317	1
0.4317	1
0.4318	1
0.4318	1
0.4318	1
0.4319	1
0.4319	1
0.4329	1
0.4329	1
0.4330	1
0.4330	1
0.4330	1
0.4331	1
0.4334	-1
0.4334	-1
0.4334	-1
0.4334	-1
0.4334	-1
0.4334	-1
0.4336	-1
0.4336	-1
0.4336	-1
0.4336	-1
0.4336	-1
0.4336	-1
0.4346	1
0.4346	1
0.4347	1
0.4347	1
0.4368	-1
0.4368	-1
0.4368	-1
0.4369	-1
0.4369	-1
0.4369	-1
0.4370	-1
0.4370	-1
0.4370	-1
0.4370	-1
0.4370	-1
0.4370	-1
0.4372	-1
0.4372	-1
0.4372	-1
0.4372	-1
0.4372	-1
0.4372	-1
0.4373	-1
0.4373	-1
0.4373	-1
0.4373	-1
0.4373	-1
0.4373	-1
0.4375	-1
0.4375	-1
0.4375	-1
0.4375	-1
0.4375	-1
0.4375	-1
0.4376	-1
0.4376	-1
0.4376	-1
0.4376	-1
0.4376	-1
0.4376	-1
0.4401	1
0.4401	1
0.4401	1
0.4402	1
0.4402	1
0.4403	1
0.4403	1
0.4403	1
0.4404	1
0.4404	1
0.4404	1
0.4405	1
0.4407	-1
0.4407	-1
0.4407	-1
0.4407	-1
0.4407	-1
0.4407	-1
0.4409	-1
0.4409	-1
0.4409	-1
0.4409	-1
0.4409	-1
0.4409	-1
0.4411	-1
0.4412	-1
0.4412	-1
0.4412	-1
0.4412	-1
0.4412	-1
0.4414	-1
0.4414	-1
0.4414	-1
0.4414	-1
0.4414	-1
0.4414	-1
0.4416	-1
0.4416	-1
0.4416	-1
0.4416	-1
0.4416	-1
0.4416	-1
0.4418	-1
0.4418	-1
0.4418	-1
0.4418	-1
0.4418	-1
0.4418	-1
0.4420	-1
0.4420	-1
0.4420	-1
0.4420	-1
0.4420	-1
0.4420	-1
0.4445	-1
0.4446	-1
0.4446	-1
0.4446	-1
0.4446	-1
0.4446	-1
0.4448	-1
0.4448	-1
0.4448	-1
0.4448	-1
0.4448	-1
0.4448	-1
0.4450	-1
0.4450	-1
0.4450	-1
0.4450	-1
0.4450	-1
0.4450	-1
0.4452	-1
0.4452	-1
0.4452	-1
0.4452	-1
0.4452	-1
0.4452	-1
0.4454	-1
0.4454	-1
0.4454	-1
0.4454	-1
0.4454	-1
0.4454	-1
0.4456	-1
0.4456	-1
0.4456	-1
0.4456	-1
0.4456	-1
0.4456	-1
0.4457	1
0.4458	1
0.4458	1
0.4459	1
0.4459	1
0.4459	1
0.4460	1
0.4460	1
0.4460	1
0.4461	1
0.4461	1
0.4461	1
0.4462	1
0.4462	1
0.4472	-1
0.4472	-1
0.4472	-1
0.4473	-1
0.4473	-1
0.4473	-1
0.4474	-1
0.4474	-1
0.4474	-1
0.4474	-1
0.4474	-1
0.4474	-1
0.4477	-1
0.4477	-1
0.4477	-1
0.4477	-1
0.4477	-1
0.4477	-1
0.4479	-1
0.4479	-1
0.4479	-1
0.4479	-1
0.4479	-1
0.4479	-1
0.4481	-1
0.4482	-1
0.4482	-1
0.4482	-1
0.4482	-1
0.4482	-1
0.4484	-1
0.4484	-1
0.4484	-1
0.4484	-1
0.4484	-1
0.4484	-1
0.4485	-1
0.4486	-1
0.4486	-1
0.4486	-1
0.4486	-1
0.4486	-1
0.4488	-1
0.4488	-1
0.4488	-1
0.4488	-1
0.4488	-1
0.4488	-1
0.4490	-1
0.4490	-1
0.4490	-1
0.4490	-1
0.4490	-1
0.4490	-1
0.4492	-1
0.4492	-1
0.4492	-1
0.4492	-1
0.4492	-1
0.4492	-1
0.4494	-1
0.4494	-1
0.4494	-1
0.4494	-1
0.4494	-1
0.4494	-1
0.4507	1
0.4508	1
0.4508	1
0.4508	1
0.4509	1
0.4509	1
0.4509	1
0.4510	1
0.4510	1
0.4511	1
0.4511	1
0.4512	1
0.4527	1
0.4528	1
0.4528	1
0.4529	1
0.4529	1
0.4529	1
0.4530	1
0.4530	1
0.4536	-1
0.4536	-1
0.4536	-1
0.4536	-1
0.4536	-1
0.4536	-1
0.4539	-1
0.4539	-1
0.4539	-1
0.4539	-1
0.4539	-1
0.4539	-1
0.4541	-1
0.4542	-1
0.4542	-1
0.4542	-1
0.4542	-1
0.4542	-1
0.4544	-1
0.4544	-1
0.4544	-1
0.4544	-1
0.4544	-1
0.4544	-1
0.4546	-1
0.4546	-1
0.4546	-1
0.4546	-1
0.4546	-1
0.4546	-1
0.4548	-1
0.4548	-1
0.4548	-1
0.4548	-1
0.4548	-1
0.4548	-1
0.4549	1
0.4550	1
0.4550	-1
0.4550	-1
0.4550	-1
0.4550	-1
0.4550	1
0.4551	-1
0.4551	-1
0.4551	1
0.4551	1
0.4552	1
0.4552	-1
0.4552	-1
0.4552	-1
0.4552	-1
0.4552	-1
0.4552	-1
0.4552	1
0.4553	1
0.4553	1
0.4554	1
0.4554	-1
0.4554	-1
0.4554	-1
0.4554	-1
0.4554	-1
0.4554	1
0.4554	-1
0.4555	1
0.4555	1
0.4556	1
0.4556	-1
0.4556	-1
0.4556	-1
0.4556	-1
0.4556	-1
0.4556	-1
0.4579	1
0.4579	1
0.4580	1
0.4580	1
0.4581	1
0.4581	1
0.4581	1
0.4582	1
0.4582	1
0.4583	1
0.4583	1
0.4584	1
0.4584	1
0.4585	1
0.4585	1
0.4586	1
0.4587	-2
0.4590	1
0.4591	1
0.4591	1
0.4591	1
0.4595	-1
0.4595	-1
0.4595	-1
0.4595	-1
0.4595	-1
0.4595	-1
0.4597	-1
0.4597	-1
0.4598	-1
0.4598	-1
0.4598	-1
0.4598	-1
0.4609	1
0.4609	1
0.4609	1
0.4610	1
0.4612	-1
0.4612	-1
0.4612	-1
0.4612	-1
0.4612	-1
0.4612	-1
0.4614	-1
0.4614	-1
0.4614	-1
0.4614	-1
0.4614	-1
0.4614	-1
0.4617	-1
0.4617	-1
0.4617	-1
0.4617	-1
0.4617	-1
0.4617	-1
0.4618	-1
0.4618	-1
0.4619	-1
0.4619	-1
0.4619	-1
0.4619	-1
0.4621	-1
0.4621	-1
0.4621	-1
0.4621	-1
0.4621	-1
0.4621	-1
0.4622	-1
0.4622	-1
0.4622	-1
0.4623	-1
0.4623	-1
0.4623	-1
0.4624	-1
0.4625	-1
0.4625	-1
0.4625	-1
0.4625	-1
0.4625	-1
0.4645	1
0.4645	1
0.4645	1
0.4646	-1
0.4646	-1
0.4646	-1
0.4646	-1
0.4646	-1
0.4646	-1
0.4646	1
0.4646	1
0.4647	1
0.4647	1
0.4648	1
0.4648	1
0.4648	-1
0.4648	-1
0.4648	-1
0.4648	-1
0.4648	-1
0.4648	-1
0.4651	-1
0.4651	-1
0.4651	-1
0.4651	-1
0.4651	-1
0.4651	-1
0.4653	-1
0.4653	-1
0.4653	-1
0.4653	-1
0.4653	-1
0.4653	-1
0.4655	-1
0.4655	-1
0.4655	-1
0.4655	-1
0.4655	-1
0.4655	-1
0.4662	-1
0.4662	-1
0.4662	-1
0.4662	-1
0.4662	-1
0.4662	-1
0.4664	-1
0.4664	-1
0.4664	-1
0.4664	-1
0.4664	-1
0.4665	-1
0.4667	-1
0.4667	-1
0.4667	-1
0.4667	-1
0.4667	-1
0.4667	-1
0.4669	-1
0.4669	-1
0.4669	-1
0.4669	-1
0.4669	-1
0.4669	-1
0.4671	-1
0.4671	-1
0.4671	-1
0.4671	-1
0.4671	-1
0.4671	-1
0.4673	-1
0.4673	-1
0.4673	-1
0.4673	-1
0.4673	-1
0.4673	-1
0.4675	-1
0.4675	-1
0.4675	-1
0.4675	-1
0.4675	-1
0.4675	-1
0.4691	-1
0.4691	-1
0.4691	-1
0.4691	-1
0.4691	-1
0.4691	-1
0.4697	-1
0.4697	-1
0.4697	-1
0.4697	-1
0.4697	-1
0.4697	-1
0.4702	-1
0.4702	-1
0.4702	-1
0.4702	-1
0.4702	-1
0.4702	-1
0.4708	-1
0.4708	-1
0.4708	-1
0.4708	-1
0.4708	-1
0.4708	-1
0.4713	-1
0.4713	-1
0.4713	-1
0.4713	-1
0.4713	-1
0.4713	-1
0.4715	-1
0.4715	-1
0.4715	-1
0.4715	-1
0.4715	-1
0.4715	-1
0.4718	-1
0.4718	-1
0.4718	-1
0.4718	-1
0.4718	-1
0.4718	-1
0.4720	-1
0.4720	-1
0.4720	-1
0.4720	-1
0.4720	-1
0.4720	-1
0.4722	-1
0.4722	-1
0.4722	-1
0.4722	-1
0.4722	-1
0.4722	-1
0.4724	-1
0.4724	-1
0.4724	-1
0.4724	-1
0.4724	-1
0.4724	-1
0.4726	-1
0.4726	-1
0.4726	-1
0.4726	-1
0.4726	-1
0.4726	-1
0.4744	-1
0.4744	-1
0.4744	-1
0.4744	-1
0.4744	-1
0.4745	-1
0.4749	-1
0.4749	-1
0.4749	-1
0.4749	-1
0.4750	-1
0.4750	-1
0.4755	-1
0.4755	-1
0.4755	-1
0.4755	-1
0.4755	-1
0.4755	-1
0.4760	-1
0.4760	-1
0.4760	-1
0.4760	-1
0.4761	-1
0.4761	-1
0.4765	-1
0.4765	-1
0.4765	-1
0.4765	-1
0.4765	-1
0.4765	-1
0.4772	-1
0.4772	-1
0.4772	-1
0.4772	-1
0.4772	-1
0.4772	-1
0.4774	-1
0.4774	-1
0.4774	-1
0.4774	-1
0.4774	-1
0.4774	-1
0.4776	-1
0.4776	-1
0.4776	-1
0.4776	-1
0.4776	-1
0.4776	-1
0.4779	-1
0.4779	-1
0.4779	-1
0.4779	-1
0.4779	-1
0.4779	-1
0.4781	-1
0.4781	-1
0.4781	-1
0.4781	-1
0.4781	-1
0.4781	-1
0.4783	-1
0.4783	-1
0.4783	-1
0.4783	-1
0.4783	-1
0.4783	-1
0.4785	-1
0.4785	-1
0.4785	-1
0.4785	-1
0.4785	-1
0.4785	-1
0.4787	-1
0.4787	-1
0.4787	-1
0.4787	-1
0.4787	-1
0.4787	-1
0.4789	-1
0.4789	-1
0.4789	-1
0.4789	-1
0.4789	-1
0.4789	-1
0.4792	-1
0.4792	-1
0.4792	-1
0.4792	-1
0.4792	-1
0.4792	-1
0.4794	-1
0.4794	-1
0.4794	-1
0.4794	-1
0.4794	-1
0.4794	-1
0.4796	-1
0.4796	-1
0.4796	-1
0.4796	-1
0.4796	-1
0.4796	-1
0.4823	-1
0.4823	-1
0.4823	-1
0.4823	-1
0.4823	-1
0.4823	-1
0.4829	-1
0.4829	-1
0.4829	-1
0.4829	-1
0.4829	-1
0.4829	-1
0.4834	-1
0.4834	-1
0.4834	-1
0.4834	-1
0.4834	-1
0.4834	-1
0.4838	-1
0.4838	-1
0.4838	-1
0.4838	-1
0.4838	-1
0.4839	-1
0.4840	-1
0.4840	-1
0.4840	-1
0.4840	-1
0.4840	-1
0.4841	-1
0.4843	-1
0.4843	-1
0.4843	-1
0.4843	-1
0.4843	-1
0.4843	-1
0.4845	-1
0.4845	-1
0.4845	-1
0.4845	-1
0.4845	-1
0.4845	-1
0.4857	-1
0.4857	-1
0.4857	-1
0.4857	-1
0.4857	-1
0.4857	-1
0.4859	-1
0.4859	-1
0.4859	-1
0.4859	-1
0.4859	-1
0.4859	-1
0.4861	-1
0.4861	-1
0.4861	-1
0.4861	-1
0.4861	-1
0.4861	-1
0.4863	-1
0.4863	-1
0.4863	-1
0.4863	-1
0.4863	-1
0.4863	-1
0.4865	-1
0.4865	-1
0.4865	-1
0.4865	-1
0.4865	-1
0.4865	-1
0.4867	-1
0.4867	-1
0.4867	-1
0.4867	-1
0.4867	-1
0.4867	-1
0.4869	-1
0.4869	-1
0.4869	-1
0.4869	-1
0.4869	-1
0.4869	-1
0.4870	-1
0.4870	-1
0.4870	-1
0.4870	-1
0.4870	-1
0.4870	-1
0.4871	-1
0.4871	-1
0.4871	-1
0.4871	-1
0.4871	-1
0.4871	-1
0.4873	-1
0.4873	-1
0.4873	-1
0.4873	-1
0.4873	-1
0.4873	-1
0.4874	-1
0.4874	-1
0.4874	-1
0.4874	-1
0.4874	-1
0.4874	-1
0.4876	-1
0.4876	-1
0.4876	-1
0.4876	-1
0.4876	-1
0.4876	-1
0.4892	-1
0.4892	-1
0.4892	-1
0.4892	-1
0.4892	-1
0.4892	-1
0.4893	-1
0.4894	-1
0.4894	-1
0.4894	-1
0.4894	-1
0.4894	-1
0.4895	-1
0.4895	-1
0.4895	-1
0.4895	-1
0.4895	-1
0.4895	-1
0.4897	-1
0.4897	-1
0.4897	-1
0.4897	-1
0.4897	-1
0.4897	-1
0.4898	-1
0.4899	-1
0.4899	-1
0.4899	-1
0.4899	-1
0.4899	-1
0.4900	-1
0.4900	-1
0.4900	-1
0.4900	-1
0.4900	-1
0.4900	-1
0.4901	-1
0.4902	-1
0.4902	-1
0.4902	-1
0.4902	-1
0.4902	-1
0.4903	-1
0.4903	-1
0.4903	-1
0.4903	-1
0.5307	2
0.5617	-2
0.6339	1
0.6340	1
0.6341	1
0.6341	1
0.6342	1
0.6342	1
0.6342	1
0.6343	1
0.6343	1
0.6343	1
0.6352	-1
0.6352	-1
0.6352	-1
0.6352	-1
0.6353	-1
0.6353	-1
0.6355	-1
0.6355	-1
0.6355	-1
0.6355	-1
0.6355	-1
0.6355	-1
0.6371	-1
0.6371	-1
0.6371	-1
0.6371	-1
0.6371	-1
0.6371	-1
0.6372	-1
0.6373	-1
0.6373	-1
0.6373	-1
0.6373	-1
0.6373	-1
0.6377	-1
0.6377	-1
0.6377	-1
0.6377	-1
0.6377	-1
0.6377	-1
0.6378	-1
0.6378	-1
0.6378	-1
0.6378	-1
0.6379	-1
0.6379	-1
0.6380	-1
0.6380	-1
0.6380	-1
0.6380	-1
0.6380	-1
0.6380	-1
0.6382	-1
0.6382	-1
0.6382	-1
0.6382	-1
0.6382	-1
0.6382	-1
0.6383	-1
0.6383	-1
0.6383	-1
0.6383	-1
0.6383	-1
0.6383	-1
0.6385	-1
0.6385	-1
0.6385	-1
0.6385	-1
0.6385	-1
0.6385	-1
0.6441	1
0.6451	-1
0.6451	-1
0.6451	-1
0.6451	-1
0.6451	-1
0.6451	-1
0.6623	1
0.6643	-1
0.6649	1
0.6650	1
0.6667	-1
0.6668	-1
0.6772	-2
0.6800	1
0.6821	-1
0.6827	1
0.6827	1
0.6827	-2
0.6845	-1
0.6847	-1
0.6978	1
0.6997	-1
0.7001	1
0.7002	1
0.7009	-1
0.7033	-1
0.7152	1
0.7174	-1
0.7180	1
0.7181	1
0.7191	-1
0.7199	-1
0.7330	1
0.7350	-1
0.7355	1
0.7355	1
0.7372	-1
0.7372	-1
0.7372	-1
0.7372	-1
0.7372	-1
0.7372	-1
0.7373	-1
0.7373	-1
0.7373	-1
0.7373	-1
0.7500	1
0.7518	-1
0.7523	1
0.7523	1
0.7529	-1
0.7539	-1
0.7545	-2
0.7672	1
0.7692	-1
0.7697	1
0.7697	1
0.7706	-1
0.7706	-1
0.7706	-1
0.7706	-1
0.7713	-1
0.7845	1
0.7865	-1
0.7872	1
0.7873	1
0.7883	-1
0.7883	-1
0.7883	-1
0.7883	-1
0.7883	-1
0.7883	-1
0.7884	-1
0.7884	-1
0.7884	-1
0.7884	-1
0.7884	-1
0.7884	-1
0.7890	1
0.7891	1
0.7891	1
0.7891	1
0.7901	-1
0.7901	-1
0.7901	-1
0.7901	-1
0.7901	-1
0.7901	-1
0.7902	-1
0.7903	-1
0.7903	-1
0.7903	-1
0.7903	-1
0.7903	-1
0.7904	-1
0.7904	-1
0.7904	-1
0.7904	-1
0.7904	-1
0.7904	-1
0.7906	-1
0.7906	-1
0.7906	-1
0.7906	-1
0.7906	-1
0.7906	-1
0.7909	1
0.7910	1
0.7910	1
0.7911	1
0.7911	1
0.7911	1
0.7912	1
0.7912	1
0.7925	-1
0.7926	-1
0.7926	-1
0.7926	-1
0.7926	-1
0.7926	-1
0.7927	-1
0.7927	-1
0.7927	-1
0.7927	-1
0.7927	-1
0.7927	-1
0.7929	-1
0.7929	-1
0.7929	-1
0.7929	-1
0.7929	-1
0.7929	-1
0.7930	-1
0.7930	-1
0.7930	-1
0.7930	-1
0.7930	-1
0.7930	-1
0.7931	-1
0.7931	-1
0.7931	-1
0.7931	-1
0.7931	-1
0.7931	-1
0.7933	-1
0.7933	-1
0.7933	-1
0.7933	-1
0.7933	-1
0.7933	-1
0.7936	1
0.7936	1
0.7937	1
0.7942	-1
0.7942	-1
0.7942	-1
0.7942	-1
0.7942	-1
0.7942	-1
0.7943	1
0.7943	1
0.7944	-1
0.7944	-1
0.7944	-1
0.7944	-1
0.7944	-1
0.7944	-1
0.7944	1
0.7944	1
0.7945	1
0.7945	1
0.7945	1
0.7946	1
0.7947	1
0.7968	1
0.7968	-1
0.7968	-1
0.7968	-1
0.7968	-1
0.7968	-1
0.7968	-1
0.7969	1
0.7969	1
0.7969	-1
0.7969	-1
0.7969	-1
0.7969	-1
0.7969	-1
0.7969	-1
0.7970	1
0.7972	-1
0.7972	-1
0.7972	-1
0.7972	-1
0.7972	-1
0.7972	-1
0.7974	-1
0.7974	-1
0.7974	-1
0.7974	-1
0.7974	-1
0.7974	-1
0.7975	1
0.7976	-1
0.7976	-1
0.7976	1
0.7976	-1
0.7976	-1
0.7976	-1
0.7976	-1
0.7978	-1
0.7978	-1
0.7978	-1
0.7978	-1
0.7978	-1
0.7978	-1
0.7979	-1
0.7980	-1
0.7980	-1
0.7980	-1
0.7980	-1
0.7980	-1
0.7981	-1
0.7981	-1
0.7981	-1
0.7981	-1
0.7982	-1
0.7982	-1
0.7983	-1
0.7983	-1
0.7983	-1
0.7983	-1
0.7983	-1
0.7983	-1
0.7984	-1
0.7984	-1
0.7984	-1
0.7984	-1
0.7984	-1
0.7984	-1
0.7997	1
0.7998	1
0.7998	1
0.7999	1
0.7999	1
0.8000	1
0.8000	1
0.8001	1
0.8001	1
0.8001	1
0.8002	1
0.8002	1
0.8003	1
0.8003	1
0.8003	1
0.8004	1
0.8004	1
0.8004	-1
0.8004	-1
0.8004	-1
0.8004	-1
0.8004	-1
0.8004	-1
0.8005	1
0.8006	-1
0.8006	-1
0.8006	-1
0.8006	-1
0.8006	-1
0.8006	-1
0.8011	1
0.8013	1
0.8014	1
0.8015	1
0.8020	-1
0.8021	-1
0.8021	-1
0.8021	-1
0.8021	-1
0.8021	-1
0.8022	-1
0.8022	-1
0.8023	-1
0.8023	-1
0.8023	-1
0.8023	-1
0.8036	-1
0.8036	-1
0.8036	-1
0.8036	-1
0.8036	-1
0.8036	-1
0.8038	-1
0.8038	-1
0.8038	-1
0.8038	-1
0.8038	-1
0.8038	-1
0.8039	-1
0.8039	-1
0.8039	-1
0.8039	-1
0.8039	-1
0.8039	-1
0.8041	-1
0.8041	-1
0.8041	-1
0.8041	-1
0.8041	-1
0.8041	-1
0.8042	-1
0.8042	-1
0.8042	-1
0.8042	-1
0.8042	-1
0.8042	-1
0.8044	-1
0.8044	-1
0.8044	-1
0.8044	-1
0.8044	-1
0.8044	-1
0.8060	1
0.8060	1
0.8061	1
0.8061	1
0.8063	1
0.8064	1
0.8066	1
0.8067	1
0.8068	1
0.8070	1
0.8070	1
0.8070	1
0.8072	1
0.8073	-1
0.8073	-1
0.8073	-1
0.8073	-1
0.8073	-1
0.8073	-1
0.8075	-1
0.8075	-1
0.8076	-1
0.8076	-1
0.8076	-1
0.8076	-1
0.8078	-1
0.8078	-1
0.8078	-1
0.8078	-1
0.8078	-1
0.8078	-1
0.8079	-1
0.8080	-1
0.8080	-1
0.8080	-1
0.8080	-1
0.8080	-1
0.8081	-1
0.8081	-1
0.8081	-1
0.8081	-1
0.8082	-1
0.8082	-1
0.8083	-1
0.8083	-1
0.8083	-1
0.8083	-1
0.8083	-1
0.8084	-1
0.8085	-1
0.8085	-1
0.8085	-1
0.8085	-1
0.8085	-1
0.8085	-1
0.8103	1
0.8104	1
0.8104	1
0.8107	-1
0.8107	-1
0.8107	-1
0.8107	-1
0.8107	-1
0.8108	-1
0.8112	-1
0.8112	-1
0.8112	-1
0.8112	-1
0.8112	-1
0.8112	-1
0.8115	-1
0.8115	-1
0.8115	-1
0.8115	-1
0.8115	-1
0.8115	-1
0.8118	-1
0.8118	-1
0.8118	-1
0.8118	-1
0.8118	-1
0.8118	-1
0.8120	-1
0.8120	-1
0.8120	-1
0.8120	-1
0.8120	-1
0.8120	-1
0.8122	-1
0.8122	-1
0.8122	-1
0.8122	-1
0.8122	-1
0.8122	-1
0.8124	-1
0.8124	-1
0.8124	-1
0.8124	-1
0.8124	-1
0.8124	-1
0.8127	-1
0.8127	-1
0.8127	-1
0.8127	-1
0.8127	-1
0.8127	-1
0.8129	-1
0.8129	-1
0.8129	1
0.8129	-1
0.8129	-1
0.8129	-1
0.8129	-1
0.8132	-1
0.8132	-1
0.8132	-1
0.8132	-1
0.8132	-1
0.8132	-1
0.8134	-1
0.8134	-1
0.8134	-1
0.8134	-1
0.8134	-1
0.8134	-1
0.8135	-1
0.8135	-1
0.8135	-1
0.8135	-1
0.8135	-1
0.8135	-1
0.8161	-1
0.8162	-1
0.8162	-1
0.8162	-1
0.8162	-1
0.8162	-1
0.8164	-1
0.8164	-1
0.8164	-1
0.8164	-1
0.8164	-1
0.8164	-1
0.8166	-1
0.8166	-1
0.8166	-1
0.8166	-1
0.8166	-1
0.8166	-1
0.8168	-1
0.8168	-1
0.8168	-1
0.8168	-1
0.8168	-1
0.8168	-1
0.8170	-1
0.8170	-1
0.8170	-1
0.8170	-1
0.8170	-1
0.8170	-1
0.8172	-1
0.8172	-1
0.8172	-1
0.8172	-1
0.8172	-1
0.8172	-1
0.8174	-1
0.8174	-1
0.8174	-1
0.8174	-1
0.8174	-1
0.8174	-1
0.8175	-1
0.8175	-1
0.8175	-1
0.8175	-1
0.8176	-1
0.8176	-1
0.8185	-1
0.8185	-1
0.8185	-1
0.8185	-1
0.8185	-1
0.8185	-1
0.8187	-1
0.8187	-1
0.8187	-1
0.8187	-1
0.8187	-1
0.8187	-1
0.8190	-1
0.8190	-1
0.8190	-1
0.8190	-1
0.8190	-1
0.8190	-1
0.8192	-1
0.8192	-1
0.8192	-1
0.8192	-1
0.8192	-1
0.8192	-1
0.8194	-1
0.8194	-1
0.8194	-1
0.8194	-1
0.8194	-1
0.8194	-1
0.8195	-1
0.8195	-1
0.8195	-1
0.8195	-1
0.8195	-1
0.8195	-1
0.8197	-1
0.9168	-2
0.9457	2
0.9484	2
0.9661	-2
1.0105	1
1.0106	1
1.0106	1
1.0113	-1
1.0114	-1
1.0114	-1
1.0114	-1
1.0114	-1
1.0114	-1
1.0115	-1
1.0115	-1
1.0115	-1
1.0115	-1
1.0116	-1
1.0116	-1
1.0117	-1
1.0117	-1
1.0117	-1
1.0117	-1
1.0118	-1
1.0118	-1
1.0155	-2
1.0265	1
1.0285	-1
1.0290	1
1.0290	1
1.0307	-1
1.0307	-1
1.0307	-1
1.0308	-1
1.0442	1
1.0461	-1
1.0465	1
1.0465	1
1.0478	-1
1.0479	-1
1.0612	1
1.0632	-1
1.0637	1
1.0637	1
1.0645	-1
1.0645	-1
1.0652	-1
1.0690	2
1.0711	-2
1.0728	-2
1.0781	1
1.0799	-1
1.0805	1
1.0805	1
1.0816	-1
1.0816	-1
1.0816	-1
1.0816	-1
1.0816	-1
1.0816	-1
1.0824	-1
1.0897	-2
1.0948	1
1.0968	-1
1.0968	-2
1.0974	1
1.0975	1
1.0995	-1
1.0995	-1
1.0995	-1
1.0995	-1
1.0996	-1
1.0996	-1
1.0997	-1
1.0997	-1
1.0997	-1
1.0997	-1
1.0997	-1
1.0998	-1
1.1002	1
1.1003	1
1.1003	1
1.1003	1
1.1024	-1
1.1024	-1
1.1024	-1
1.1024	-1
1.1024	-1
1.1024	-1
1.1025	-1
1.1025	-1
1.1025	-1
1.1025	-1
1.1025	-1
1.1025	-1
1.1033	1
1.1034	-1
1.1034	-1
1.1034	-1
1.1034	-1
1.1034	-1
1.1034	-1
1.1037	-1
1.1037	-1
1.1037	-1
1.1037	-1
1.1037	-1
1.1037	-1
1.1057	-1
1.1057	-1
1.1057	-1
1.1057	-1
1.1057	-1
1.1057	-1
1.1182	-2
1.1191	-2
1.1209	1
1.1228	-1
1.1232	1
1.1233	1
1.1252	-1
1.1252	-1
1.1252	-1
1.1252	-1
1.1252	-1
1.1252	-1
1.1253	-1
1.1253	-1
1.1253	-1
1.1253	-1
1.1253	-1
1.1253	-1
1.1258	1
1.1259	1
1.1259	1
1.1260	1
1.1288	-1
1.1288	-1
1.1289	-1
1.1289	-1
1.1289	-1
1.1289	-1
1.1290	-1
1.1290	-1
1.1290	-1
1.1290	-1
1.1290	-1
1.1290	-1
1.1291	-1
1.1291	-1
1.1291	-1
1.1291	-1
1.1291	-1
1.1292	-1
1.1293	-1
1.1293	-1
1.1293	-1
1.1293	-1
1.1293	-1
1.1293	-1
1.1298	1
1.1298	1
1.1300	1
1.1301	1
1.1301	1
1.1302	1
1.1302	1
1.1302	1
1.1326	-1
1.1327	-1
1.1327	-1
1.1327	-1
1.1327	-1
1.1327	-1
1.1328	-1
1.1328	-1
1.1328	-1
1.1328	-1
1.1328	-1
1.1328	-1
1.1334	-1
1.1334	-1
1.1334	-1
1.1334	-1
1.1334	-1
1.1334	-1
1.1343	1
1.1343	1
1.1344	1
1.1344	1
1.1345	1
1.1345	1
1.1354	-2
1.1359	-1
1.1359	-1
1.1359	-1
1.1359	-1
1.1359	-1
1.1359	-1
1.1361	-1
1.1361	-1
1.1361	-1
1.1361	-1
1.1361	-1
1.1361	-1
1.1363	-1
1.1363	-1
1.1363	-1
1.1363	-1
1.1363	-1
1.1363	-1
1.1365	-1
1.1365	-1
1.1365	-1
1.1366	-1
1.1366	-1
1.1366	-1
1.1368	-1
1.1368	-1
1.1368	-1
1.1368	-1
1.1368	-1
1.1368	-1
1.1369	-1
1.1369	-1
1.1369	-1
1.1369	-1
1.1370	-1
1.1370	-1
1.1387	1
1.1387	1
1.1388	1
1.1388	1
1.1389	1
1.1389	1
1.1389	1
1.1390	1
1.1390	1
1.1390	1
1.1391	1
1.1391	1
1.1396	-1
1.1396	-1
1.1396	-1
1.1396	-1
1.1396	-1
1.1396	-1
1.1398	-1
1.1398	-1
1.1398	-1
1.1398	-1
1.1398	-1
1.1398	-1
1.1408	1
1.1411	1
1.1411	1
1.1412	1
1.1437	-1
1.1437	-1
1.1437	-1
1.1437	-1
1.1437	-1
1.1437	-1
1.1439	-1
1.1439	-1
1.1439	-1
1.1439	-1
1.1439	-1
1.1439	-1
1.1445	-1
1.1445	-1
1.1446	-1
1.1446	-1
1.1446	-1
1.1446	-1
1.1447	-1
1.1447	-1
1.1447	-1
1.1447	-1
1.1447	-1
1.1447	-1
1.1449	-1
1.1449	-1
1.1449	-1
1.1449	-1
1.1449	-1
1.1449	-1
1.1452	1
1.1452	1
1.1464	-1
1.1464	-1
1.1464	-1
1.1464	-1
1.1464	-1
1.1464	-1
1.1466	-1
1.1466	-1
1.1466	-1
1.1466	-1
1.1466	-1
1.1466	-1
1.1467	1
1.1467	1
1.1468	1
1.1468	1
1.1468	1
1.1469	1
1.1469	1
1.1470	1
1.1480	1
1.1481	1
1.1481	1
1.1482	1
1.1485	-2
1.1510	-1
1.1510	-1
1.1510	-1
1.1511	-1
1.1511	-1
1.1511	-1
1.1512	-1
1.1512	-1
1.1512	-1
1.1512	-1
1.1512	-1
1.1512	-1
1.1514	-1
1.1514	-1
1.1514	-1
1.1514	-1
1.1514	-1
1.1514	-1
1.1548	-1
1.1548	-1
1.1548	-1
1.1548	-1
1.1548	-1
1.1548	-1
1.1551	-1
1.1551	-1
1.1551	-1
1.1551	-1
1.1551	-1
1.1551	-1
1.1562	1
1.1563	1
1.1563	1
1.1564	1
1.1564	1
1.1565	1
1.1585	-1
1.1585	-1
1.1585	-1
1.1585	-1
1.1585	-1
1.1585	-1
1.1587	-1
1.1587	-1
1.1588	-1
1.1588	-1
1.1588	-1
1.1588	-1
1.1589	1
1.1589	1
1.1590	-1
1.1590	-1
1.1590	-1
1.1590	-1
1.1590	-1
1.1590	-1
1.1592	-1
1.1592	-1
1.1592	-1
1.1592	-1
1.1592	-1
1.1592	-1
1.1594	-1
1.1594	-1
1.1594	-1
1.1594	-1
1.1594	-1
1.1594	-1
1.1596	-1
1.1596	-1
1.1596	-1
1.1596	-1
1.1596	-1
1.1596	-1
1.1598	-1
1.1599	-1
1.1599	-1
1.1599	-1
1.1599	-1
1.1599	-1
1.1601	-1
1.1601	-1
1.1601	-1
1.1601	-1
1.1601	-1
1.1601	-1
1.1602	-1
1.1602	-1
1.1602	-1
1.1602	-1
1.1602	-1
1.1602	-1
1.1604	-1
1.1604	-1
1.1604	-1
1.1604	-1
1.1604	-1
1.1604	-1
1.1634	-1
1.1634	-1
1.1634	-1
1.1634	-1
1.1634	-1
1.1634	-1
1.1639	-1
1.1639	-1
1.1639	-1
1.1639	-1
1.1639	-1
1.1639	-1
1.1641	-1
1.1641	-1
1.1641	-1
1.1641	-1
1.1641	-1
1.1641	-1
1.1643	-1
1.1643	-1
1.1643	-1
1.1643	-1
1.1643	-1
1.1643	-1
1.1644	-1
1.1645	-1
1.1645	-1
1.1645	-1
1.1645	-1
1.1645	-1
1.1646	-1
1.1646	-1
1.1646	-1
1.1646	-1
1.1646	-1
1.1647	-1
1.1648	-1
1.1648	-1
1.1648	-1
1.1648	-1
1.1648	-1
1.1648	-1
1.1650	-1
1.1650	-1
1.1650	-1
1.1650	-1
1.1650	-1
1.1650	-1
1.1651	-1
1.1651	-1
1.1651	-1
1.1651	-1
1.1651	-1
1.1651	-1
1.1653	-1
1.1653	-1
1.1653	-1
1.1653	-1
1.1653	-1
1.1653	-1
1.1654	-1
1.1654	-1
1.1654	-1
1.1654	-1
1.1654	-1
1.1654	-1
1.1680	-1
1.1681	-1
1.1681	-1
1.1681	-1
1.1681	-1
1.1681	-1
1.1690	-1
1.1690	-1
1.1690	-1
1.1690	-1
1.1690	-1
1.1690	-1
1.1701	-1
1.1701	-1
1.1701	-1
1.1701	-1
1.1701	-1
1.1701	-1
1.1703	-1
1.1703	-1
1.1703	-1
1.1703	-1
1.1703	-1
1.1703	-1
1.1704	-1
1.1704	-1
1.1704	-1
1.1704	-1
1.1704	-1
1.1704	-1
1.1706	-1
1.1706	-1
1.1706	-1
1.1706	-1
1.1706	-1
1.1706	-1
1.1713	-1
1.1713	-1
1.1713	-1
1.1713	-1
1.1713	-1
1.1713	-1
1.1715	2
1.1715	-1
1.1715	-1
1.1715	-1
1.1715	-1
1.1715	-1
1.1832	-2
1.1858	1
1.1880	-1
1.1887	1
1.1887	1
1.1895	-1
1.1904	-1
1.2027	1
1.2048	-1
1.2052	1
1.2053	1
1.2067	-1
1.2067	-1
1.2198	1
1.2217	-1
1.2221	1
1.2222	1
1.2223	-2
1.2229	-1
1.2236	-1
1.2328	-2
1.2355	2
1.2374	1
1.2395	-1
1.2401	1
1.2401	1
1.2416	-1
1.2417	-1
1.2474	-2
1.2515	2
1.2545	1
1.2564	-1
1.2568	1
1.2569	1
1.2576	-1
1.2576	-1
1.2576	-1
1.2583	-1
1.2603	-2
1.2715	1
1.2737	-1
1.2741	1
1.2742	1
1.2749	-1
1.2749	-1
1.2756	-1
1.2853	-2
1.2891	1
1.2909	-1
1.2914	1
1.2914	1
1.2923	-1
1.2923	-1
1.2923	-1
1.2923	-1
1.2923	-1
1.2923	-1
1.2932	-1
1.3055	2
1.3056	1
1.3076	-1
1.3078	2
1.3080	1
1.3081	1
1.3095	-1
1.3095	-1
1.3095	-1
1.3230	1
1.3251	-1
1.3255	1
1.3256	1
1.3266	-1
1.3266	-1
1.3266	-1
1.3266	-1
1.3266	-1
1.3266	-1
1.3268	-1
1.3268	-1
1.3268	-1
1.3268	-1
1.3268	-1
1.3268	-1
1.3274	1
1.3275	1
1.3275	1
1.3275	1
1.3286	-1
1.3286	-1
1.3287	-1
1.3287	-1
1.3287	-1
1.3287	-1
1.3288	-1
1.3288	-1
1.3288	-1
1.3288	-1
1.3288	-1
1.3288	-1
1.3289	-1
1.3289	-1
1.3289	-1
1.3289	-1
1.3290	-1
1.3290	-1
1.3291	-1
1.3291	-1
1.3291	-1
1.3291	-1
1.3291	-1
1.3291	-1
1.3294	1
1.3294	1
1.3295	1
1.3295	1
1.3296	1
1.3303	-1
1.3303	-1
1.3303	-1
1.3303	-1
1.3303	-1
1.3303	-1
1.3305	-1
1.3305	-1
1.3305	-1
1.3305	-1
1.3305	-1
1.3305	-1
1.3313	-1
1.3313	-1
1.3313	-1
1.3313	-1
1.3313	-1
1.3313	-1
1.3314	-1
1.3314	-1
1.3314	-1
1.3314	-1
1.3314	-1
1.3314	-1
1.3315	-1
1.3315	-1
1.3315	-1
1.3315	-1
1.3445	1
1.3465	-1
1.3469	1
1.3470	1
1.3484	-1
1.3485	-1
1.3613	1
1.3632	-1
1.3637	1
1.3637	1
1.3651	-1
1.3652	-1
1.3671	-2
1.3790	1
1.3809	-1
1.3813	1
1.3814	1
1.3828	-1
1.3828	-1
1.3965	1
1.3985	-1
1.3989	1
1.3989	1
1.4007	-1
1.4007	-1
1.4007	-1
1.4007	-1
1.4008	-1
1.4008	-1
1.4009	-1
1.4009	-1
1.4009	-1
1.4009	-1
1.4009	-1
1.4009	-1
1.4014	1
1.4015	1
1.4015	1
1.4015	1
1.4031	-1
1.4031	-1
1.4031	-1
1.4031	-1
1.4031	-1
1.4032	-1
1.4038	1
1.4038	1
1.4040	-1
1.4040	-1
1.4040	-1
1.4040	-1
1.4040	-1
1.4040	-1
1.4048	1
1.4049	-1
1.4049	-1
1.4049	-1
1.4049	-1
1.4049	-1
1.4050	-1
1.4050	1
1.4051	-1
1.4051	-1
1.4051	-1
1.4051	-1
1.4051	-1
1.4051	-1
1.4057	1
1.4058	1
1.4058	1
1.4059	1
1.4072	-1
1.4072	-1
1.4072	-1
1.4072	-1
1.4072	-1
1.4072	-1
1.4079	-1
1.4079	-1
1.4079	-1
1.4079	-1
1.4079	-1
1.4079	-1
1.4084	1
1.4085	1
1.4088	-1
1.4088	-1
1.4088	-1
1.4089	-1
1.4089	-1
1.4089	-1
1.4096	-1
1.4096	-1
1.4096	-1
1.4096	-1
1.4096	-1
1.4096	-1
1.4110	-1
1.4110	-1
1.4110	-1
1.4110	-1
1.4110	-1
1.4110	-1
1.4112	-1
1.4112	-1
1.4112	-1
1.4112	-1
1.4112	-1
1.4112	-1
1.4113	-1
1.4113	-1
1.4113	-1
1.4113	-1
1.4113	-1
1.4113	-1
1.4123	-1
1.4123	-1
1.4123	-1
1.4123	-1
1.4123	-1
1.4123	-1
1.4124	-1
1.4124	-1
1.4124	-1
1.4124	-1
1.4124	-1
1.4124	-1
1.4125	-1
1.4125	-1
1.4260	1
1.4280	-1
1.4284	1
1.4284	1
1.4291	-1
1.4291	-1
1.4291	-1
1.4299	-1
1.4421	1
1.4442	-1
1.4446	1
1.4447	1
1.4461	-1
1.4461	-1
1.4461	-1
1.4461	-1
1.4590	1
1.4609	-1
1.4613	1
1.4614	1
1.4620	-1
1.4627	-1
1.4752	2
1.4761	1
1.4783	-1
1.4788	1
1.4789	1
1.4810	-1
1.4810	-1
1.4811	-1
1.4897	-2
1.4945	1
1.4965	-1
1.4969	1
1.4970	1
1.4982	-1
1.4983	-1
1.4985	-2
1.5046	-2
1.5062	2
1.5087	-2
1.5111	1
1.5129	-1
1.5134	1
1.5134	1
1.5141	-1
1.5148	-1
1.5158	-2
1.5274	1
1.5293	-1
1.5297	1
1.5298	1
1.5304	-1
1.5313	-1
1.5457	1
1.5480	-1
1.5484	1
1.5484	1
1.5499	-1
1.5499	-1
1.5531	2
1.5568	-2
1.5638	1
1.5658	-1
1.5662	1
1.5663	1
1.5670	-1
1.5679	-1
1.5729	-2
1.5801	1
1.5819	-1
1.5823	1
1.5824	1
1.5831	-1
1.5838	-1
1.5914	2
1.5961	1
1.5981	-1
1.5985	1
1.5986	1
1.6001	-1
1.6002	-1
1.6048	-2
1.6133	1
1.6152	-1
1.6157	1
1.6157	1
1.6164	-1
1.6174	-1
1.6307	1
1.6331	-1
1.6338	1
1.6339	1
1.6347	-1
1.6355	-1
1.6377	-2
1.6462	2
1.6482	1
1.6502	-1
1.6506	1
1.6507	1
1.6522	-1
1.6523	-1
1.6602	-2
1.6661	1
1.6684	-1
1.6690	1
1.6690	1
1.6711	-1
1.6712	-1
1.6712	-1
1.6712	-1
1.6712	-1
1.6712	-1
1.6713	-1
1.6713	-1
1.6713	-1
1.6713	-1
1.6713	-1
1.6713	-1
1.6720	1
1.6721	1
1.6721	1
1.6722	1
1.6744	-1
1.6744	-1
1.6744	-1
1.6744	-1
1.6744	-1
1.6744	-1
1.6755	-1
1.6755	-1
1.6755	-1
1.6755	-1
1.6755	-1
1.6755	-1
1.6756	-1
1.6757	-1
1.6757	-1
1.6757	-1
1.6757	-1
1.6757	-1
1.6758	-1
1.6759	-1
1.6759	-1
1.6759	-1
1.6759	-1
1.6759	-1
1.6762	1
1.6763	1
1.6763	1
1.6765	1
1.6766	1
1.6766	1
1.6767	1
1.6768	1
1.6799	-1
1.6799	-1
1.6799	-1
1.6799	-1
1.6799	-1
1.6799	-1
1.6811	1
1.6811	1
1.6813	-1
1.6813	-1
1.6813	-1
1.6813	-1
1.6813	-1
1.6813	-1
1.6815	-1
1.6815	-1
1.6815	-1
1.6815	-1
1.6815	-1
1.6815	-1
1.6817	-1
1.6818	-1
1.6818	-1
1.6818	-1
1.6818	-1
1.6818	-1
1.6819	-1
1.6819	-1
1.6819	-1
1.6819	-1
1.6819	-1
1.6819	-1
1.6820	-1
1.6820	-1
1.6820	-1
1.6820	-1
1.6820	-1
1.6820	-1
1.6821	-1
1.6821	-1
1.6821	-1
1.6821	-1
1.6821	-1
1.6822	-1
1.6823	-1
1.6823	-1
1.6823	-1
1.6823	-1
1.6823	-1
1.6823	-1
1.6827	1
1.6828	1
1.6840	1
1.6853	-1
1.6853	-1
1.6853	-1
1.6853	-1
1.6853	-1
1.6853	-1
1.6856	-1
1.6856	-1
1.6856	-1
1.6856	-1
1.6856	-1
1.6856	-1
1.6863	-1
1.6863	-1
1.6863	-1
1.6863	-1
1.6863	-1
1.6863	-1
1.6865	-1
1.6865	-1
1.6865	-1
1.6865	-1
1.6865	-1
1.6865	-1
1.6874	-1
1.6874	-1
1.6874	-1
1.6874	-1
1.7004	1
1.7024	-1
1.7029	1
1.7030	1
1.7036	-1
1.7045	-1
1.7173	1
1.7195	-1
1.7199	1
1.7200	1
1.7214	-1
1.7215	-1
1.7269	-2
1.7356	1
1.7377	-1
1.7382	1
1.7382	1
1.7395	-1
1.7396	-1
1.7424	-2
1.7469	2
1.7486	-2
1.7527	1
1.7546	-1
1.7550	1
1.7551	1
1.7558	-1
1.7566	-1
1.7617	-2
1.7693	1
1.7714	-1
1.7718	1
1.7719	1
1.7732	-1
1.7733	-1
1.7870	1
1.7888	-1
1.7892	1
1.7893	1
1.7900	-1
1.7907	-1
1.7927	-2
1.7961	-2
1.8056	1
1.8077	-1
1.8081	1
1.8082	1
1.8092	-2
1.8093	-1
1.8101	-1
1.8186	2
1.8229	1
1.8250	-1
1.8255	1
1.8255	1
1.8263	-1
1.8270	-1
1.8391	2
1.8402	1
1.8409	-2
1.8423	-1
1.8427	1
1.8428	1
1.8442	-1
1.8443	-1
1.8489	-2
1.8490	-2
1.8493	-2
1.8533	2
1.8573	1
1.8595	-1
1.8600	1
1.8601	1
1.8618	-1
1.8619	-1
1.8639	2
1.8657	-2
1.8755	1
1.8762	-2
1.8776	-1
1.8780	1
1.8781	1
1.8800	-1
1.8800	-1
1.8810	-2
1.8892	2
1.8945	1
1.8966	-1
1.8970	1
1.8971	1
1.8977	-2
1.8979	-1
1.8987	-1
1.9082	-2
1.9108	1
1.9129	-1
1.9133	1
1.9134	1
1.9142	-1
1.9148	-1
1.9158	2
1.9271	1
1.9290	-1
1.9295	1
1.9295	1
1.9309	-1
1.9309	-1
1.9440	1
1.9459	-1
1.9463	1
1.9463	1
1.9470	-1
1.9477	-1
1.9606	1
1.9627	-1
1.9632	1
1.9632	1
1.9651	-1
1.9651	-1
1.9651	-1
1.9651	-1
1.9651	-1
1.9651	-1
1.9652	-1
1.9652	-1
1.9664	-2
1.9728	-2
1.9784	1
1.9803	-1
1.9808	1
1.9809	1
1.9822	-1
1.9823	-1
1.9954	1
1.9975	-1
1.9979	1
1.9980	1
1.9994	-1
1.9995	-1
2.0104	-2
2.0132	1
2.0140	-2
2.0152	-1
2.0156	1
2.0157	-2
2.0157	1
2.0171	-1
2.0172	-1
2.0187	-2
2.0253	-2
2.0315	1
2.0336	-1
2.0340	1
2.0341	1
2.0356	-1
2.0356	-1
2.0473	2
2.0506	1
2.0519	-2
2.0529	-1
2.0534	1
2.0535	1
2.0543	-1
2.0551	-1
2.0689	1
2.0708	-1
2.0715	1
2.0716	1
2.0735	-1
2.0736	-1
2.0862	1
2.0881	-1
2.0885	1
2.0885	1
2.0893	-1
2.0893	-1
2.0903	-1
2.0960	-2
2.0964	-2
2.0980	-2
2.1001	2
2.1004	-2
2.1025	1
2.1045	-1
2.1051	1
2.1051	1
2.1068	-1
2.1068	-1
2.1068	-1
2.1070	-1
2.1152	-2
2.1224	1
2.1248	-1
2.1248	-2
2.1253	1
2.1254	1
2.1257	-2
2.1261	-1
2.1270	-1
2.1298	2
2.1319	-2
2.1410	1
2.1428	-2
2.1430	-1
2.1433	-2
2.1436	1
2.1437	1
2.1452	-1
2.1453	-1
2.1510	2
2.1547	-2
2.1555	-2
2.1575	-2
2.1583	1
2.1604	-1
2.1609	1
2.1610	1
2.1627	-1
2.1627	-1
2.1756	1
2.1778	-1
2.1782	1
2.1782	1
2.1795	-1
2.1796	-1
2.1941	1
2.1961	-1
2.1965	1
2.1966	1
2.1973	-1
2.1983	-1
2.2112	1
2.2133	-1
2.2138	1
2.2139	1
2.2153	-1
2.2154	-1
2.2294	1
2.2313	2
2.2314	-1
2.2319	1
2.2320	1
2.2333	-2
2.2338	-1
2.2338	-1
2.2338	-1
2.2338	-1
2.2338	-1
2.2338	-1
2.2339	-1
2.2339	-1
2.2339	-1
2.2339	-1
2.2340	-1
2.2340	-1
2.2345	1
2.2357	-1
2.2358	-1
2.2358	-1
2.2491	1
2.2510	-1
2.2514	1
2.2515	1
2.2523	-1
2.2523	-1
2.2531	-1
2.2632	2
2.2664	1
2.2670	-2
2.2683	-1
2.2688	1
2.2689	1
2.2698	-1
2.2698	-1
2.2698	-1
2.2698	-1
2.2698	-1
2.2698	-1
2.2700	-1
2.2700	-1
2.2700	-1
2.2700	-1
2.2700	-1
2.2700	-1
2.2704	1
2.2705	1
2.2705	2
2.2712	-1
2.2712	-1
2.2712	-1
2.2712	-1
2.2712	-1
2.2712	-1
2.2713	-1
2.2713	-1
2.2713	-1
2.2748	-2
2.2785	-2
2.2845	1
2.2865	-1
2.2872	1
2.2873	1
2.2892	-1
2.2892	-1
2.2892	-1
2.2892	-1
2.2892	-1
2.2892	-1
2.2893	-1
2.2893	-1
2.2893	-1
2.2893	-1
2.2893	-1
2.2893	-1
2.2901	1
2.2901	1
2.2902	1
2.2902	1
2.2920	-1
2.2920	-1
2.2920	-1
2.2920	-1
2.2920	-1
2.2920	-1
2.2932	-1
2.2932	-1
2.2932	-1
2.2932	-1
2.2932	-1
2.2932	-1
2.2937	-1
2.2937	-1
2.2937	-1
2.2937	-1
2.2937	-1
2.2937	-1
2.2939	1
2.2939	1
2.2940	-1
2.2940	1
2.2940	-1
2.2940	-1
2.2940	-1
2.2940	-1
2.2940	-1
2.2940	1
2.2947	1
2.2947	1
2.2948	1
2.2948	1
2.2986	-1
2.2986	-1
2.2986	-1
2.2986	-1
2.2986	-1
2.2986	-1
2.2990	-1
2.2990	-1
2.2990	-1
2.2991	-1
2.2991	-1
2.2991	-1
2.2992	-1
2.2992	-1
2.2992	-1
2.2992	-1
2.2992	-1
2.2992	-1
2.2994	-1
2.2994	-1
2.2994	-1
2.2994	-1
2.2994	-1
2.2994	-1
2.2995	-1
2.2995	-1
2.2995	-1
2.2995	-1
2.2995	-1
2.2995	-1
2.2997	-1
2.2997	-1
2.2997	1
2.2997	-1
2.2997	-1
2.2997	-1
2.2997	-1
2.2998	1
2.2999	-1
2.2999	-1
2.2999	-1
2.2999	-1
2.2999	-1
2.2999	-1
2.3003	-1
2.3003	-1
2.3003	-1
2.3003	-1
2.3003	-1
2.3003	-1
2.3012	1
2.3012	1
2.3013	1
2.3013	1
2.3013	1
2.3014	1
2.3014	1
2.3015	1
2.3015	1
2.3015	1
2.3016	1
2.3017	1
2.3017	1
2.3018	1
2.3034	-2
2.3049	-1
2.3049	-1
2.3049	-1
2.3049	-1
2.3049	-1
2.3049	-1
2.3058	-1
2.3058	-1
2.3058	-1
2.3058	-1
2.3058	-1
2.3058	-1
2.3074	1
2.3074	1
2.3075	1
2.3075	1
2.3098	-1
2.3098	-1
2.3099	-1
2.3099	-1
2.3099	-1
2.3099	-1
2.3100	-1
2.3100	-1
2.3100	-1
2.3100	-1
2.3100	-1
2.3100	-1
2.3102	-1
2.3102	-1
2.3102	-1
2.3102	-1
2.3102	-1
2.3102	-1
2.3103	-1
2.3104	-1
2.3104	-1
2.3104	-1
2.3104	-1
2.3104	-1
2.3105	-1
2.3105	-1
2.3105	-1
2.3105	-1
2.3105	-1
2.3105	-1
2.3107	-1
2.3107	-1
2.3107	-1
2.3107	-1
2.3107	1
2.3107	-1
2.3107	-1
2.3107	1
2.3108	1
2.3108	1
2.3109	-1
2.3109	-1
2.3109	-1
2.3109	-1
2.3109	-1
2.3109	-1
2.3111	-1
2.3111	-1
2.3111	-1
2.3111	-1
2.3111	-1
2.3111	-1
2.3131	1
2.3131	1
2.3132	1
2.3132	1
2.3132	1
2.3132	1
2.3133	1
2.3133	1
2.3133	1
2.3134	1
2.3134	1
2.3134	1
2.3137	-1
2.3137	-1
2.3137	-1
2.3137	-1
2.3137	-1
2.3137	-1
2.3139	-1
2.3139	-1
2.3139	-1
2.3139	-1
2.3139	-1
2.3139	-1
2.3141	-1
2.3141	-1
2.3141	-1
2.3141	-1
2.3141	-1
2.3141	-1
2.3142	-1
2.3142	-1
2.3142	-1
2.3142	-1
2.3142	-1
2.3142	-1
2.3143	-1
2.3143	-1
2.3143	-1
2.3143	-1
2.3143	-1
2.3143	-1
2.3144	-1
2.3144	-1
2.3144	-1
2.3144	-1
2.3144	-1
2.3144	-1
2.3199	-2
2.3227	-1
2.3227	-1
2.3227	-1
2.3227	-1
2.3227	-1
2.3227	-1
2.3229	-1
2.3229	-1
2.3229	-1
2.3229	-1
2.3229	-1
2.3229	-1
2.3230	-1
2.3230	-1
2.3230	-1
2.3230	-1
2.3230	-1
2.3230	-1
2.3231	-1
2.3231	-1
2.3231	-1
2.3231	-1
2.3231	-1
2.3231	-1
2.3233	-1
2.3233	-1
2.3233	-1
2.3233	-1
2.3233	-1
2.3233	-1
2.3234	-1
2.3234	-1
2.3234	-1
2.3234	-1
2.3234	-1
2.3234	-1
2.3235	-1
2.3235	-1
2.3235	-1
2.3235	-1
2.3235	-1
2.3235	-1
2.3237	-1
2.3237	-1
2.3237	-1
2.3237	-1
2.3237	-1
2.3237	-1
2.3239	-1
2.3239	-1
2.3239	-1
2.3239	-1
2.3239	-1
2.3239	-1
2.3243	-1
2.3243	-1
2.3243	-1
2.3243	-1
2.3243	-1
2.3243	-1
2.3248	-1
2.3248	-1
2.3248	-1
2.3248	-1
2.3248	-1
2.3248	-1
2.3252	-1
2.3252	-1
2.3252	-1
2.3252	-1
2.3252	-1
2.3252	-1
2.3262	-1
2.3262	-1
2.3263	-1
2.3263	-1
2.3263	-1
2.3263	-1
2.3264	-1
2.3264	-1
2.3264	-1
2.3264	-1
2.3264	-1
2.3264	-1
2.3265	-1
2.3265	-1
2.3265	-1
2.3265	-1
2.3265	-1
2.3265	-1
2.3271	-1
2.3271	-1
2.3271	-1
2.3271	-1
2.3271	-1
2.3271	-1
2.3272	-2
2.3272	-1
2.3272	-1
2.3272	-1
2.3272	-1
2.3272	-1
2.3272	-1
2.3274	-1
2.3274	-1
2.3274	-1
2.3274	-1
2.3274	-1
2.3274	-1
2.3275	-1
2.3275	-1
2.3275	-1
2.3275	-1
2.3275	-1
2.3275	-1
2.3276	-1
2.3276	-1
2.3276	-1
2.3295	-2
2.3429	1
2.3456	-1
2.3464	1
2.3465	1
2.3488	-1
2.3488	-1
2.3488	-1
2.3488	-1
2.3488	-1
2.3488	-1
2.3490	-1
2.3490	-1
2.3490	-1
2.3490	-1
2.3490	-1
2.3490	-1
2.3491	2
2.3497	1
2.3497	1
2.3499	1
2.3504	-2
2.3506	-2
2.3519	-1
2.3519	-1
2.3519	-1
2.3519	-1
2.3519	-1
2.3519	-1
2.3521	-1
2.3521	-1
2.3521	-1
2.3521	-1
2.3521	-1
2.3521	-1
2.3522	-1
2.3590	-2
2.3653	1
2.3673	-1
2.3677	1
2.3678	1
2.3685	-1
2.3685	-1
2.3685	-1
2.3692	-1
2.3827	1
2.3847	-1
2.3851	1
2.3852	1
2.3872	-1
2.3872	-1
2.3872	-1
2.3872	-1
2.3872	-1
2.3872	-1
2.3874	-1
2.3874	-1
2.3874	-1
2.3874	-1
2.3874	-1
2.3874	-1
2.3879	1
2.3879	1
2.3895	-1
2.3895	-1
2.3895	-1
2.3895	-1
2.3895	-1
2.3895	-1
2.3896	-1
2.3896	-1
2.3899	-2
2.3980	-2
2.4030	1
2.4049	-1
2.4053	1
2.4054	1
2.4061	-1
2.4061	-1
2.4061	-1
2.4061	-1
2.4061	-1
2.4061	-1
2.4063	-1
2.4063	-1
2.4063	-1
2.4063	-1
2.4063	-1
2.4063	-1
2.4067	1
2.4068	1
2.4068	1
2.4068	1
2.4079	-1
2.4079	-1
2.4079	-1
2.4079	-1
2.4079	-1
2.4079	-1
2.4081	-1
2.4081	-1
2.4081	-1
2.4081	-1
2.4081	-1
2.4081	-1
2.4082	-1
2.4082	-1
2.4082	-1
2.4082	-1
2.4083	-1
2.4083	-1
2.4087	-1
2.4087	-1
2.4087	-1
2.4087	-1
2.4087	-1
2.4087	-1
2.4090	1
2.4091	1
2.4091	1
2.4091	1
2.4092	1
2.4092	1
2.4096	1
2.4096	1
2.4104	-1
2.4104	-1
2.4104	-1
2.4104	-1
2.4104	-1
2.4104	-1
2.4105	-1
2.4105	-1
2.4105	-1
2.4105	-1
2.4105	-1
2.4105	-1
2.4115	1
2.4115	-1
2.4115	-1
2.4115	-1
2.4115	-1
2.4115	-1
2.4115	-1
2.4115	1
2.4116	-1
2.4116	-1
2.4116	-1
2.4116	-1
2.4116	-1
2.4117	-1
2.4119	-1
2.4119	-1
2.4119	-1
2.4119	-1
2.4119	-1
2.4119	-1
2.4121	-1
2.4121	-1
2.4121	-1
2.4121	-1
2.4121	-1
2.4121	-1
2.4122	-1
2.4122	-1
2.4122	-1
2.4122	-1
2.4122	-1
2.4122	-1
2.4123	-1
2.4123	-1
2.4123	-1
2.4123	-1
2.4123	-1
2.4123	-1
2.4124	1
2.4124	1
2.4125	1
2.4125	1
2.4126	1
2.4126	1
2.4140	1
2.4141	1
2.4141	1
2.4141	1
2.4141	-2
2.4142	1
2.4142	1
2.4142	1
2.4143	1
2.4145	-2
2.4149	-1
2.4149	-1
2.4149	-1
2.4149	-1
2.4149	-1
2.4149	-1
2.4151	-1
2.4151	-1
2.4151	-1
2.4151	-1
2.4151	-1
2.4151	-1
2.4153	-1
2.4153	-1
2.4153	-1
2.4153	-1
2.4153	-1
2.4153	-1
2.4155	-1
2.4155	-1
2.4155	-1
2.4155	-1
2.4155	-1
2.4155	-1
2.4157	-1
2.4157	-1
2.4157	-1
2.4157	-1
2.4157	-1
2.4157	-1
2.4159	-1
2.4159	-1
2.4159	-1
2.4159	-1
2.4159	-1
2.4159	-1
2.4161	-1
2.4161	-1
2.4161	-1
2.4161	-1
2.4161	-1
2.4161	-1
2.4163	-1
2.4163	-1
2.4163	-1
2.4163	-1
2.4163	-1
2.4163	-1
2.4175	1
2.4175	1
2.4176	1
2.4176	1
2.4177	1
2.4177	1
2.4178	1
2.4178	1
2.4178	1
2.4179	1
2.4179	1
2.4180	1
2.4180	1
2.4181	1
2.4181	1
2.4182	1
2.4184	-1
2.4184	-1
2.4184	-1
2.4184	-1
2.4184	-1
2.4184	-1
2.4186	-1
2.4187	-1
2.4187	-1
2.4187	-1
2.4187	-1
2.4187	-1
2.4194	-2
2.4196	-1
2.4196	-1
2.4196	-1
2.4196	-1
2.4196	-1
2.4196	-1
2.4198	-1
2.4198	-1
2.4198	-1
2.4198	-1
2.4198	-1
2.4198	-1
2.4200	-1
2.4200	-1
2.4200	-1
2.4200	-1
2.4200	-1
2.4200	-1
2.4202	-1
2.4202	-1
2.4202	-1
2.4202	-1
2.4202	-1
2.4202	-1
2.4204	-1
2.4204	-1
2.4204	-1
2.4204	-1
2.4204	-1
2.4204	-1
2.4205	-1
2.4205	-1
2.4206	-1
2.4206	-1
2.4206	-1
2.4206	-1
2.4207	1
2.4208	1
2.4208	1
2.4209	1
2.4221	1
2.4221	1
2.4222	1
2.4222	1
2.4223	1
2.4224	-1
2.4224	-1
2.4224	-1
2.4224	-1
2.4224	-1
2.4224	-1
2.4226	-1
2.4226	-1
2.4226	-1
2.4226	-1
2.4226	-1
2.4226	-1
2.4231	-1
2.4231	-1
2.4231	-1
2.4231	-1
2.4231	-1
2.4231	-1
2.4233	-1
2.4233	-1
2.4233	-1
2.4233	-1
2.4233	-1
2.4233	-1
2.4235	-1
2.4235	-1
2.4235	-1
2.4235	-1
2.4235	-1
2.4235	-1
2.4237	-1
2.4237	-1
2.4237	-1
2.4237	-1
2.4237	-1
2.4237	-1
2.4238	-1
2.4239	-1
2.4239	-1
2.4239	-1
2.4239	-1
2.4239	-1
2.4240	-1
2.4240	-1
2.4240	-1
2.4240	-1
2.4240	-1
2.4241	-1
2.4242	-1
2.4242	-1
2.4242	-1
2.4242	-1
2.4242	-1
2.4242	-1
2.4244	-1
2.4244	-1
2.4244	-1
2.4244	-1
2.4244	-1
2.4244	-1
2.4246	-1
2.4246	-1
2.4246	-1
2.4246	-1
2.4246	-1
2.4246	-1
2.4263	-1
2.4264	-1
2.4264	-1
2.4264	-1
2.4264	-1
2.4264	-1
2.4265	-1
2.4266	-1
2.4266	-1
2.4266	-1
2.4266	-1
2.4266	-1
2.4277	-1
2.4277	-1
2.4277	-1
2.4278	-1
2.4278	-1
2.4278	-1
2.4279	-1
2.4279	-1
2.4279	-1
2.4280	-1
2.4280	-1
2.4280	-1
2.4281	-1
2.4281	-1
2.4281	-1
2.4281	-1
2.4281	-1
2.4281	-1
2.4283	-1
2.4283	-1
2.4283	-1
2.4283	-1
2.4283	-1
2.4283	-1
2.4285	-1
2.4285	-1
2.4285	-1
2.4285	-1
2.4285	-1
2.4285	-1
2.4286	-1
2.4286	-1
2.4286	-1
2.4286	-1
2.4286	-1
2.4286	-1
2.4288	-1
2.4288	-1
2.4288	-1
2.4288	-1
2.4288	-1
2.4288	-1
2.4289	-1
2.4289	-1
2.4289	-1
2.4289	-1
2.4289	-1
2.4289	-1
2.4302	-1
2.4302	-1
2.4302	-1
2.4302	-1
2.4302	-1
2.4302	-1
2.4303	-1
2.4303	-1
2.4303	-1
2.4303	-1
2.4303	-1
2.4303	-1
2.4305	-1
2.4305	-1
2.4305	-1
2.4305	-1
2.4305	-1
2.4305	-1
2.4305	-1
2.4330	2
2.4406	-2
2.4422	-2
2.4457	1
2.4476	-1
2.4483	1
2.4483	1
2.4491	-1
2.4491	-1
2.4491	-1
2.4491	-1
2.4491	-1
2.4491	-1
2.4493	-1
2.4493	-1
2.4493	-1
2.4493	-1
2.4493	-1
2.4493	-1
2.4497	1
2.4499	1
2.4505	-1
2.4505	-1
2.4505	-1
2.4505	-1
2.4505	-1
2.4505	-1
2.4506	-1
2.4546	-2
2.4635	1
2.4656	-1
2.4660	1
2.4661	1
2.4677	-1
2.4677	-1
2.4677	-1
2.4677	-1
2.4677	-1
2.4677	-1
2.4678	-1
2.4678	-1
2.4678	-1
2.4678	-1
2.4678	-1
2.4678	-1
2.4682	1
2.4683	1
2.4683	1
2.4684	1
2.4707	-1
2.4707	-1
2.4707	-1
2.4707	-1
2.4707	-1
2.4707	-1
2.4713	-1
2.4713	-1
2.4713	-1
2.4713	-1
2.4713	-1
2.4713	-1
2.4714	-1
2.4714	-1
2.4714	-1
2.4714	-1
2.4714	-1
2.4714	-1
2.4715	-1
2.4715	-1
2.4715	-1
2.4715	-1
2.4715	-1
2.4715	-1
2.4719	1
2.4719	1
2.4720	1
2.4721	1
2.4721	1
2.4722	1
2.4722	1
2.4723	1
2.4745	-1
2.4745	-1
2.4745	-1
2.4745	-1
2.4745	-1
2.4745	-1
2.4751	-1
2.4751	-1
2.4751	-1
2.4751	-1
2.4751	-1
2.4751	-1
2.4762	1
2.4762	1
2.4767	-1
2.4767	-1
2.4767	-1
2.4768	-1
2.4768	-1
2.4768	-1
2.4769	-1
2.4769	-1
2.4769	-1
2.4770	-1
2.4770	-1
2.4770	-1
2.4771	-1
2.4771	-1
2.4771	-1
2.4771	-1
2.4771	-1
2.4771	-1
2.4772	-1
2.4772	-1
2.4772	-1
2.4772	-1
2.4772	-1
2.4772	-1
2.4773	-1
2.4774	-1
2.4774	-1
2.4774	-1
2.4774	-1
2.4774	-1
2.4775	-1
2.4775	-1
2.4775	-1
2.4775	-1
2.4775	-1
2.4775	-1
2.4793	-1
2.4793	-1
2.4793	-1
2.4794	-1
2.4794	-1
2.4794	-1
2.4795	-1
2.4831	-2
2.4866	-2
2.4916	2
2.4930	1
2.4952	-1
2.4957	1
2.4957	1
2.4975	-1
2.4975	-1
2.4975	-1
2.4975	-1
2.4975	-1
2.4975	-1
2.4977	-1
2.4977	-1
2.4977	-1
2.4977	-1
2.4977	-1
2.4977	-1
2.4981	1
2.4982	1
2.4983	1
2.4992	-2
2.5000	-1
2.5000	-1
2.5000	-1
2.5000	-1
2.5000	-1
2.5000	-1
2.5001	-1
2.5001	-1
2.5001	-1
2.5001	-1
2.5001	-1
2.5001	-1
2.5002	-1
2.5002	-1
2.5023	2
2.5152	1
2.5171	-1
2.5176	1
2.5177	1
2.5185	-1
2.5185	-1
2.5185	-1
2.5185	-1
2.5185	-1
2.5185	-1
2.5187	-1
2.5187	-1
2.5187	-1
2.5187	-1
2.5187	-1
2.5187	-1
2.5191	1
2.5192	1
2.5192	1
2.5193	1
2.5201	-1
2.5201	-1
2.5201	-1
2.5201	-1
2.5201	-1
2.5201	-1
2.5202	-1
2.5202	-1
2.5202	-1
2.5202	-1
2.5202	-1
2.5202	-1
2.5207	-1
2.5207	-1
2.5207	-1
2.5207	-1
2.5207	-1
2.5207	-1
2.5209	1
2.5210	-1
2.5210	-1
2.5210	-1
2.5211	-1
2.5211	-1
2.5211	-1
2.5211	1
2.5212	1
2.5212	1
2.5213	1
2.5213	1
2.5217	1
2.5218	1
2.5219	-1
2.5219	-1
2.5219	-1
2.5219	-1
2.5219	-1
2.5219	-1
2.5237	-1
2.5237	-1
2.5237	-1
2.5237	-1
2.5237	-1
2.5237	-1
2.5238	1
2.5238	1
2.5238	-1
2.5238	-1
2.5238	-1
2.5238	-1
2.5238	-1
2.5238	-1
2.5240	-1
2.5240	-1
2.5240	-1
2.5240	-1
2.5240	-1
2.5240	-1
2.5242	-1
2.5242	-1
2.5242	-1
2.5242	-1
2.5242	-1
2.5242	-1
2.5243	1
2.5244	1
2.5244	-1
2.5244	-1
2.5244	-1
2.5244	-1
2.5244	-1
2.5244	-1
2.5245	-1
2.5245	-1
2.5245	-1
2.5245	-1
2.5245	-1
2.5245	-1
2.5247	-1
2.5247	-1
2.5247	-1
2.5248	-1
2.5248	-1
2.5248	-1
2.5256	-1
2.5257	-1
2.5257	-1
2.5257	-1
2.5257	-1
2.5257	-1
2.5258	1
2.5258	1
2.5259	1
2.5259	1
2.5260	1
2.5260	1
2.5261	1
2.5261	1
2.5261	1
2.5262	1
2.5262	1
2.5262	-1
2.5262	-1
2.5262	-1
2.5262	-1
2.5263	-1
2.5263	-1
2.5263	1
2.5269	1
2.5271	1
2.5272	1
2.5273	1
2.5278	-1
2.5278	-1
2.5278	-1
2.5278	-1
2.5278	-1
2.5278	-1
2.5280	-1
2.5280	-1
2.5280	-1
2.5280	-1
2.5280	-1
2.5280	-1
2.5280	-2
2.5288	1
2.5288	1
2.5291	1
2.5291	1
2.5308	-1
2.5308	-1
2.5308	-1
2.5309	-1
2.5309	-1
2.5309	-1
2.5310	-1
2.5310	-1
2.5310	-1
2.5310	-1
2.5310	-1
2.5310	-1
2.5312	-1
2.5312	-1
2.5312	-1
2.5312	-1
2.5312	-1
2.5312	-1
2.5313	-1
2.5313	-1
2.5313	-1
2.5313	-1
2.5313	-1
2.5313	-1
2.5315	-1
2.5315	-1
2.5315	-1
2.5315	-1
2.5315	-1
2.5315	-1
2.5333	-1
2.5333	-1
2.5334	-1
2.5334	-1
2.5334	-1
2.5334	-1
2.5335	-1
2.5335	-1
2.5335	-1
2.5335	-1
2.5335	-1
2.5335	-1
2.5340	1
2.5341	1
2.5341	1
2.5342	1
2.5342	1
2.5343	-1
2.5343	1
2.5343	-1
2.5343	-1
2.5343	-1
2.5343	-1
2.5343	-1
2.5343	1
2.5344	1
2.5344	1
2.5344	-1
2.5344	-1
2.5344	-1
2.5344	-1
2.5344	-1
2.5344	-1
2.5345	1
2.5345	1
2.5345	1
2.5346	1
2.5346	1
2.5347	-1
2.5347	-1
2.5347	-1
2.5347	-1
2.5347	-1
2.5347	-1
2.5348	-1
2.5348	-1
2.5348	-1
2.5349	-1
2.5349	-1
2.5349	-1
2.5353	1
2.5353	1
2.5353	1
2.5354	1
2.5354	1
2.5354	1
2.5355	1
2.5355	1
2.5359	-1
2.5359	-1
2.5359	-1
2.5359	-1
2.5359	-1
2.5359	-1
2.5361	-1
2.5361	-1
2.5361	-1
2.5361	-1
2.5361	-1
2.5361	-1
2.5363	-1
2.5364	-1
2.5364	-1
2.5364	-1
2.5364	-1
2.5364	-1
2.5366	-1
2.5366	-1
2.5366	-1
2.5366	-1
2.5366	-1
2.5366	-1
2.5368	-1
2.5368	-1
2.5368	-1
2.5368	-1
2.5368	-1
2.5368	-1
2.5370	-1
2.5370	-1
2.5371	-1
2.5371	-1
2.5371	-1
2.5371	-1
2.5373	-1
2.5373	-1
2.5373	-1
2.5373	-1
2.5373	-1
2.5373	-1
2.5375	-1
2.5375	-1
2.5375	-1
2.5375	-1
2.5375	-1
2.5375	-1
2.5379	-1
2.5379	-1
2.5379	-1
2.5379	-1
2.5379	-1
2.5379	-1
2.5381	-1
2.5381	-1
2.5381	-1
2.5381	-1
2.5381	-1
2.5381	-1
2.5384	-1
2.5384	-1
2.5384	-1
2.5384	-1
2.5384	-1
2.5384	-1
2.5387	-1
2.5387	-1
2.5387	-1
2.5387	-1
2.5387	-1
2.5387	-1
2.5389	-1
2.5389	-1
2.5389	-1
2.5389	-1
2.5389	-1
2.5389	-1
2.5416	1
2.5417	1
2.5417	1
2.5418	1
2.5418	1
2.5418	1
2.5419	-1
2.5419	-1
2.5419	-1
2.5419	1
2.5419	-1
2.5419	-1
2.5419	-1
2.5419	1
2.5420	1
2.5420	1
2.5420	-1
2.5420	-1
2.5420	-1
2.5420	-1
2.5420	-1
2.5420	-1
2.5421	1
2.5421	1
2.5423	-1
2.5423	-1
2.5423	-1
2.5423	-1
2.5423	-1
2.5423	-1
2.5425	-1
2.5425	-1
2.5425	-1
2.5425	-1
2.5425	-1
2.5425	-1
2.5427	-1
2.5427	-1
2.5427	-1
2.5427	-1
2.5427	-1
2.5428	-1
2.5429	-1
2.5429	-1
2.5429	-1
2.5429	-1
2.5429	-1
2.5429	-1
2.5432	-1
2.5432	-1
2.5432	-1
2.5432	-1
2.5432	-1
2.5432	-1
2.5434	-1
2.5434	-1
2.5434	-1
2.5434	-1
2.5434	-1
2.5434	-1
2.5436	-1
2.5436	-1
2.5436	-1
2.5436	-1
2.5436	-1
2.5436	-1
2.5439	-1
2.5439	-1
2.5439	-1
2.5439	-1
2.5439	-1
2.5439	-1
2.5441	-1
2.5441	-1
2.5441	-1
2.5441	-1
2.5441	-1
2.5441	-1
2.5443	-1
2.5443	-1
2.5443	-1
2.5443	-1
2.5443	-1
2.5443	-1
2.5448	1
2.5448	1
2.5449	1
2.5449	1
2.5450	1
2.5450	1
2.5450	1
2.5451	1
2.5451	1
2.5465	-1
2.5465	-1
2.5465	-1
2.5465	-1
2.5465	-1
2.5465	-1
2.5467	-1
2.5467	-1
2.5467	-1
2.5467	-1
2.5467	-1
2.5468	-1
2.5486	-1
2.5487	-1
2.5487	-1
2.5487	-1
2.5487	-1
2.5487	-1
2.5490	-1
2.5490	-1
2.5490	-1
2.5491	-1
2.5491	-1
2.5491	-1
2.5492	-1
2.5492	-1
2.5492	-1
2.5492	-1
2.5492	-1
2.5492	-1
2.5499	-1
2.5500	-1
2.5500	-1
2.5500	-1
2.5500	-1
2.5500	-1
2.5501	-1
2.5501	-1
2.5501	-1
2.5501	-1
2.5501	-1
2.5501	-1
2.5507	-1
2.5507	-1
2.5507	-1
2.5507	-1
2.5507	-1
2.5507	-1
2.5508	-1
2.5508	-1
2.5508	-1
2.5508	-1
2.5508	-1
2.5509	-1
2.5517	-1
2.5517	-1
2.5517	-1
2.5517	-1
2.5517	-1
2.5517	-1
2.5518	-1
2.5519	-1
2.5519	-1
2.5519	-1
2.5519	-1
2.5519	-1
2.5522	-1
2.5522	-1
2.5522	-1
2.5522	-1
2.5522	-1
2.5522	-1
2.5523	-1
2.5523	-1
2.5523	-1
2.5523	-1
2.5523	-1
2.5523	-1
2.5528	-1
2.5528	-1
2.5528	-1
2.5528	-1
2.5528	-1
2.5528	-1
2.5529	-1
2.5529	-1
2.5529	-1
2.5529	-1
2.5529	-1
2.5529	-1
2.5530	-1
2.5530	-1
2.5530	-1
2.5531	-1
2.5531	-1
2.5531	-1
2.5532	-1
2.5532	-1
2.5532	-1
2.5532	-1
2.5532	-1
2.5532	-1
2.5534	-1
2.5534	-1
2.5534	-1
2.5534	-1
2.5534	-1
2.5534	-1
2.5535	-1
2.5535	-1
2.5535	-1
2.5535	-1
2.5535	-1
2.5535	-1
2.5537	-1
2.5537	-1
2.5537	-1
2.5537	-1
2.5537	-1
2.5537	-1
2.5547	-1
2.5547	-1
2.5547	-1
2.5547	-1
2.5547	-1
2.5547	-1
2.5549	-1
2.5549	-1
2.5549	-1
2.5549	-1
2.5549	-1
2.5549	-1
2.5550	-1
2.5550	-1
2.5550	-1
2.5550	-1
2.5551	-1
2.5551	-1
2.5552	-1
2.5552	-1
2.5552	-1
2.5552	-1
2.5552	-1
2.5552	-1
2.5553	-1
2.5553	-1
2.5553	-1
2.5577	2
2.5611	-2
2.5764	2
2.5870	2
2.5932	-2
2.6021	-2
2.6084	-2
2.6119	-2
2.6325	-2
2.6342	-2
2.6363	-2
2.6364	-2
2.6413	-2
2.6434	-2
2.6516	-2
2.6529	2
2.6567	-2
2.6577	2
2.6617	-2
2.6651	-2
2.6684	-2
2.6691	-2
2.6821	-2
2.6891	2
2.6917	-2
2.6920	-2
2.6947	-2
2.7193	2
2.7278	-2
2.7442	1
2.7443	1
2.7452	-1
2.7453	-1
2.7453	-1
2.7453	-1
2.7453	-1
2.7453	-1
2.7454	-1
2.7454	-1
2.7454	-1
2.7454	-1
2.7454	-1
2.7454	-1
2.7456	-2
2.7456	-2
2.7595	1
2.7615	-1
2.7621	1
2.7621	1
2.7642	-1
2.7642	-1
2.7642	-1
2.7642	-1
2.7642	-1
2.7642	-1
2.7643	-1
2.7643	-1
2.7644	-1
2.7644	-1
2.7644	-1
2.7644	-1
2.7649	1
2.7649	1
2.7650	1
2.7651	-2
2.7667	-1
2.7667	-1
2.7667	-1
2.7667	-1
2.7667	-1
2.7667	-1
2.7668	-1
2.7668	-1
2.7668	-1
2.7668	-1
2.7669	-1
2.7669	-1
2.7669	-1
2.7670	-1
2.7670	-1
2.7670	-1
2.7720	-2
2.7732	-2
2.7806	1
2.7828	-1
2.7831	2
2.7832	1
2.7833	1
2.7853	-1
2.7853	-1
2.7853	-1
2.7853	-1
2.7853	-1
2.7853	-1
2.7854	-1
2.7854	-1
2.7854	-1
2.7854	-1
2.7854	-1
2.7854	-1
2.7860	1
2.7861	1
2.7861	1
2.7881	-1
2.7881	-1
2.7881	-1
2.7881	-1
2.7881	-1
2.7881	-1
2.7882	-1
2.7882	-1
2.7882	-1
2.7882	-1
2.7882	-1
2.7883	-1
2.7884	-1
2.7884	-1
2.7884	-1
2.7884	-1
2.8026	1
2.8046	-1
2.8051	1
2.8052	1
2.8064	-1
2.8068	-1
2.8155	-2
2.8160	-2
2.8170	2
2.8209	1
2.8232	-1
2.8237	1
2.8238	1
2.8248	-1
2.8266	-2
2.8278	-1
2.8285	-2
2.8287	-2
2.8302	2
2.8336	-2
2.8348	-2
2.8392	1
2.8412	-1
2.8417	1
2.8418	1
2.8435	-1
2.8435	-1
2.8440	-2
2.8539	-2
2.8590	1
2.8611	-1
2.8616	1
2.8617	1
2.8627	-1
2.8632	-1
2.8740	-2
2.8749	-2
2.8765	1
2.8785	-1
2.8790	1
2.8791	1
2.8807	-1
2.8808	-1
2.8848	2
2.8905	-2
2.8945	1
2.8964	-1
2.8968	1
2.8969	1
2.8976	-1
2.8983	-1
2.8992	-2
2.9012	-2
2.9095	2
2.9109	1
2.9129	-1
2.9133	1
2.9134	1
2.9148	-1
2.9149	-1
2.9261	-2
2.9283	1
2.9304	-1
2.9309	1
2.9310	1
2.9324	-1
2.9325	-1
2.9346	-2
2.9455	1
2.9475	-1
2.9480	1
2.9480	1
2.9489	-1
2.9489	-1
2.9489	-1
2.9489	-1
2.9489	-1
2.9489	-1
2.9490	-1
2.9490	-1
2.9490	-1
2.9490	-1
2.9490	-1
2.9490	-1
2.9495	1
2.9496	1
2.9497	1
2.9497	1
2.9504	-1
2.9505	-1
2.9505	-1
2.9505	-1
2.9505	-1
2.9505	-1
2.9506	-1
2.9506	-1
2.9506	-1
2.9506	-1
2.9506	-1
2.9506	-1
2.9507	-1
2.9508	-1
2.9508	-1
2.9508	-1
2.9508	-1
2.9508	-1
2.9513	1
2.9513	1
2.9514	1
2.9514	2
2.9514	1
2.9515	1
2.9515	-1
2.9515	-1
2.9515	-1
2.9515	-1
2.9515	-1
2.9515	-1
2.9515	1
2.9533	1
2.9533	-1
2.9533	-1
2.9533	-1
2.9533	-1
2.9533	-1
2.9533	-1
2.9533	1
2.9534	-1
2.9534	-1
2.9534	-1
2.9534	-1
2.9534	-1
2.9534	-1
2.9536	-1
2.9536	-1
2.9536	-1
2.9536	-1
2.9536	-1
2.9536	-1
2.9538	-1
2.9538	-1
2.9538	-1
2.9538	-1
2.9538	-1
2.9538	-1
2.9539	-1
2.9539	-1
2.9539	-1
2.9539	-1
2.9539	-1
2.9539	-1
2.9541	-1
2.9541	-1
2.9541	-1
2.9541	-1
2.9541	-1
2.9541	-1
2.9543	1
2.9544	1
2.9545	1
2.9545	1
2.9546	1
2.9555	-1
2.9555	-1
2.9555	-1
2.9555	-1
2.9555	-1
2.9555	-1
2.9557	-1
2.9557	-1
2.9557	-1
2.9557	-1
2.9557	-1
2.9557	-1
2.9558	1
2.9559	1
2.9559	1
2.9559	1
2.9560	1
2.9560	1
2.9560	1
2.9568	-1
2.9568	-1
2.9568	-1
2.9568	-1
2.9568	-1
2.9568	-1
2.9569	-1
2.9569	-1
2.9570	-1
2.9570	-1
2.9570	-1
2.9570	-1
2.9571	-1
2.9571	-1
2.9571	-1
2.9571	-1
2.9571	-1
2.9571	-1
2.9572	-1
2.9572	-1
2.9572	-1
2.9572	-1
2.9572	-1
2.9572	-1
2.9573	1
2.9574	1
2.9574	1
2.9575	1
2.9586	-1
2.9586	-1
2.9586	-1
2.9586	-1
2.9586	-1
2.9586	-1
2.9595	-1
2.9595	-1
2.9596	-1
2.9596	-1
2.9596	-1
2.9596	-1
2.9597	-1
2.9597	-1
2.9597	-1
2.9597	-1
2.9597	-1
2.9597	-1
2.9598	-1
2.9598	-1
2.9598	-1
2.9598	-1
2.9598	-1
2.9598	-1
2.9599	-1
2.9600	-1
2.9600	-1
2.9600	-1
2.9600	-1
2.9600	-1
2.9601	-1
2.9601	-1
2.9601	-1
2.9601	-1
2.9601	-1
2.9601	-1
2.9602	-1
2.9602	-1
2.9602	-1
2.9602	-1
2.9602	-1
2.9602	-1
2.9603	-1
2.9603	-1
2.9603	-1
2.9604	-1
2.9604	-1
2.9604	-1
2.9605	1
2.9605	1
2.9606	1
2.9606	1
2.9606	1
2.9607	1
2.9618	-1
2.9618	-1
2.9618	-1
2.9618	-1
2.9618	-1
2.9618	-1
2.9620	-1
2.9620	-1
2.9620	-1
2.9620	-1
2.9620	-1
2.9620	-1
2.9622	-1
2.9622	-1
2.9622	-1
2.9622	-1
2.9622	-1
2.9622	-1
2.9624	-1
2.9624	-1
2.9624	-1
2.9624	-1
2.9624	-1
2.9624	-1
2.9626	2
2.9639	-1
2.9639	-1
2.9639	-1
2.9639	-1
2.9639	-1
2.9639	-1
2.9640	-1
2.9640	-1
2.9640	-1
2.9640	-1
2.9640	-1
2.9640	-1
2.9641	-1
2.9641	-1
2.9641	-1
2.9641	-1
2.9641	-1
2.9641	-1
2.9643	-1
2.9643	-1
2.9643	-1
2.9643	-1
2.9643	-1
2.9643	-1
2.9644	-1
2.9644	-1
2.9644	-1
2.9644	-1
2.9644	-1
2.9644	-1
2.9645	-1
2.9645	-1
2.9645	-1
2.9645	-1
2.9789	1
2.9809	-1
2.9814	1
2.9815	1
2.9825	-1
2.9825	-1
2.9825	-1
2.9825	-1
2.9825	-1
2.9825	-1
2.9827	-1
2.9827	-1
2.9827	-1
2.9827	-1
2.9827	-1
2.9928	-2
2.9934	-2
2.9961	1
2.9985	-1
2.9989	1
2.9990	1
3.0004	-1
3.0005	-1
3.0047	2
3.0144	1
3.0165	-1
3.0170	1
3.0171	1
3.0185	-1
3.0186	-1
3.0329	1
3.0349	-1
3.0353	1
3.0354	1
3.0373	-1
3.0373	-1
3.0373	-1
3.0373	-1
3.0373	-1
3.0373	-1
3.0374	-1
3.0374	-1
3.0374	-1
3.0374	-1
3.0374	-1
3.0374	-1
3.0380	1
3.0382	2
3.0394	-1
3.0394	-1
3.0394	-1
3.0492	-2
3.0540	1
3.0564	-1
3.0569	1
3.0570	1
3.0591	-1
3.0591	-1
3.0591	-1
3.0591	-1
3.0591	-1
3.0591	-1
3.0593	-1
3.0593	-1
3.0593	-1
3.0593	-1
3.0593	-1
3.0593	-1
3.0599	1
3.0600	1
3.0600	1
3.0600	1
3.0622	-1
3.0622	-1
3.0622	-1
3.0622	-1
3.0622	-1
3.0622	-1
3.0629	-1
3.0629	-1
3.0629	-1
3.0629	-1
3.0629	-1
3.0629	-1
3.0630	-1
3.0630	-1
3.0630	-1
3.0630	-1
3.0630	-1
3.0630	-1
3.0631	-1
3.0631	-1
3.0631	-1
3.0631	-1
3.0631	-1
3.0631	-1
3.0632	1
3.0632	1
3.0638	1
3.0638	1
3.0638	1
3.0639	1
3.0647	1
3.0648	1
3.0676	-1
3.0676	-1
3.0676	-1
3.0676	-1
3.0676	-1
3.0676	-1
3.0688	1
3.0688	1
3.0690	-1
3.0691	-1
3.0691	-1
3.0691	-1
3.0691	-1
3.0691	-1
3.0693	-1
3.0693	-1
3.0693	-1
3.0693	-1
3.0693	-1
3.0693	-1
3.0695	-1
3.0695	-1
3.0695	-1
3.0695	-1
3.0695	-1
3.0695	-1
3.0697	-1
3.0697	-1
3.0697	-1
3.0697	-1
3.0697	-1
3.0697	-1
3.0698	-1
3.0698	-1
3.0698	-1
3.0698	-1
3.0698	-1
3.0698	-1
3.0700	-1
3.0700	-1
3.0700	-1
3.0700	-1
3.0700	-1
3.0700	-1
3.0701	-1
3.0701	-1
3.0701	-1
3.0701	-1
3.0702	-1
3.0702	-1
3.0705	1
3.0705	1
3.0705	1
3.0707	-2
3.0707	1
3.0719	-1
3.0719	-1
3.0719	-1
3.0719	-1
3.0719	-1
3.0719	-1
3.0719	1
3.0720	1
3.0720	1
3.0720	1
3.0721	1
3.0721	1
3.0722	1
3.0722	1
3.0723	1
3.0723	1
3.0726	1
3.0727	1
3.0729	-2
3.0735	-1
3.0735	-1
3.0735	-1
3.0735	-1
3.0735	-1
3.0735	-1
3.0747	1
3.0748	1
3.0770	-1
3.0770	-1
3.0770	-1
3.0770	-1
3.0770	-1
3.0770	-1
3.0776	1
3.0777	1
3.0790	-2
3.0793	-1
3.0793	-1
3.0793	-1
3.0793	-1
3.0793	-1
3.0793	-1
3.0796	-1
3.0796	-1
3.0796	-1
3.0796	-1
3.0796	-1
3.0796	-1
3.0798	-1
3.0798	-1
3.0798	-1
3.0798	-1
3.0798	-1
3.0798	-1
3.0800	-1
3.0800	-1
3.0800	-1
3.0800	-1
3.0800	-1
3.0800	-1
3.0801	-1
3.0801	-1
3.0801	-1
3.0801	-1
3.0801	-1
3.0802	-1
3.0811	1
3.0813	-2
3.0841	-1
3.0841	-1
3.0841	-1
3.0842	-1
3.0842	-1
3.0842	-1
3.0843	-1
3.0843	-1
3.0843	-1
3.0843	-1
3.0843	-1
3.0843	-1
3.0846	-1
3.0846	-1
3.0846	-1
3.0846	-1
3.0846	-1
3.0846	-1
3.0855	-1
3.0855	-1
3.0855	-1
3.0855	-1
3.0855	-1
3.0856	-1
3.0857	-1
3.0857	-1
3.0857	-1
3.0857	-1
3.0857	-1
3.0857	-1
3.0858	-1
3.0858	-1
3.0858	-1
3.0858	-1
3.0858	-1
3.0858	-1
3.0860	-1
3.0860	-1
3.0860	-1
3.0860	-1
3.0860	-1
3.0860	-1
3.0861	-1
3.0861	-1
3.0861	-1
3.0861	-1
3.0861	-1
3.0861	-1
3.0863	-1
3.0863	-1
3.0863	-1
3.0863	-1
3.0863	-1
3.0863	-1
3.0864	-1
3.0864	-1
3.0864	-1
3.0864	-1
3.0864	-1
3.0864	-1
3.0865	-1
3.0865	-1
3.0865	-1
3.0865	-1
3.0865	-1
3.0865	-1
3.0871	-1
3.0871	-1
3.0871	-1
3.0871	-1
3.0871	-1
3.0871	-1
3.0873	-1
3.0873	-1
3.0873	-1
3.0873	-1
3.0873	-1
3.0873	-1
3.0874	-1
3.0874	-1
3.0874	-1
3.0874	-1
3.0874	-1
3.0874	-1
3.0875	-1
3.0875	-1
3.0875	-1
3.0937	-2
3.1021	-2
3.1031	1
3.1050	-1
3.1054	1
3.1055	1
3.1069	-1
3.1070	-1
3.1215	1
3.1238	-1
3.1242	1
3.1243	1
3.1258	-1
3.1259	-1
3.1303	2
3.1397	1
3.1419	-1
3.1423	1
3.1424	1
3.1442	-1
3.1443	-1
3.1485	-2
3.1492	2
3.1577	1
3.1595	-2
3.1597	-1
3.1604	1
3.1604	1
3.1623	-1
3.1624	-1
3.1638	-2
3.1698	2
3.1752	1
3.1773	-1
3.1778	1
3.1779	1
3.1795	-1
3.1795	-1
3.1897	-2
3.1942	1
3.1963	-1
3.1967	-2
3.1967	1
3.1968	1
3.1983	-1
3.1984	-1
3.1993	2
3.2057	-2
3.2107	-2
3.2127	1
3.2146	-1
3.2150	1
3.2151	1
3.2166	-1
3.2167	-1
3.2191	-2
3.2220	-2
3.2224	2
3.2238	2
3.2299	1
3.2318	-1
3.2322	1
3.2323	1
3.2330	-2
3.2340	-1
3.2340	-1
3.2340	-1
3.2340	-1
3.2340	-1
3.2340	-1
3.2342	-1
3.2342	-1
3.2342	-1
3.2342	-1
3.2342	-1
3.2342	-1
3.2346	1
3.2346	1
3.2347	1
3.2347	1
3.2364	-1
3.2365	-1
3.2365	-1
3.2365	-1
3.2365	-1
3.2365	-1
3.2370	1
3.2370	1
3.2371	-1
3.2371	-1
3.2371	-1
3.2371	-1
3.2371	-1
3.2371	-1
3.2375	1
3.2376	1
3.2378	-1
3.2378	-1
3.2378	-1
3.2378	-1
3.2378	-1
3.2378	-1
3.2380	-1
3.2380	-1
3.2380	-1
3.2380	-1
3.2380	-1
3.2380	-1
3.2385	1
3.2386	1
3.2388	1
3.2391	1
3.2422	-1
3.2422	-1
3.2422	-1
3.2422	-1
3.2422	-1
3.2422	-1
3.2423	-1
3.2424	-1
3.2424	-1
3.2424	-1
3.2424	-1
3.2424	-1
3.2425	-1
3.2425	-1
3.2425	-1
3.2425	-1
3.2425	-1
3.2425	-1
3.2426	-1
3.2426	-1
3.2427	-1
3.2427	-1
3.2427	-1
3.2427	-1
3.2428	-1
3.2428	-1
3.2428	-1
3.2428	-1
3.2428	-1
3.2428	-1
3.2429	-1
3.2429	-1
3.2429	-1
3.2429	-1
3.2429	-1
3.2429	-1
3.2430	-1
3.2431	-1
3.2431	-1
3.2431	-1
3.2431	-1
3.2431	-1
3.2433	1
3.2434	1
3.2439	-1
3.2439	-1
3.2439	-1
3.2439	-1
3.2439	-1
3.2439	-1
3.2454	-1
3.2454	-1
3.2454	-1
3.2454	-1
3.2455	-1
3.2455	-1
3.2455	-1
3.2456	-1
3.2456	-1
3.2485	-2
3.2602	1
3.2624	-1
3.2629	1
3.2630	1
3.2640	-1
3.2640	-1
3.2640	-1
3.2640	-1
3.2640	-1
3.2640	-1
3.2641	-1
3.2641	-1
3.2641	-1
3.2641	-1
3.2641	-1
3.2641	-1
3.2647	1
3.2647	1
3.2648	1
3.2648	1
3.2659	-1
3.2659	-1
3.2659	-1
3.2659	-1
3.2659	-1
3.2659	-1
3.2661	-1
3.2661	-1
3.2661	-1
3.2661	-1
3.2661	-1
3.2661	-1
3.2662	-1
3.2662	-1
3.2662	-1
3.2662	-1
3.2662	-1
3.2662	-1
3.2663	-1
3.2663	-1
3.2663	-1
3.2664	-1
3.2664	-1
3.2664	-1
3.2666	1
3.2667	1
3.2668	1
3.2669	1
3.2670	1
3.2670	1
3.2671	1
3.2671	1
3.2679	-1
3.2679	-1
3.2679	-1
3.2679	-1
3.2679	-1
3.2680	-1
3.2691	-2
3.2692	1
3.2693	-1
3.2693	-1
3.2693	-1
3.2693	-1
3.2693	-1
3.2693	-1
3.2693	1
3.2694	-1
3.2694	-1
3.2694	-1
3.2694	-1
3.2694	-1
3.2694	-1
3.2697	-1
3.2697	-1
3.2697	-1
3.2697	-1
3.2697	-1
3.2697	-1
3.2699	-1
3.2699	-1
3.2699	-1
3.2699	-1
3.2699	-1
3.2699	-1
3.2701	-1
3.2701	-1
3.2701	-1
3.2701	-1
3.2701	-1
3.2701	-1
3.2701	-2
3.2702	-1
3.2702	-1
3.2702	-1
3.2702	-1
3.2703	-1
3.2703	-1
3.2704	-1
3.2704	-1
3.2704	-1
3.2704	-1
3.2704	-1
3.2704	-1
3.2706	1
3.2706	1
3.2707	1
3.2721	-1
3.2721	-1
3.2721	-1
3.2721	-1
3.2721	-1
3.2721	-1
3.2723	-1
3.2723	-1
3.2723	-1
3.2723	-1
3.2723	-1
3.2723	-1
3.2725	-1
3.2725	-1
3.2725	-1
3.2725	-1
3.2725	-1
3.2725	-1
3.2727	-1
3.2727	-1
3.2727	-1
3.2727	-1
3.2727	-1
3.2727	-1
3.2728	-1
3.2728	-1
3.2728	-1
3.2758	2
3.2864	1
3.2884	-1
3.2889	1
3.2889	1
3.2897	-1
3.2897	-1
3.2897	-1
3.2897	-1
3.2897	-1
3.2897	-1
3.2899	-1
3.2899	-1
3.2899	-1
3.2899	-1
3.2899	-1
3.2899	-1
3.2905	1
3.2906	1
3.2906	1
3.2907	1
3.2914	-1
3.2915	-1
3.2915	-1
3.2915	-1
3.2915	-1
3.2915	-1
3.2921	-1
3.2921	-1
3.2921	-1
3.2921	-1
3.2921	-1
3.2921	-1
3.2922	-1
3.2923	-1
3.2923	-1
3.2923	-1
3.2923	-1
3.2923	-1
3.2924	-1
3.2924	-1
3.2924	-1
3.2924	-1
3.2924	-1
3.2924	-1
3.2925	1
3.2926	1
3.2926	1
3.2927	1
3.2928	-2
3.2933	1
3.2934	1
3.2934	1
3.2935	1
3.2939	-1
3.2939	-1
3.2939	-1
3.2939	-1
3.2939	-1
3.2939	-1
3.2947	-1
3.2947	-1
3.2947	-1
3.2947	-1
3.2947	-1
3.2947	-1
3.2948	-1
3.2949	-1
3.2949	-1
3.2949	-1
3.2949	-1
3.2949	-1
3.2950	-1
3.2950	-1
3.2950	-1
3.2950	-1
3.2950	-1
3.2951	-1
3.2951	1
3.2952	-1
3.2952	1
3.2952	-1
3.2952	-1
3.2952	-1
3.2952	-1
3.2952	-1
3.2961	1
3.2961	1
3.2962	1
3.2962	1
3.2963	1
3.2963	1
3.2963	1
3.2964	1
3.2968	-1
3.2968	-1
3.2968	-1
3.2968	-1
3.2968	-1
3.2968	-1
3.2970	-1
3.2970	-1
3.2970	-1
3.2970	-1
3.2970	-1
3.2970	-1
3.2972	-1
3.2972	-1
3.2972	-1
3.2972	-1
3.2973	-1
3.2973	-1
3.2974	-1
3.2974	-1
3.2975	-1
3.2975	-1
3.2975	-1
3.2975	-1
3.2987	-1
3.2987	-1
3.2987	-1
3.2987	-1
3.2987	-1
3.2987	-1
3.2989	1
3.2992	-1
3.2992	-1
3.2992	-1
3.2992	-1
3.2992	-1
3.2992	-1
3.2995	1
3.2998	1
3.2998	1
3.2999	1
3.2999	1
3.3000	1
3.3000	1
3.3003	-1
3.3003	-1
3.3003	-1
3.3003	-1
3.3003	-1
3.3004	-1
3.3005	-1
3.3005	-1
3.3005	-1
3.3005	-1
3.3005	-1
3.3006	-1
3.3008	-1
3.3008	-1
3.3008	-1
3.3008	-1
3.3008	-1
3.3008	-1
3.3010	-1
3.3010	-1
3.3010	-1
3.3010	-1
3.3010	-1
3.3010	-1
3.3012	-1
3.3012	-1
3.3013	-1
3.3013	-1
3.3013	-1
3.3013	-1
3.3015	-1
3.3015	-1
3.3015	-1
3.3015	-1
3.3015	-1
3.3015	-1
3.3022	1
3.3022	1
3.3023	1
3.3023	1
3.3029	-2
3.3033	-1
3.3033	-1
3.3033	-1
3.3033	-1
3.3034	-1
3.3034	-1
3.3036	-1
3.3036	-1
3.3036	-1
3.3036	-1
3.3036	-1
3.3036	-1
3.3038	-1
3.3038	-1
3.3038	-1
3.3038	-1
3.3038	-1
3.3038	-1
3.3039	1
3.3039	1
3.3040	1
3.3040	-1
3.3040	-1
3.3040	-1
3.3040	-1
3.3040	-1
3.3040	-1
3.3040	1
3.3040	1
3.3041	1
3.3042	-1
3.3042	1
3.3042	-1
3.3042	-1
3.3042	-1
3.3042	-1
3.3042	-1
3.3042	1
3.3042	1
3.3043	1
3.3043	1
3.3043	-1
3.3043	-1
3.3043	-1
3.3044	-1
3.3044	-1
3.3044	-1
3.3044	1
3.3045	-2
3.3045	-1
3.3045	-1
3.3045	-1
3.3045	-1
3.3045	-1
3.3045	-1
3.3062	1
3.3063	1
3.3063	1
3.3063	1
3.3064	1
3.3064	1
3.3065	1
3.3065	1
3.3065	1
3.3066	1
3.3066	1
3.3067	1
3.3067	1
3.3067	1
3.3102	-1
3.3102	-1
3.3102	-1
3.3102	-1
3.3102	-1
3.3102	-1
3.3103	-1
3.3103	-1
3.3103	-1
3.3103	-1
3.3104	-1
3.3104	-1
3.3105	-1
3.3105	-1
3.3105	-1
3.3105	-1
3.3105	-1
3.3105	-1
3.3107	-1
3.3107	-1
3.3107	-1
3.3107	-1
3.3107	-1
3.3107	-1
3.3108	-1
3.3108	-1
3.3108	-1
3.3108	-1
3.3108	-1
3.3108	-1
3.3109	-1
3.3110	-1
3.3110	-1
3.3110	-1
3.3110	-1
3.3110	-1
3.3111	-1
3.3111	-1
3.3111	-1
3.3111	-1
3.3111	-1
3.3111	-1
3.3113	-1
3.3113	-1
3.3113	-1
3.3113	-1
3.3113	-1
3.3113	-1
3.3114	-1
3.3114	-1
3.3114	-1
3.3114	-1
3.3114	-1
3.3114	-1
3.3116	-1
3.3116	-1
3.3116	-1
3.3116	-1
3.3116	-1
3.3116	-1
3.3129	-2
3.3131	-1
3.3131	-1
3.3131	-1
3.3131	-1
3.3131	-1
3.3131	-1
3.3133	-1
3.3133	-1
3.3133	-1
3.3133	-1
3.3133	-1
3.3133	-1
3.3134	-1
3.3134	-1
3.3134	-1
3.3134	-1
3.3134	-1
3.3134	-1
3.3136	-1
3.3136	-1
3.3136	-1
3.3136	-1
3.3136	-1
3.3136	-1
3.3137	-1
3.3138	-1
3.3138	-1
3.3138	-1
3.3138	-1
3.3138	-1
3.3139	-1
3.3139	-1
3.3139	-1
3.3139	-1
3.3139	-1
3.3139	-1
3.3141	-1
3.3141	-1
3.3141	-1
3.3141	-1
3.3141	-1
3.3141	-1
3.3144	1
3.3146	1
3.3146	1
3.3147	1
3.3147	1
3.3147	1
3.3148	1
3.3150	1
3.3151	1
3.3151	1
3.3152	1
3.3152	1
3.3152	1
3.3153	1
3.3153	1
3.3154	1
3.3154	1
3.3155	1
3.3156	1
3.3156	1
3.3159	-1
3.3159	-1
3.3159	-1
3.3159	-1
3.3159	-1
3.3159	-1
3.3161	-1
3.3161	-1
3.3161	-1
3.3161	-1
3.3161	-1
3.3161	-1
3.3164	-1
3.3164	-1
3.3164	-1
3.3164	-1
3.3164	-1
3.3164	-1
3.3166	-1
3.3166	-1
3.3166	-1
3.3166	-1
3.3166	-1
3.3166	-1
3.3168	-1
3.3168	-1
3.3168	-1
3.3168	-1
3.3168	-1
3.3168	-1
3.3170	-2
3.3170	-1
3.3171	-1
3.3171	-1
3.3171	-1
3.3171	-1
3.3171	-1
3.3172	-1
3.3173	-1
3.3173	-1
3.3173	-1
3.3173	-1
3.3173	-1
3.3174	-1
3.3174	-1
3.3174	-1
3.3174	-1
3.3175	-1
3.3175	-1
3.3177	1
3.3178	1
3.3186	1
3.3186	1
3.3187	-1
3.3187	-1
3.3187	-1
3.3187	-1
3.3187	-1
3.3187	-1
3.3187	-2
3.3189	-1
3.3189	-1
3.3189	-1
3.3189	-1
3.3189	-1
3.3189	-1
3.3191	-1
3.3192	-1
3.3192	-1
3.3192	-1
3.3192	-1
3.3192	-1
3.3194	-1
3.3194	-1
3.3194	-1
3.3194	-1
3.3194	-1
3.3194	-1
3.3199	-1
3.3199	-1
3.3199	-1
3.3200	-1
3.3200	-1
3.3200	-1
3.3202	-1
3.3202	-1
3.3202	-1
3.3202	-1
3.3202	-1
3.3202	-1
3.3204	-1
3.3204	-1
3.3204	-1
3.3204	-1
3.3204	-1
3.3204	-1
3.3209	1
3.3209	1
3.3210	1
3.3210	1
3.3210	1
3.3211	1
3.3211	1
3.3212	1
3.3212	1
3.3212	1
3.3213	1
3.3213	1
3.3227	-1
3.3227	-1
3.3227	-1
3.3227	-1
3.3227	-1
3.3227	-1
3.3229	-1
3.3229	-1
3.3229	-1
3.3229	-1
3.3229	-1
3.3229	-1
3.3231	-2
3.3233	-2
3.3234	2
3.3239	1
3.3239	1
3.3240	1
3.3240	1
3.3241	1
3.3241	1
3.3242	1
3.3242	1
3.3243	1
3.3243	1
3.3244	1
3.3244	1
3.3245	1
3.3245	1
3.3246	1
3.3246	1
3.3247	1
3.3248	1
3.3248	1
3.3249	1
3.3258	-1
3.3258	-1
3.3258	-1
3.3258	-1
3.3258	-1
3.3258	-1
3.3260	-1
3.3260	-1
3.3260	-1
3.3260	-1
3.3260	-1
3.3260	-1
3.3263	-1
3.3263	-1
3.3263	-1
3.3263	-1
3.3263	-1
3.3263	-1
3.3265	-1
3.3265	-1
3.3265	-1
3.3265	-1
3.3265	-1
3.3265	-1
3.3273	-1
3.3273	-1
3.3273	-1
3.3273	-1
3.3273	-1
3.3273	-1
3.3275	-1
3.3275	-1
3.3275	-1
3.3275	-1
3.3275	-1
3.3275	-1
3.3278	-1
3.3278	-1
3.3278	-1
3.3278	-1
3.3278	-1
3.3278	-1
3.3280	-1
3.3280	-1
3.3280	-1
3.3280	-1
3.3280	-1
3.3280	-1
3.3282	-1
3.3282	-1
3.3282	-1
3.3282	-1
3.3282	-1
3.3282	-1
3.3284	-1
3.3284	-1
3.3284	-1
3.3284	-1
3.3284	-1
3.3284	-1
3.3292	-1
3.3292	-1
3.3292	-1
3.3292	-1
3.3292	-1
3.3292	-1
3.3294	-1
3.3294	-1
3.3294	-1
3.3294	-1
3.3294	-1
3.3294	-1
3.3295	-1
3.3295	-1
3.3295	-1
3.3296	-1
3.3296	-1
3.3296	-1
3.3299	1
3.3299	1
3.3300	1
3.3300	1
3.3301	1
3.3301	1
3.3302	1
3.3302	1
3.3303	1
3.3303	1
3.3303	1
3.3304	1
3.3305	1
3.3305	1
3.3306	1
3.3307	1
3.3307	1
3.3308	1
3.3308	1
3.3309	1
3.3317	-1
3.3317	-1
3.3318	-1
3.3318	-1
3.3318	-1
3.3318	-1
3.3318	-2
3.3319	-1
3.3319	-1
3.3319	-1
3.3319	-1
3.3319	-1
3.3319	-1
3.3322	-1
3.3322	-1
3.3322	-1
3.3322	-1
3.3322	-1
3.3322	-1
3.3324	-1
3.3324	-1
3.3324	-1
3.3324	-1
3.3324	-1
3.3324	-1
3.3326	-1
3.3326	-1
3.3326	-1
3.3326	-1
3.3326	-1
3.3326	-1
3.3339	-1
3.3340	-1
3.3340	-1
3.3340	-1
3.3340	-1
3.3340	-1
3.3347	1
3.3348	1
3.3349	1
3.3349	1
3.3350	1
3.3350	1
3.3350	1
3.3353	1
3.3354	1
3.3354	1
3.3355	1
3.3355	1
3.3356	1
3.3356	1
3.3362	-1
3.3362	-1
3.3362	-1
3.3362	-1
3.3362	-1
3.3362	-1
3.3364	-1
3.3364	-1
3.3364	-1
3.3364	-1
3.3364	-1
3.3364	-1
3.3366	-1
3.3366	-1
3.3366	-1
3.3367	-1
3.3367	-1
3.3367	-1
3.3369	-1
3.3369	-1
3.3369	-1
3.3369	-1
3.3369	-1
3.3369	-1
3.3371	-1
3.3371	-1
3.3371	-1
3.3371	-1
3.3371	-1
3.3371	-1
3.3373	-1
3.3373	-1
3.3373	-1
3.3373	-1
3.3373	-1
3.3373	-1
3.3375	-1
3.3375	-1
3.3375	-1
3.3375	-1
3.3375	-1
3.3375	-1
3.3376	2
3.3377	1
3.3378	1
3.3378	1
3.3378	1
3.3379	1
3.3379	1
3.3380	1
3.3380	1
3.3381	1
3.3382	1
3.3382	1
3.3383	1
3.3383	1
3.3384	1
3.3384	1
3.3385	1
3.3398	-1
3.3398	-1
3.3398	-1
3.3398	-1
3.3398	-1
3.3398	-1
3.3400	-1
3.3400	-1
3.3400	-1
3.3400	-1
3.3400	-1
3.3400	-1
3.3402	-1
3.3402	-1
3.3402	-1
3.3402	-1
3.3402	-1
3.3402	-1
3.3404	-1
3.3404	-1
3.3404	-1
3.3404	-1
3.3404	-1
3.3404	-1
3.3406	-1
3.3406	-1
3.3406	-1
3.3406	-1
3.3407	-1
3.3407	-1
3.3416	-1
3.3417	-1
3.3417	-1
3.3417	-1
3.3417	-1
3.3417	-1
3.3420	-1
3.3420	-1
3.3420	-1
3.3420	-1
3.3420	-1
3.3420	-1
3.3422	-1
3.3422	-1
3.3422	-1
3.3422	-1
3.3422	-1
3.3422	-1
3.3424	-1
3.3424	-1
3.3424	-1
3.3425	-1
3.3425	-1
3.3425	-1
3.3427	-1
3.3427	-1
3.3427	-1
3.3427	-1
3.3427	-1
3.3427	-1
3.3429	-1
3.3429	-1
3.3429	-1
3.3429	-1
3.3429	-1
3.3429	-1
3.3433	-1
3.3433	-1
3.3433	-1
3.3433	-1
3.3433	-1
3.3433	-1
3.3435	-1
3.3435	-1
3.3435	-1
3.3435	-1
3.3435	-1
3.3435	-1
3.3438	-2
3.3450	-1
3.3450	-1
3.3450	-1
3.3450	-1
3.3450	-1
3.3450	-1
3.3459	1
3.3478	1
3.3479	1
3.3479	1
3.3480	1
3.3480	1
3.3481	1
3.3481	1
3.3481	1
3.3482	1
3.3482	1
3.3483	1
3.3483	1
3.3484	1
3.3484	1
3.3492	2
3.3499	-1
3.3499	-1
3.3499	-1
3.3499	-1
3.3499	-1
3.3499	-1
3.3502	-1
3.3502	-1
3.3502	-1
3.3502	-1
3.3502	-1
3.3502	-1
3.3504	-1
3.3504	-1
3.3504	-1
3.3504	-1
3.3504	-1
3.3504	-1
3.3506	-1
3.3506	-1
3.3506	-1
3.3506	-1
3.3506	-1
3.3506	-1
3.3508	-1
3.3508	-1
3.3508	-1
3.3508	-1
3.3508	-1
3.3508	-1
3.3520	-2
3.3521	1
3.3522	1
3.3522	1
3.3524	1
3.3525	1
3.3527	1
3.3528	1
3.3528	1
3.3529	1
3.3531	1
3.3532	1
3.3532	1
3.3533	1
3.3533	1
3.3534	1
3.3534	1
3.3535	1
3.3538	-1
3.3538	-1
3.3538	-1
3.3538	-1
3.3538	-1
3.3538	-1
3.3541	-1
3.3541	-1
3.3541	-1
3.3541	-1
3.3541	-1
3.3541	-1
3.3541	-2
3.3543	-1
3.3543	-1
3.3543	-1
3.3543	-1
3.3543	-1
3.3543	-1
3.3545	-1
3.3545	-1
3.3545	-1
3.3545	-1
3.3545	-1
3.3545	-1
3.3547	-1
3.3547	-1
3.3547	-1
3.3547	-1
3.3548	-1
3.3548	-1
3.3550	-1
3.3550	-1
3.3550	-1
3.3550	-1
3.3550	-1
3.3550	-1
3.3552	-1
3.3552	-1
3.3552	-1
3.3552	-1
3.3552	-1
3.3552	-1
3.3554	-1
3.3554	-1
3.3554	-1
3.3554	-1
3.3554	-1
3.3554	-1
3.3556	-1
3.3556	-1
3.3556	-1
3.3556	-1
3.3556	-1
3.3556	-1
3.3577	-1
3.3577	-1
3.3577	-1
3.3577	-1
3.3577	-1
3.3577	-1
3.3579	-1
3.3580	-1
3.3580	-1
3.3580	-1
3.3580	-1
3.3580	-1
3.3582	-1
3.3582	-1
3.3582	-1
3.3582	-1
3.3582	-1
3.3582	-1
3.3584	-1
3.3584	-1
3.3584	-1
3.3584	-1
3.3584	-1
3.3584	-1
3.3586	-1
3.3587	-1
3.3587	-1
3.3587	-1
3.3587	-1
3.3587	-1
3.3588	-1
3.3588	-1
3.3589	-1
3.3589	-1
3.3589	-1
3.3589	-1
3.3590	-1
3.3590	-1
3.3590	-1
3.3590	-1
3.3590	-1
3.3590	-1
3.3594	2
3.3601	-1
3.3601	-1
3.3601	-1
3.3601	-1
3.3601	-1
3.3601	-1
3.3606	-1
3.3606	-1
3.3606	-1
3.3606	-1
3.3606	-1
3.3606	-1
3.3618	-1
3.3618	-1
3.3618	-1
3.3618	-1
3.3618	-1
3.3618	-1
3.3621	-1
3.3621	-1
3.3621	-1
3.3621	-1
3.3622	-1
3.3622	-1
3.3623	-1
3.3623	-1
3.3623	-1
3.3623	-1
3.3623	-1
3.3623	-1
3.3638	-1
3.3638	-1
3.3638	-1
3.3638	-1
3.3639	-1
3.3639	-1
3.3640	-1
3.3640	-1
3.3640	-1
3.3640	-1
3.3640	-1
3.3640	-1
3.3642	-1
3.3642	-1
3.3642	-1
3.3642	-1
3.3642	-1
3.3642	-1
3.3644	-1
3.3644	-1
3.3644	-1
3.3644	-1
3.3644	-1
3.3644	-1
3.3645	-1
3.3645	-1
3.3645	-1
3.3645	-1
3.3645	-1
3.3645	-1
3.3647	-1
3.3647	-1
3.3647	-1
3.3647	-1
3.3647	-1
3.3647	-1
3.3649	-1
3.3649	-1
3.3649	-1
3.3649	-1
3.3649	-1
3.3649	-1
3.3650	-1
3.3650	-1
3.3651	-1
3.3651	-1
3.3651	-1
3.3651	-1
3.3652	-1
3.3652	-1
3.3652	-1
3.3652	-1
3.3652	-1
3.3652	-1
3.3654	-1
3.3654	-1
3.3654	-1
3.3654	-1
3.3654	-1
3.3654	-1
3.3655	-1
3.3655	-1
3.3655	-1
3.3655	-1
3.3655	-1
3.3655	-1
3.3673	-1
3.3674	-1
3.3674	-1
3.3674	-1
3.3674	-1
3.3674	-1
3.3682	-1
3.3682	-1
3.3682	-1
3.3682	-1
3.3682	-1
3.3682	-1
3.3689	-1
3.3689	-1
3.3689	-1
3.3689	-1
3.3689	-1
3.3689	-1
3.3695	-1
3.3695	-1
3.3695	-1
3.3695	-1
3.3695	-1
3.3695	-1
3.3701	-1
3.3701	-1
3.3701	-1
3.3701	-1
3.3701	-1
3.3701	-1
3.3708	-1
3.3708	-1
3.3708	-1
3.3708	-1
3.3708	-1
3.3708	-1
3.3712	-1
3.3712	-1
3.3712	-1
3.3712	-1
3.3712	-1
3.3712	-1
3.3738	-1
3.3738	-1
3.3738	-1
3.3738	-1
3.3738	-1
3.3738	-1
3.3740	-1
3.3740	-1
3.3740	-1
3.3740	-1
3.3740	-1
3.3740	-1
3.3741	-1
3.3741	-1
3.3741	-1
3.3741	-1
3.3741	-1
3.3741	-1
3.3743	-1
3.3743	-1
3.3743	-1
3.3743	-1
3.3743	-1
3.3743	-1
3.3744	-1
3.3744	-1
3.3744	-1
3.3745	-1
3.3745	-1
3.3745	-1
3.3746	-1
3.3746	-1
3.3746	-1
3.3746	-1
3.3746	-1
3.3746	-1
3.3748	-1
3.3748	-1
3.3748	-1
3.3748	-1
3.3748	-1
3.3748	-1
3.3749	-1
3.3749	-1
3.3749	-1
3.3749	-1
3.3749	-1
3.3749	-1
3.3751	-1
3.3751	-1
3.3751	-1
3.3751	-1
3.3751	-1
3.3751	-1
3.3752	-1
3.3752	-1
3.3752	-1
3.3752	-1
3.3752	-1
3.3752	-1
3.3754	-1
3.3754	-1
3.3754	-1
3.3754	-1
3.3754	-1
3.3754	-1
3.3756	-1
3.3756	-1
3.3756	-1
3.3756	-1
3.3756	-1
3.3756	-1
3.3776	-1
3.3776	-1
3.3776	-1
3.3776	-1
3.3777	-1
3.3777	-1
3.3778	-1
3.3778	-1
3.3778	-1
3.3778	-1
3.3778	-1
3.3778	-1
3.3780	-1
3.3780	-1
3.3780	-1
3.3780	-1
3.3780	-1
3.3780	-1
3.3781	-1
3.3781	-1
3.3781	-1
3.3781	-1
3.3781	-1
3.3781	-1
3.3783	-1
3.3783	-1
3.3783	-1
3.3783	-1
3.3783	-1
3.3783	-1
3.3784	-1
3.3784	-1
3.3784	-1
3.3784	-1
3.3784	-1
3.3784	-1
3.3785	-1
3.3786	-1
3.3786	-1
3.3786	-1
3.3786	-1
3.3786	-1
3.3787	-1
3.3787	-1
3.3787	-1
3.3787	-1
3.3787	-1
3.3787	-1
3.3789	-1
3.3789	-1
3.3789	-1
3.3789	-1
3.3789	-1
3.3789	-1
3.3791	-1
3.3791	-1
3.3791	-1
3.3791	-1
3.3791	-1
3.3791	-1
3.3792	-1
3.3792	-1
3.3792	-1
3.3792	-1
3.3792	-1
3.3792	-1
3.3794	2
3.3794	-1
3.3794	-1
3.3794	-1
3.3794	-1
3.3794	-1
3.3794	-1
3.3796	-1
3.3796	-1
3.3796	-1
3.3796	-1
3.3796	-1
3.3796	-1
3.3800	-1
3.3800	-1
3.3800	-1
3.3800	-1
3.3800	-1
3.3800	-1
3.3819	-1
3.3819	-1
3.3819	-1
3.3819	-1
3.3819	-1
3.3819	-1
3.3821	-1
3.3821	-1
3.3821	-1
3.3821	-1
3.3821	-1
3.3821	-1
3.3822	-1
3.3822	-1
3.3822	-1
3.3822	-1
3.3822	-1
3.3822	-1
3.3824	-1
3.3824	-1
3.3824	-1
3.3824	-1
3.3824	-1
3.3824	-1
3.3826	-1
3.3826	-1
3.3826	-1
3.3826	-1
3.3826	-1
3.3826	-1
3.3827	-1
3.3827	-1
3.3827	-1
3.3827	-1
3.3827	-1
3.3827	-1
3.4243	2
3.4338	2
3.4355	-2
3.4388	2
3.4518	2
3.4521	2
3.4706	2
3.4730	2
3.4765	-2
3.4887	2
3.4936	-2
3.5008	-2
3.5095	-2
3.5129	1
3.5130	1
3.5130	1
3.5141	-1
3.5141	-1
3.5141	-1
3.5141	-1
3.5141	-1
3.5141	-1
3.5143	-1
3.5143	-1
3.5143	-1
3.5143	-1
3.5143	-1
3.5143	-1
3.5145	-1
3.5145	-1
3.5145	-1
3.5145	-1
3.5145	-1
3.5145	-1
3.5223	-2
3.5332	1
3.5333	1
3.5333	1
3.5333	1
3.5333	1
3.5334	1
3.5334	1
3.5334	1
3.5335	1
3.5335	1
3.5345	-1
3.5346	-1
3.5346	-1
3.5346	-1
3.5346	-1
3.5346	-1
3.5348	-1
3.5348	-1
3.5348	-1
3.5348	-1
3.5348	-1
3.5348	-1
3.5349	-1
3.5349	-1
3.5349	-1
3.5349	-1
3.5349	-1
3.5349	-1
3.5351	-1
3.5351	-1
3.5351	-1
3.5351	-1
3.5351	-1
3.5351	-1
3.5362	-1
3.5362	-1
3.5362	-1
3.5362	-1
3.5362	-1
3.5362	-1
3.5362	-2
3.5363	-1
3.5363	-1
3.5363	-1
3.5363	-1
3.5363	-1
3.5364	-1
3.5365	-1
3.5365	-1
3.5365	-1
3.5365	-1
3.5365	-1
3.5365	-1
3.5367	-1
3.5367	-1
3.5367	-1
3.5367	-1
3.5367	-1
3.5367	-1
3.5369	-1
3.5369	-1
3.5369	-1
3.5369	-1
3.5369	-1
3.5369	-1
3.5370	-1
3.5370	-1
3.5370	-1
3.5370	-1
3.5370	-1
3.5370	-1
3.5433	1
3.5434	1
3.5434	1
3.5434	1
3.5435	1
3.5435	1
3.5435	1
3.5450	-2
3.5450	-1
3.5450	-1
3.5450	-1
3.5450	-1
3.5450	-1
3.5450	-1
3.5459	-1
3.5459	-1
3.5459	-1
3.5459	-1
3.5459	-1
3.5459	-1
3.5461	-1
3.5461	-1
3.5461	-1
3.5461	-1
3.5461	-1
3.5461	-1
3.5463	-1
3.5463	-1
3.5463	-1
3.5463	-1
3.5463	-1
3.5463	-1
3.5464	-1
3.5464	-1
3.5464	-1
3.5464	-1
3.5464	-1
3.5464	-1
3.5466	-2
3.5466	-1
3.5466	-1
3.5466	-1
3.5466	-1
3.5466	-1
3.5467	-1
3.5468	-1
3.5468	-1
3.5468	-1
3.5468	-1
3.5468	-1
3.5469	-1
3.5510	-2
3.5626	1
3.5646	-1
3.5647	-2
3.5651	1
3.5651	1
3.5654	-2
3.5658	-1
3.5665	-1
3.5696	2
3.5753	-2
3.5790	1
3.5811	-1
3.5815	1
3.5816	1
3.5824	-2
3.5824	-1
3.5831	-1
3.5913	-2
3.5972	1
3.5992	-1
3.5995	1
3.5996	1
3.6009	-1
3.6009	-1
3.6090	-2
3.6100	2
3.6122	2
3.6143	1
3.6161	-2
3.6164	-1
3.6168	1
3.6169	1
3.6188	-1
3.6188	-1
3.6188	-1
3.6188	-1
3.6188	-1
3.6188	-1
3.6189	-1
3.6189	-1
3.6189	-1
3.6189	-1
3.6189	-1
3.6190	-1
3.6195	1
3.6196	1
3.6196	1
3.6197	1
3.6198	2
3.6217	-1
3.6217	-1
3.6217	-1
3.6217	-1
3.6217	-1
3.6217	-1
3.6219	-1
3.6219	-1
3.6219	-1
3.6219	-1
3.6219	-1
3.6219	-1
3.6223	-1
3.6224	-1
3.6224	-1
3.6224	-1
3.6224	-1
3.6224	-1
3.6225	-1
3.6225	-1
3.6225	-1
3.6225	1
3.6225	-1
3.6225	-1
3.6225	-1
3.6225	1
3.6226	1
3.6227	1
3.6233	1
3.6233	1
3.6234	1
3.6234	1
3.6257	-1
3.6257	-1
3.6258	-1
3.6258	-1
3.6258	-1
3.6258	-1
3.6259	-1
3.6259	-1
3.6259	-1
3.6259	-1
3.6259	-1
3.6259	-1
3.6272	1
3.6273	1
3.6274	1
3.6274	1
3.6279	-1
3.6279	-1
3.6279	-1
3.6279	-1
3.6279	-1
3.6279	-1
3.6281	-1
3.6281	-1
3.6281	-1
3.6281	-1
3.6281	-1
3.6281	-1
3.6283	-1
3.6283	-1
3.6283	-1
3.6283	-1
3.6283	-1
3.6283	-1
3.6290	-1
3.6290	-1
3.6290	-1
3.6290	-1
3.6290	-1
3.6290	-1
3.6298	-1
3.6298	-1
3.6298	-1
3.6298	-1
3.6298	-1
3.6298	-1
3.6302	1
3.6302	1
3.6303	1
3.6303	1
3.6303	1
3.6307	-1
3.6307	-1
3.6307	-1
3.6307	-1
3.6307	-1
3.6307	-1
3.6324	-1
3.6324	-1
3.6324	-1
3.6324	-1
3.6324	-1
3.6324	-1
3.6326	-1
3.6326	-1
3.6326	-1
3.6326	-1
3.6326	-1
3.6326	-1
3.6335	-1
3.6336	-1
3.6336	-1
3.6336	-1
3.6336	-1
3.6336	-1
3.6341	-1
3.6341	-1
3.6341	-1
3.6341	-1
3.6341	-1
3.6341	-1
3.6342	-1
3.6342	-1
3.6342	-1
3.6342	-1
3.6342	-1
3.6342	-1
3.6359	-1
3.6359	-1
3.6359	-1
3.6359	-1
3.6359	-1
3.6360	-1
3.6361	-1
3.6361	-1
3.6361	-1
3.6361	-1
3.6361	-1
3.6361	-1
3.6362	-1
3.6362	-1
3.6362	-1
3.6362	-1
3.6362	-1
3.6362	-1
3.6363	-1
3.6363	-1
3.6363	-1
3.6363	-1
3.6363	-1
3.6437	2
3.6477	-2
3.6498	1
3.6518	-1
3.6522	1
3.6523	1
3.6540	-1
3.6540	-1
3.6540	-1
3.6540	-1
3.6540	-1
3.6540	-1
3.6541	-1
3.6541	-1
3.6541	-1
3.6541	-1
3.6541	-1
3.6541	-1
3.6545	1
3.6546	1
3.6547	1
3.6547	1
3.6570	-1
3.6570	-1
3.6570	-1
3.6570	-1
3.6570	-1
3.6571	-1
3.6572	-1
3.6572	-1
3.6572	-1
3.6572	-1
3.6572	-1
3.6572	-1
3.6574	-1
3.6574	-1
3.6574	-1
3.6574	-1
3.6574	-1
3.6574	-1
3.6575	-1
3.6575	-1
3.6575	-1
3.6575	-1
3.6575	-1
3.6575	-1
3.6578	-2
3.6579	1
3.6579	1
3.6580	1
3.6580	1
3.6581	1
3.6581	1
3.6582	1
3.6582	1
3.6611	-1
3.6611	-1
3.6611	-1
3.6611	-1
3.6611	-1
3.6611	-1
3.6613	-1
3.6613	-1
3.6613	-1
3.6613	-1
3.6613	-1
3.6613	-1
3.6619	1
3.6620	1
3.6620	1
3.6621	1
3.6625	-1
3.6625	-1
3.6625	-1
3.6625	-1
3.6625	-1
3.6625	-1
3.6627	-1
3.6627	-1
3.6627	-1
3.6627	-1
3.6627	-1
3.6627	-1
3.6628	-1
3.6629	-1
3.6629	-1
3.6629	-1
3.6629	-1
3.6629	-1
3.6630	-1
3.6630	-1
3.6630	-1
3.6630	-1
3.6630	-1
3.6630	-1
3.6635	1
3.6636	1
3.6637	1
3.6637	1
3.6638	1
3.6638	1
3.6639	1
3.6639	1
3.6640	-1
3.6641	-1
3.6641	-1
3.6641	-1
3.6641	-1
3.6641	-1
3.6643	-1
3.6643	-1
3.6643	-1
3.6643	-1
3.6643	-1
3.6643	-1
3.6659	1
3.6660	1
3.6660	1
3.6660	1
3.6661	-1
3.6661	-1
3.6661	-1
3.6661	-1
3.6661	-1
3.6661	-1
3.6683	-2
3.6691	-1
3.6692	-1
3.6692	-1
3.6692	-1
3.6692	-1
3.6692	-1
3.6693	-1
3.6693	-1
3.6693	-1
3.6693	-1
3.6693	-1
3.6693	-1
3.6694	-1
3.6694	-1
3.6694	-1
3.6694	-1
3.6694	-1
3.6694	-1
3.6696	-1
3.6696	-1
3.6696	-1
3.6696	-1
3.6696	-1
3.6696	-1
3.6697	-1
3.6697	-1
3.6697	-1
3.6697	-1
3.6697	-1
3.6697	-1
3.6711	1
3.6712	1
3.6739	-1
3.6739	-1
3.6739	-1
3.6739	-1
3.6739	-1
3.6739	-1
3.6740	-1
3.6740	-1
3.6740	-1
3.6741	-1
3.6741	-1
3.6741	-1
3.6742	-1
3.6742	-1
3.6742	-1
3.6742	-1
3.6742	-1
3.6742	-1
3.6744	-1
3.6744	-1
3.6744	-1
3.6744	-1
3.6744	-1
3.6744	-1
3.6746	-1
3.6746	-1
3.6746	-1
3.6746	-1
3.6746	-1
3.6746	-1
3.6748	-1
3.6748	-1
3.6748	-1
3.6748	-1
3.6748	-1
3.6748	-1
3.6749	-1
3.6749	-1
3.6749	-1
3.6749	-1
3.6750	-1
3.6750	-1
3.6751	-1
3.6751	-1
3.6751	-1
3.6751	-1
3.6751	-1
3.6751	-1
3.6752	-1
3.6752	-1
3.6753	-1
3.6753	-1
3.6753	-1
3.6753	-1
3.6754	-1
3.6754	-1
3.6754	-1
3.6754	-1
3.6754	-1
3.6754	-1
3.6766	-2
3.6774	-1
3.6775	-2
3.6775	-1
3.6775	-1
3.6775	-1
3.6775	-1
3.6775	-1
3.6776	-1
3.6776	-1
3.6776	-1
3.6776	-1
3.6776	-1
3.6778	-2
3.6859	2
3.6876	-2
3.6921	1
3.6942	-1
3.6949	1
3.6950	1
3.6958	-1
3.6970	-1
3.6975	-2
3.7098	2
3.7103	1
3.7114	-2
3.7123	-1
3.7127	1
3.7128	1
3.7137	-1
3.7137	-1
3.7137	-1
3.7137	-1
3.7137	-1
3.7137	-1
3.7138	-1
3.7139	-1
3.7139	-1
3.7139	-1
3.7139	-1
3.7139	-1
3.7143	1
3.7144	1
3.7144	1
3.7145	1
3.7153	-1
3.7153	-1
3.7153	-1
3.7153	-1
3.7153	-1
3.7153	-1
3.7155	-1
3.7155	-1
3.7155	-1
3.7155	-1
3.7155	-1
3.7155	-1
3.7156	-1
3.7156	-1
3.7156	-1
3.7156	-1
3.7156	-1
3.7157	-1
3.7158	-1
3.7158	-1
3.7158	-1
3.7158	-1
3.7158	-1
3.7158	-1
3.7163	1
3.7164	1
3.7171	-1
3.7171	-1
3.7171	-1
3.7172	-1
3.7172	-1
3.7172	-1
3.7173	-1
3.7173	-1
3.7173	-1
3.7173	-1
3.7173	-1
3.7193	2
3.7315	1
3.7326	2
3.7329	-2
3.7336	-1
3.7342	1
3.7343	1
3.7363	-1
3.7363	-1
3.7363	-1
3.7363	-1
3.7363	-1
3.7363	-1
3.7364	-1
3.7364	-1
3.7364	-1
3.7364	-1
3.7364	-1
3.7364	-1
3.7371	1
3.7371	1
3.7372	1
3.7372	1
3.7396	-1
3.7396	-1
3.7396	-1
3.7396	-1
3.7396	-1
3.7396	-1
3.7397	-1
3.7398	-1
3.7398	-1
3.7398	-1
3.7398	-1
3.7398	-1
3.7399	-1
3.7399	-1
3.7399	-1
3.7399	-1
3.7399	-1
3.7399	-1
3.7400	-1
3.7400	-1
3.7400	-1
3.7401	-1
3.7401	-1
3.7401	-1
3.7406	1
3.7407	1
3.7407	1
3.7408	1
3.7408	1
3.7409	1
3.7409	1
3.7409	1
3.7449	-1
3.7450	-1
3.7450	-1
3.7450	-1
3.7450	-1
3.7450	-1
3.7451	-1
3.7451	-1
3.7451	-1
3.7451	-1
3.7451	-1
3.7451	-1
3.7452	-1
3.7452	-1
3.7452	-1
3.7452	-1
3.7452	-1
3.7452	-1
3.7453	-1
3.7453	-1
3.7453	-1
3.7454	-1
3.7454	-1
3.7454	-1
3.7455	-1
3.7455	-1
3.7455	-1
3.7455	-1
3.7455	-1
3.7455	-1
3.7456	-1
3.7456	-1
3.7456	-1
3.7456	-1
3.7456	-1
3.7457	-1
3.7458	-1
3.7458	-1
3.7458	-1
3.7458	-1
3.7458	-1
3.7458	-1
3.7459	-1
3.7459	-1
3.7459	-1
3.7459	-1
3.7459	-1
3.7459	-1
3.7464	1
3.7464	1
3.7466	1
3.7467	1
3.7469	1
3.7469	1
3.7470	1
3.7470	1
3.7470	1
3.7471	1
3.7471	1
3.7472	1
3.7472	1
3.7473	1
3.7474	1
3.7474	1
3.7517	-2
3.7518	-1
3.7518	-1
3.7518	-1
3.7518	-1
3.7518	-1
3.7518	-1
3.7520	-1
3.7520	-1
3.7520	-1
3.7520	-1
3.7520	-1
3.7520	-1
3.7521	-1
3.7521	-1
3.7521	-1
3.7521	-1
3.7521	-1
3.7521	-1
3.7537	1
3.7538	1
3.7552	-1
3.7552	-1
3.7552	-1
3.7552	-1
3.7553	-1
3.7553	-1
3.7554	-1
3.7554	-1
3.7554	-1
3.7554	-1
3.7554	-1
3.7554	-1
3.7556	-1
3.7556	-1
3.7556	-1
3.7556	-1
3.7556	-1
3.7556	-1
3.7558	-1
3.7558	-1
3.7558	-1
3.7558	-1
3.7558	-1
3.7558	-1
3.7559	-1
3.7559	-1
3.7559	-1
3.7559	-1
3.7559	-1
3.7559	-1
3.7560	-1
3.7560	-1
3.7560	-1
3.7560	-1
3.7560	-1
3.7560	-1
3.7562	-1
3.7562	-1
3.7562	-1
3.7562	-1
3.7562	-1
3.7562	-1
3.7564	-1
3.7564	-1
3.7564	-1
3.7564	-1
3.7564	-1
3.7564	-1
3.7565	1
3.7565	1
3.7566	-1
3.7566	-1
3.7566	-1
3.7566	1
3.7566	-1
3.7566	-1
3.7566	-1
3.7566	1
3.7573	1
3.7574	1
3.7576	1
3.7578	1
3.7578	1
3.7579	1
3.7579	1
3.7579	1
3.7582	1
3.7583	1
3.7584	-1
3.7584	-1
3.7584	-1
3.7584	-1
3.7584	-1
3.7585	-1
3.7593	-1
3.7593	-1
3.7593	-1
3.7594	-1
3.7594	-1
3.7594	-1
3.7596	-1
3.7596	-1
3.7596	-1
3.7596	-1
3.7596	-1
3.7596	-1
3.7599	1
3.7601	1
3.7609	-1
3.7609	-1
3.7609	-1
3.7609	-1
3.7609	-1
3.7609	-1
3.7609	1
3.7610	1
3.7610	1
3.7611	1
3.7611	1
3.7611	1
3.7612	1
3.7612	1
3.7613	1
3.7613	1
3.7614	1
3.7614	1
3.7642	-2
3.7656	1
3.7657	1
3.7669	-1
3.7669	-1
3.7669	-1
3.7669	-1
3.7669	-1
3.7669	-1
3.7672	-1
3.7672	-1
3.7672	-1
3.7672	-1
3.7672	-1
3.7672	-1
3.7674	-1
3.7674	-1
3.7674	-1
3.7674	-1
3.7674	-1
3.7674	-1
3.7676	-1
3.7676	-1
3.7676	-1
3.7676	-1
3.7676	-1
3.7676	-1
3.7682	1
3.7682	1
3.7683	1
3.7684	1
3.7684	1
3.7684	1
3.7685	-2
3.7685	1
3.7685	1
3.7719	-1
3.7719	-1
3.7719	-1
3.7719	-1
3.7719	-1
3.7719	-1
3.7722	-1
3.7722	-1
3.7722	-1
3.7722	-1
3.7722	-1
3.7722	-1
3.7724	-1
3.7724	-1
3.7724	-1
3.7724	-1
3.7724	-1
3.7724	-1
3.7739	-2
3.7747	-1
3.7747	-1
3.7747	-1
3.7747	-1
3.7747	-1
3.7747	-1
3.7749	-1
3.7749	-1
3.7749	-1
3.7749	-1
3.7750	-1
3.7750	-1
3.7752	-1
3.7752	-1
3.7752	-1
3.7752	-1
3.7752	-1
3.7752	-1
3.7764	-1
3.7764	-1
3.7764	-1
3.7764	-1
3.7764	-1
3.7764	-1
3.7767	-1
3.7767	-1
3.7767	-1
3.7767	-1
3.7767	-1
3.7767	-1
3.7770	1
3.7772	1
3.7772	1
3.7773	2
3.7774	1
3.7775	1
3.7776	1
3.7777	1
3.7778	1
3.7779	1
3.7779	1
3.7780	1
3.7780	1
3.7780	1
3.7781	-1
3.7781	-1
3.7781	-1
3.7781	-1
3.7781	-1
3.7781	-1
3.7781	1
3.7781	1
3.7782	2
3.7789	1
3.7801	-2
3.7809	-1
3.7809	-1
3.7809	-1
3.7809	-1
3.7809	-1
3.7809	-1
3.7812	-1
3.7812	-1
3.7812	-1
3.7812	-1
3.7812	-1
3.7812	-1
3.7814	-1
3.7814	-1
3.7814	-1
3.7814	-1
3.7814	-1
3.7814	-1
3.7816	-1
3.7816	-1
3.7816	-1
3.7816	-1
3.7816	-1
3.7816	-1
3.7845	1
3.7846	1
3.7846	1
3.7847	1
3.7847	1
3.7848	-1
3.7848	-1
3.7848	-1
3.7848	-1
3.7848	-1
3.7848	1
3.7848	-1
3.7848	1
3.7849	1
3.7849	1
3.7849	1
3.7849	-2
3.7850	-1
3.7850	-1
3.7850	-1
3.7850	-1
3.7850	-1
3.7850	-1
3.7852	-1
3.7852	-1
3.7852	-1
3.7852	-1
3.7852	-1
3.7852	-1
3.7854	-1
3.7854	-1
3.7854	-1
3.7854	-1
3.7854	-1
3.7854	-1
3.7866	-2
3.7897	-1
3.7897	-1
3.7897	-1
3.7897	-1
3.7897	-1
3.7897	-1
3.7899	-1
3.7900	-1
3.7900	-1
3.7900	-1
3.7900	-1
3.7900	-1
3.7902	-1
3.7902	-1
3.7902	-1
3.7902	-1
3.7902	-1
3.7902	-1
3.7904	-1
3.7904	-1
3.7904	-1
3.7904	-1
3.7904	-1
3.7904	-1
3.7906	-1
3.7906	-1
3.7906	-1
3.7906	-1
3.7906	-1
3.7906	-1
3.7911	1
3.7912	1
3.7912	1
3.7913	1
3.7914	1
3.7916	1
3.7917	1
3.7918	1
3.7919	1
3.7920	1
3.7920	1
3.7931	1
3.7931	1
3.7932	1
3.7932	1
3.7933	1
3.7933	1
3.7933	1
3.7936	-2
3.7938	-1
3.7938	-1
3.7938	-1
3.7938	-1
3.7938	-1
3.7938	-1
3.7940	-1
3.7940	-1
3.7940	-1
3.7940	-1
3.7940	-1
3.7940	-1
3.7942	-1
3.7942	-1
3.7942	-1
3.7942	-1
3.7942	-1
3.7942	-1
3.7944	-1
3.7944	-1
3.7944	-1
3.7944	-1
3.7944	-1
3.7944	-1
3.7947	-1
3.7947	-1
3.7947	-1
3.7947	-1
3.7947	-1
3.7947	-1
3.7949	-1
3.7949	-1
3.7949	-1
3.7949	-1
3.7949	-1
3.7949	-1
3.7951	-1
3.7951	-1
3.7951	-1
3.7951	-1
3.7951	-1
3.7951	-1
3.7953	-1
3.7953	-1
3.7953	-1
3.7954	-1
3.7954	-1
3.7954	-1
3.7955	-1
3.7955	-1
3.7955	-1
3.7956	-1
3.7956	-1
3.7956	-1
3.7959	2
3.8011	-1
3.8011	-1
3.8011	-1
3.8011	-1
3.8011	-1
3.8011	-1
3.8013	-1
3.8013	-1
3.8013	-1
3.8013	-1
3.8013	-1
3.8013	-1
3.8014	-1
3.8015	-1
3.8015	-1
3.8015	-1
3.8015	-1
3.8015	-1
3.8016	-1
3.8016	-1
3.8016	-1
3.8016	-1
3.8017	-1
3.8017	-1
3.8018	-1
3.8018	-1
3.8018	-1
3.8018	-1
3.8018	-1
3.8018	-1
3.8019	-1
3.8019	-1
3.8019	-1
3.8020	-1
3.8020	-1
3.8020	-1
3.8020	-2
3.8020	1
3.8021	-1
3.8021	-1
3.8021	-1
3.8021	-1
3.8021	-1
3.8021	-1
3.8021	1
3.8021	1
3.8022	1
3.8022	-1
3.8022	-1
3.8022	-1
3.8022	-1
3.8022	-1
3.8022	-1
3.8022	1
3.8023	1
3.8023	1
3.8024	1
3.8024	1
3.8024	-1
3.8024	1
3.8024	-1
3.8025	-1
3.8025	-1
3.8025	-1
3.8025	-1
3.8025	1
3.8026	1
3.8026	1
3.8027	1
3.8028	1
3.8028	1
3.8035	1
3.8035	1
3.8044	2
3.8051	2
3.8063	1
3.8066	1
3.8066	1
3.8067	1
3.8067	1
3.8067	1
3.8068	1
3.8068	1
3.8119	-1
3.8119	-1
3.8119	-1
3.8119	-1
3.8119	-1
3.8119	-1
3.8122	-1
3.8122	-1
3.8122	-1
3.8122	-1
3.8122	-1
3.8122	-1
3.8124	-1
3.8124	-1
3.8124	-1
3.8124	-1
3.8124	-1
3.8124	-1
3.8127	-1
3.8127	-1
3.8127	-1
3.8127	-1
3.8127	-1
3.8127	-1
3.8129	-1
3.8129	-1
3.8129	-1
3.8129	-1
3.8129	-1
3.8129	-1
3.8131	-1
3.8131	-1
3.8131	-1
3.8131	-1
3.8131	-1
3.8131	-1
3.8134	-1
3.8134	-1
3.8134	-1
3.8134	-1
3.8134	-1
3.8134	-1
3.8154	1
3.8154	1
3.8155	1
3.8156	1
3.8156	1
3.8157	1
3.8157	1
3.8158	1
3.8158	1
3.8159	1
3.8160	1
3.8160	1
3.8168	-1
3.8168	-1
3.8168	-1
3.8168	-1
3.8168	-1
3.8168	-1
3.8172	-1
3.8172	-1
3.8172	-1
3.8172	-1
3.8172	-1
3.8172	-1
3.8174	-1
3.8174	-1
3.8174	-1
3.8174	-1
3.8174	-1
3.8174	-1
3.8177	-1
3.8177	-1
3.8177	-1
3.8177	-1
3.8177	-1
3.8177	-1
3.8212	1
3.8212	1
3.8213	1
3.8213	1
3.8213	1
3.8214	1
3.8214	1
3.8215	1
3.8215	1
3.8216	1
3.8216	-2
3.8219	-1
3.8219	-1
3.8219	-1
3.8219	-1
3.8219	-1
3.8219	-1
3.8222	-1
3.8222	-1
3.8222	-1
3.8222	-1
3.8222	-1
3.8222	-1
3.8224	-1
3.8224	-1
3.8224	-1
3.8224	-1
3.8224	-1
3.8224	-1
3.8226	-1
3.8226	-1
3.8226	-1
3.8226	-1
3.8226	-1
3.8226	-1
3.8228	-1
3.8229	-1
3.8229	-1
3.8229	-1
3.8229	-1
3.8229	-1
3.8254	1
3.8254	1
3.8255	1
3.8255	1
3.8256	1
3.8257	1
3.8257	1
3.8257	1
3.8258	1
3.8258	1
3.8259	1
3.8260	1
3.8269	-1
3.8269	-1
3.8269	-1
3.8269	-1
3.8269	-1
3.8269	-1
3.8271	-1
3.8271	-1
3.8271	-1
3.8271	-1
3.8271	-1
3.8272	-1
3.8274	-1
3.8274	-1
3.8274	-1
3.8274	-1
3.8274	-1
3.8274	-1
3.8276	-1
3.8276	-1
3.8276	-1
3.8276	-1
3.8276	-1
3.8276	-1
3.8278	-1
3.8278	-1
3.8278	-1
3.8278	-1
3.8278	-1
3.8278	-1
3.8280	-1
3.8280	-1
3.8280	-1
3.8280	-1
3.8280	-1
3.8280	-1
3.8305	1
3.8306	1
3.8307	1
3.8307	1
3.8308	1
3.8308	1
3.8308	1
3.8309	1
3.8332	-1
3.8333	-1
3.8333	2
3.8333	-1
3.8333	-1
3.8333	-1
3.8333	-1
3.8335	-1
3.8335	-1
3.8335	-1
3.8335	-1
3.8335	-1
3.8335	-1
3.8338	-1
3.8338	-1
3.8338	-1
3.8338	-1
3.8338	-1
3.8338	-1
3.8340	-1
3.8340	-1
3.8340	-1
3.8340	-1
3.8340	-1
3.8340	-1
3.8343	-1
3.8343	-1
3.8343	-1
3.8343	-1
3.8343	-1
3.8343	-1
3.8345	-1
3.8345	-1
3.8345	-1
3.8345	-1
3.8345	-1
3.8345	-1
3.8345	-2
3.8358	1
3.8358	1
3.8359	1
3.8359	1
3.8360	1
3.8360	1
3.8361	1
3.8361	1
3.8362	1
3.8362	1
3.8362	1
3.8363	1
3.8365	-2
3.8388	-1
3.8389	-1
3.8389	-1
3.8389	-1
3.8389	-1
3.8389	-1
3.8391	-1
3.8391	-1
3.8391	-1
3.8391	-1
3.8391	-1
3.8391	-1
3.8391	-2
3.8393	-1
3.8393	-1
3.8393	-1
3.8394	-1
3.8394	-1
3.8394	-1
3.8395	-1
3.8395	-1
3.8395	-1
3.8395	-1
3.8395	-1
3.8395	-1
3.8398	-1
3.8398	-1
3.8398	-1
3.8398	-1
3.8398	-1
3.8398	-1
3.8439	1
3.8439	1
3.8440	1
3.8440	1
3.8441	1
3.8441	1
3.8441	1
3.8442	1
3.8442	1
3.8443	1
3.8443	1
3.8444	1
3.8447	-1
3.8447	-1
3.8447	-1
3.8447	-1
3.8447	-1
3.8447	-1
3.8450	-1
3.8450	-1
3.8450	-1
3.8450	-1
3.8450	-1
3.8450	-1
3.8453	-1
3.8453	-1
3.8453	-1
3.8453	-1
3.8453	-1
3.8453	-1
3.8455	-1
3.8455	-1
3.8455	-1
3.8455	-1
3.8455	-1
3.8455	-1
3.8457	-1
3.8457	-1
3.8457	-1
3.8457	-1
3.8457	-1
3.8457	-1
3.8459	-1
3.8459	-1
3.8459	-1
3.8459	-1
3.8459	-1
3.8459	-1
3.8462	-1
3.8462	-1
3.8462	-1
3.8462	-1
3.8462	-1
3.8462	-1
3.8463	-1
3.8464	-1
3.8464	-1
3.8464	-1
3.8464	-1
3.8464	-1
3.8493	1
3.8493	1
3.8494	1
3.8494	1
3.8495	1
3.8495	1
3.8496	1
3.8496	1
3.8497	1
3.8497	1
3.8498	1
3.8499	1
3.8501	1
3.8501	1
3.8510	-1
3.8510	-1
3.8510	-1
3.8510	-1
3.8510	-1
3.8510	-1
3.8511	2
3.8512	-1
3.8512	-1
3.8512	-1
3.8512	-1
3.8512	-1
3.8512	-1
3.8514	-1
3.8514	-1
3.8514	-1
3.8514	-1
3.8514	-1
3.8515	-1
3.8517	-1
3.8517	-1
3.8517	-1
3.8517	-1
3.8517	-1
3.8517	-1
3.8519	-1
3.8519	-1
3.8519	-1
3.8519	-1
3.8519	-1
3.8519	-1
3.8521	-1
3.8521	-1
3.8521	-1
3.8521	-1
3.8521	-1
3.8521	-1
3.8564	1
3.8564	1
3.8565	1
3.8565	1
3.8565	1
3.8566	-1
3.8566	-1
3.8566	-1
3.8566	-1
3.8566	-1
3.8566	-1
3.8566	1
3.8566	1
3.8567	1
3.8568	-1
3.8568	-1
3.8568	-1
3.8568	-1
3.8568	-1
3.8568	-1
3.8570	-1
3.8570	-1
3.8570	-1
3.8570	-1
3.8570	-1
3.8570	-1
3.8572	-1
3.8572	-1
3.8573	-1
3.8573	-1
3.8573	-1
3.8573	-1
3.8575	-1
3.8575	-1
3.8575	-1
3.8575	-1
3.8575	-1
3.8575	-1
3.8577	-1
3.8577	-1
3.8577	-1
3.8577	-1
3.8577	-1
3.8577	-1
3.8579	-1
3.8579	-1
3.8579	-1
3.8579	-1
3.8579	-1
3.8579	-1
3.8581	-1
3.8581	-1
3.8581	-1
3.8581	-1
3.8581	-1
3.8581	-1
3.8628	-1
3.8629	-1
3.8629	-1
3.8629	-1
3.8629	-1
3.8629	-1
3.8630	-1
3.8630	-1
3.8630	-1
3.8630	-1
3.8630	-1
3.8630	-1
3.8632	-1
3.8632	-1
3.8632	-1
3.8632	-1
3.8632	-1
3.8632	-1
3.8633	-1
3.8633	-1
3.8633	-1
3.8633	-1
3.8633	-1
3.8633	-1
3.8634	1
3.8634	1
3.8635	-1
3.8635	1
3.8635	-1
3.8635	-1
3.8635	-1
3.8635	2
3.8635	-1
3.8635	-1
3.8635	1
3.8636	1
3.8636	1
3.8637	1
3.8637	1
3.8637	1
3.8638	1
3.8639	1
3.8639	1
3.8640	1
3.8640	1
3.8641	1
3.8641	1
3.8655	-1
3.8655	-1
3.8655	-1
3.8655	-1
3.8655	-1
3.8655	-1
3.8658	-1
3.8658	-1
3.8658	-1
3.8658	-1
3.8658	-1
3.8658	-1
3.8660	-1
3.8660	-1
3.8660	-1
3.8660	-1
3.8660	-1
3.8660	-1
3.8675	-1
3.8675	-1
3.8675	-1
3.8675	-1
3.8676	-1
3.8676	-1
3.8678	-1
3.8678	-1
3.8678	-1
3.8678	-1
3.8678	-1
3.8678	-1
3.8680	-1
3.8680	-1
3.8680	-1
3.8680	-1
3.8680	-1
3.8680	-1
3.8682	-1
3.8682	-1
3.8682	-1
3.8682	-1
3.8682	-1
3.8682	-1
3.8684	-1
3.8684	-1
3.8684	-1
3.8685	-1
3.8685	-1
3.8685	-1
3.8702	1
3.8702	1
3.8703	1
3.8703	1
3.8703	1
3.8704	1
3.8704	1
3.8704	1
3.8705	1
3.8705	1
3.8727	-1
3.8727	-1
3.8727	-1
3.8727	-1
3.8727	-1
3.8727	-1
3.8730	-1
3.8730	-1
3.8730	-1
3.8730	-1
3.8730	-1
3.8730	-1
3.8732	-1
3.8732	-1
3.8732	-1
3.8732	-1
3.8732	-1
3.8732	-1
3.8734	-1
3.8734	-1
3.8734	-1
3.8734	-1
3.8734	-1
3.8734	-1
3.8736	-1
3.8736	-1
3.8736	-1
3.8736	-1
3.8736	-1
3.8736	-1
3.8757	-2
3.8770	1
3.8770	1
3.8771	1
3.8771	1
3.8771	1
3.8772	1
3.8772	1
3.8773	1
3.8773	1
3.8774	1
3.8774	1
3.8775	1
3.8775	1
3.8776	1
3.8777	1
3.8777	1
3.8779	-1
3.8779	-1
3.8779	-1
3.8779	-1
3.8779	-1
3.8779	-1
3.8781	-1
3.8781	-1
3.8781	-1
3.8781	-1
3.8781	-1
3.8781	-1
3.8784	-1
3.8784	-1
3.8784	-1
3.8784	-1
3.8784	-1
3.8784	-1
3.8791	-2
3.8819	-2
3.8840	1
3.8841	1
3.8841	1
3.8842	1
3.8842	1
3.8843	1
3.8843	1
3.8843	1
3.8844	1
3.8844	1
3.8845	1
3.8845	1
3.8854	-1
3.8854	-1
3.8854	-1
3.8854	-1
3.8854	-1
3.8854	-1
3.8857	-1
3.8857	-1
3.8857	-1
3.8857	-1
3.8857	-1
3.8857	-1
3.8860	-1
3.8860	-1
3.8860	-1
3.8860	-1
3.8860	-1
3.8860	-1
3.8862	-1
3.8862	-1
3.8862	-1
3.8862	-1
3.8862	-1
3.8862	-1
3.8863	2
3.8864	-1
3.8864	-1
3.8864	-1
3.8864	-1
3.8864	-1
3.8864	-1
3.8866	-1
3.8866	-1
3.8867	-1
3.8867	-1
3.8867	-1
3.8867	-1
3.8869	-1
3.8869	-1
3.8869	-1
3.8869	-1
3.8869	-1
3.8869	-1
3.8871	-1
3.8871	-1
3.8871	-1
3.8871	-1
3.8871	-1
3.8871	-1
3.8873	-1
3.8873	-1
3.8873	-1
3.8873	-1
3.8873	-1
3.8873	-1
3.8875	-1
3.8875	-1
3.8875	-1
3.8875	-1
3.8875	-1
3.8875	-1
3.8878	-2
3.8912	1
3.8913	1
3.8913	1
3.8914	1
3.8914	1
3.8915	1
3.8915	2
3.8915	1
3.8916	1
3.8916	1
3.8917	1
3.8917	1
3.8918	1
3.8918	1
3.8919	1
3.8919	1
3.8920	1
3.8920	1
3.8921	1
3.8921	1
3.8922	-1
3.8922	-1
3.8922	-1
3.8922	-1
3.8922	-1
3.8922	-1
3.8922	1
3.8924	-1
3.8924	-1
3.8924	-1
3.8924	-1
3.8924	-1
3.8924	-1
3.8934	-2
3.8979	1
3.8979	1
3.8979	1
3.8980	1
3.8980	1
3.8981	1
3.8981	1
3.8981	1
3.8983	-1
3.8983	-1
3.8983	-1
3.8983	-1
3.8983	-1
3.8984	-1
3.8986	-1
3.8986	-1
3.8986	-1
3.8986	-1
3.8986	-1
3.8986	-1
3.8988	-1
3.8988	-1
3.8988	-1
3.8988	-1
3.8988	-1
3.8988	-1
3.8990	-1
3.8991	-1
3.8991	-1
3.8991	-1
3.8991	-1
3.8991	-1
3.8993	-1
3.8993	-1
3.8993	-1
3.8993	-1
3.8993	-1
3.8993	-1
3.8995	-1
3.8995	-1
3.8995	-1
3.8995	-1
3.8995	-1
3.8995	-1
3.9040	1
3.9041	1
3.9041	1
3.9042	1
3.9042	1
3.9042	1
3.9043	1
3.9043	1
3.9044	1
3.9044	-2
3.9044	1
3.9044	1
3.9045	1
3.9045	1
3.9046	1
3.9049	-1
3.9049	-1
3.9049	-1
3.9049	-1
3.9049	-1
3.9050	-1
3.9052	-1
3.9052	-1
3.9052	-1
3.9052	-1
3.9052	-1
3.9052	-1
3.9054	-1
3.9054	-1
3.9054	-1
3.9054	-1
3.9054	-1
3.9054	-1
3.9056	-1
3.9056	-1
3.9056	-1
3.9056	-1
3.9056	-1
3.9056	-1
3.9063	-1
3.9063	-1
3.9063	-1
3.9063	-1
3.9063	-1
3.9063	-1
3.9070	-1
3.9070	-1
3.9070	-1
3.9070	-1
3.9070	-1
3.9070	-1
3.9072	-1
3.9073	-1
3.9073	-1
3.9073	-1
3.9073	-1
3.9073	-1
3.9075	-1
3.9075	-1
3.9075	-1
3.9075	-1
3.9075	-1
3.9075	-1
3.9104	-1
3.9104	-1
3.9104	-1
3.9104	-1
3.9104	-1
3.9104	-1
3.9106	-1
3.9106	-1
3.9106	-1
3.9106	-1
3.9106	-1
3.9106	-1
3.9119	-1
3.9119	-1
3.9119	-1
3.9119	-1
3.9119	-1
3.9119	-1
3.9128	-1
3.9128	-1
3.9128	-1
3.9128	-1
3.9128	-1
3.9128	-1
3.9130	-1
3.9130	-1
3.9130	-1
3.9130	-1
3.9130	-1
3.9130	-1
3.9131	-2
3.9133	-1
3.9133	-1
3.9133	-1
3.9133	-1
3.9133	-1
3.9133	-1
3.9172	-1
3.9172	-1
3.9172	-1
3.9172	-1
3.9172	-1
3.9172	-1
3.9174	-1
3.9174	-1
3.9174	-1
3.9174	-1
3.9174	-1
3.9174	-1
3.9176	-1
3.9176	-1
3.9176	-1
3.9176	-1
3.9176	-1
3.9176	-1
3.9188	-1
3.9188	-1
3.9188	-1
3.9188	-1
3.9188	-1
3.9188	-1
3.9190	-1
3.9190	-1
3.9190	-1
3.9190	-1
3.9190	-1
3.9190	-1
3.9191	-1
3.9192	-1
3.9192	-1
3.9192	-1
3.9192	-1
3.9192	-1
3.9212	-1
3.9212	-1
3.9212	-1
3.9212	-1
3.9212	-1
3.9212	-1
3.9213	-1
3.9214	-1
3.9214	-1
3.9214	-1
3.9214	-1
3.9214	-1
3.9215	-1
3.9215	-1
3.9215	-1
3.9215	-1
3.9215	-1
3.9215	-1
3.9237	-1
3.9237	-1
3.9237	-1
3.9237	-1
3.9238	-1
3.9238	-1
3.9239	-1
3.9239	-1
3.9239	-1
3.9239	-1
3.9239	-1
3.9240	-1
3.9241	-1
3.9241	-1
3.9241	-1
3.9241	-1
3.9241	-1
3.9241	-1
3.9243	-1
3.9243	-1
3.9243	-1
3.9243	-1
3.9243	-1
3.9243	-1
3.9244	-1
3.9244	-1
3.9244	-1
3.9244	-1
3.9244	-1
3.9244	-1
3.9246	-1
3.9246	-1
3.9246	-1
3.9246	-1
3.9246	-1
3.9246	-1
3.9255	-1
3.9255	-1
3.9255	-1
3.9255	-1
3.9255	-1
3.9255	-1
3.9278	-1
3.9278	-1
3.9278	-1
3.9278	-1
3.9278	-1
3.9278	-1
3.9280	-1
3.9280	-1
3.9280	-1
3.9280	-1
3.9280	-1
3.9280	-1
3.9281	-1
3.9281	-1
3.9281	-1
3.9281	-1
3.9281	-1
3.9281	-1
3.9282	2
3.9283	-1
3.9283	-1
3.9283	-1
3.9283	-1
3.9283	-1
3.9283	-1
3.9286	-1
3.9286	-1
3.9286	-1
3.9286	-1
3.9286	-1
3.9286	-1
3.9307	-1
3.9307	-1
3.9307	-1
3.9307	-1
3.9307	-1
3.9307	-1
3.9309	-1
3.9309	-1
3.9309	-1
3.9309	-1
3.9309	-1
3.9309	-1
3.9311	-1
3.9311	-1
3.9311	-1
3.9311	-1
3.9311	-1
3.9311	-1
3.9313	-1
3.9313	-1
3.9313	-1
3.9313	-1
3.9313	-1
3.9313	-1
3.9314	-1
3.9315	-1
3.9315	-1
3.9315	-1
3.9315	-1
3.9315	-1
3.9338	-1
3.9338	-1
3.9338	-1
3.9338	-1
3.9338	-1
3.9338	-1
3.9340	-1
3.9340	-1
3.9340	-1
3.9340	-1
3.9340	-1
3.9340	-1
3.9341	-1
3.9341	-1
3.9342	-1
3.9342	-1
3.9342	-1
3.9342	-1
3.9343	-1
3.9343	-1
3.9343	-1
3.9343	-1
3.9343	-1
3.9343	-1
3.9355	-1
3.9355	-1
3.9355	-1
3.9355	-1
3.9355	-1
3.9355	-1
3.9374	-1
3.9374	-1
3.9374	-1
3.9374	-1
3.9374	-1
3.9374	-1
3.9376	-1
3.9376	-1
3.9376	-1
3.9376	-1
3.9376	-1
3.9376	-1
3.9394	-2
3.9409	-1
3.9409	-1
3.9409	-1
3.9409	-1
3.9409	-1
3.9409	-1
3.9412	-1
3.9413	-1
3.9413	-1
3.9413	-1
3.9413	-1
3.9413	-1
3.9414	-1
3.9414	-1
3.9414	-1
3.9414	-1
3.9415	-1
3.9415	-1
3.9416	-1
3.9416	-1
3.9416	-1
3.9416	-1
3.9416	-1
3.9416	-1
3.9418	-1
3.9418	-1
3.9418	-1
3.9418	-1
3.9418	-1
3.9418	-1
3.9420	-1
3.9420	-1
3.9420	-1
3.9420	-1
3.9420	-1
3.9420	-1
3.9422	-1
3.9422	-1
3.9422	-1
3.9422	-1
3.9422	-1
3.9422	-1
3.9423	-1
3.9423	-1
3.9423	-1
3.9423	-1
3.9423	-1
3.9423	-1
3.9425	-1
3.9425	-1
3.9425	-1
3.9425	2
3.9425	-1
3.9425	-1
3.9425	-1
3.9428	2
3.9430	-1
3.9430	-1
3.9430	-1
3.9430	-1
3.9430	-1
3.9430	-1
3.9432	-1
3.9432	-1
3.9432	-1
3.9432	-1
3.9432	-1
3.9432	-1
3.9433	-1
3.9433	-1
3.9433	-1
3.9433	-1
3.9433	-1
3.9433	-1
3.9438	-1
3.9438	-1
3.9438	-1
3.9438	-1
3.9438	-1
3.9438	-1
3.9480	-1
3.9480	-1
3.9480	-1
3.9480	-1
3.9480	-1
3.9480	-1
3.9482	-1
3.9482	-1
3.9482	-1
3.9482	-1
3.9482	-1
3.9482	-1
3.9483	-1
3.9483	-1
3.9484	-1
3.9484	-1
3.9484	-1
3.9484	-1
3.9496	-1
3.9496	-1
3.9496	-1
3.9496	-1
3.9496	-1
3.9496	-1
3.9498	-1
3.9498	-1
3.9498	-1
3.9498	-1
3.9498	-1
3.9498	-1
3.9499	-2
3.9500	-1
3.9500	-1
3.9500	-1
3.9500	-1
3.9500	-1
3.9500	-1
3.9501	-1
3.9501	-1
3.9501	-1
3.9501	-1
3.9501	-1
3.9501	-1
3.9503	-1
3.9503	-1
3.9503	-1
3.9503	-1
3.9503	-1
3.9503	-1
3.9535	-1
3.9535	-1
3.9535	-1
3.9535	-1
3.9536	-1
3.9536	-1
3.9546	-2
3.9552	-1
3.9552	-1
3.9552	-1
3.9552	-1
3.9552	-1
3.9552	-1
3.9554	-1
3.9554	-1
3.9554	-1
3.9554	-1
3.9554	-1
3.9554	-1
3.9556	-1
3.9556	-1
3.9556	-1
3.9556	-1
3.9556	-1
3.9556	-1
3.9558	-1
3.9558	-1
3.9558	-1
3.9558	-1
3.9558	-1
3.9558	-1
3.9560	-1
3.9560	-1
3.9560	-1
3.9560	-1
3.9560	-1
3.9560	-1
3.9613	-1
3.9613	-1
3.9613	-1
3.9613	-1
3.9613	-1
3.9613	-1
3.9615	-1
3.9615	-1
3.9615	-1
3.9615	-1
3.9615	-1
3.9615	-1
3.9617	-1
3.9617	-1
3.9617	-1
3.9617	-1
3.9617	-1
3.9617	-1
3.9619	-1
3.9619	-1
3.9619	-1
3.9619	-1
3.9619	-1
3.9619	-1
3.9621	-1
3.9621	-1
3.9621	-1
3.9622	-1
3.9622	-1
3.9622	-1
3.9623	-1
3.9623	-1
3.9623	-1
3.9623	-1
3.9623	-1
3.9623	-1
3.9667	-1
3.9667	-1
3.9667	-1
3.9667	-1
3.9667	-1
3.9667	-1
3.9685	-1
3.9686	-1
3.9686	-1
3.9686	-1
3.9686	-1
3.9686	-1
3.9694	-1
3.9694	-1
3.9694	-1
3.9694	-1
3.9694	-1
3.9694	-1
3.9695	-1
3.9696	-1
3.9696	-1
3.9696	-1
3.9696	-1
3.9696	-1
3.9697	-1
3.9697	-1
3.9697	-1
3.9697	-1
3.9698	-1
3.9698	-1
3.9699	-1
3.9699	-1
3.9699	-1
3.9699	-1
3.9699	-1
3.9699	-1
3.9700	-2
3.9701	-1
3.9701	-1
3.9701	-1
3.9701	-1
3.9702	-1
3.9702	-1
3.9706	-2
3.9733	-1
3.9733	-1
3.9733	-1
3.9733	-1
3.9733	-1
3.9733	-1
3.9735	-1
3.9735	-1
3.9735	-1
3.9735	-1
3.9735	-1
3.9735	-1
3.9737	-1
3.9737	-1
3.9737	-1
3.9737	-1
3.9738	-1
3.9738	-1
3.9739	-1
3.9739	-1
3.9739	-1
3.9739	-1
3.9739	-1
3.9739	-1
3.9740	-1
3.9740	-1
3.9741	-1
3.9741	-1
3.9741	-1
3.9741	-1
3.9742	-1
3.9743	-1
3.9743	-1
3.9743	-1
3.9743	-1
3.9743	-1
3.9744	-1
3.9744	-1
3.9744	-1
3.9744	-1
3.9744	-1
3.9744	-1
3.9746	-1
3.9746	-1
3.9746	-1
3.9746	-1
3.9746	-1
3.9746	-1
3.9748	-1
3.9748	-1
3.9748	-1
3.9748	-1
3.9748	-1
3.9748	-1
3.9750	-1
3.9750	-1
3.9750	-1
3.9750	-1
3.9750	-1
3.9750	-1
3.9751	-1
3.9751	-1
3.9751	-1
3.9751	-1
3.9751	-1
3.9751	-1
3.9753	-1
3.9753	-1
3.9753	-1
3.9753	-1
3.9753	-1
3.9753	-1
3.9811	-1
3.9811	-1
3.9811	-1
3.9811	-1
3.9811	-1
3.9811	-1
3.9818	-1
3.9818	-1
3.9818	-1
3.9818	-1
3.9818	-1
3.9818	-1
3.9820	-1
3.9820	-1
3.9820	-1
3.9820	-1
3.9820	-1
3.9820	-1
3.9822	-1
3.9822	-1
3.9822	-1
3.9822	-1
3.9822	-1
3.9822	-1
3.9824	-1
3.9824	-1
3.9824	-1
3.9824	-1
3.9824	-1
3.9824	-1
3.9825	-1
3.9825	-1
3.9825	-1
3.9825	-1
3.9825	-1
3.9825	-1
3.9846	-1
3.9846	-1
3.9846	-1
3.9846	-1
3.9847	-1
3.9847	-1
3.9855	-1
3.9855	-1
3.9855	-1
3.9855	-1
3.9855	-1
3.9856	-1
3.9873	-1
3.9873	-1
3.9873	-1
3.9873	-1
3.9873	-1
3.9873	-1
3.9879	-1
3.9879	-1
3.9879	-1
3.9879	-1
3.9879	-1
3.9879	-1
3.9879	-2
3.9880	-1
3.9880	-1
3.9880	-1
3.9880	-1
3.9881	-1
3.9881	-1
3.9882	-1
3.9882	-1
3.9882	-1
3.9882	-1
3.9882	-1
3.9883	-1
3.9884	-1
3.9884	-1
3.9884	-1
3.9884	-1
3.9884	-1
3.9884	-1
3.9886	-1
3.9886	-1
3.9886	-1
3.9886	-1
3.9886	-1
3.9886	-1
3.9888	-1
3.9888	-1
3.9888	-1
3.9888	-1
3.9888	-1
3.9888	-1
3.9889	-1
3.9889	-1
3.9889	-1
3.9890	-1
3.9890	-1
3.9890	-1
3.9891	-1
3.9891	-1
3.9891	-1
3.9891	-1
3.9891	-1
3.9891	-1
3.9892	-1
3.9892	-1
3.9893	-1
3.9893	-1
3.9893	-1
3.9893	-1
3.9894	-1
3.9894	-1
3.9894	-1
3.9894	-1
3.9894	-1
3.9894	-1
3.9909	2
3.9911	-2
3.9920	-1
3.9920	-1
3.9920	-1
3.9920	-1
3.9920	-1
3.9920	-1
3.9922	-1
3.9922	-1
3.9922	-1
3.9922	-1
3.9922	-1
3.9922	-1
3.9923	-1
3.9923	-1
3.9923	-1
3.9923	-1
3.9924	-1
3.9924	-1
3.9925	-1
3.9925	-1
3.9925	-1
3.9925	-1
3.9925	-1
3.9925	-1
3.9927	-1
3.9927	-1
3.9927	-1
3.9927	-1
3.9927	-1
3.9927	-1
3.9928	-1
3.9928	-1
3.9928	-1
3.9928	-1
3.9928	-1
3.9928	-1
3.9930	-1
3.9930	-1
3.9930	-1
3.9930	-1
3.9930	-1
3.9930	-1
3.9931	-1
3.9931	-1
3.9932	-1
3.9932	-1
3.9932	-1
3.9932	-1
3.9933	-1
3.9933	-1
3.9933	-1
3.9933	-1
3.9933	-1
3.9933	-1
3.9935	-1
3.9935	-1
3.9935	-1
3.9935	-1
3.9935	-1
3.9935	-1
3.9936	-1
3.9936	-1
3.9936	-1
3.9936	-1
3.9936	-1
3.9936	-1
3.9981	-1
3.9981	-1
3.9981	-1
3.9981	-1
3.9981	-1
3.9982	-1
3.9986	-1
3.9986	-1
3.9986	-1
3.9986	-1
3.9986	-1
3.9986	-1
4.0011	-1
4.0011	-1
4.0012	-1
4.0012	-1
4.0012	-1
4.0012	-1
4.0015	1
4.0017	1
4.0019	1
4.0021	-1
4.0022	-1
4.0022	-1
4.0022	-1
4.0022	-1
4.0022	-1
4.0026	1
4.0029	-1
4.0029	-1
4.0029	-1
4.0029	-1
4.0029	-1
4.0029	-1
4.0034	-1
4.0034	-1
4.0034	-1
4.0034	-1
4.0034	-1
4.0034	-1
4.0039	-1
4.0040	-1
4.0040	-1
4.0040	-1
4.0040	-1
4.0040	-1
4.0042	-1
4.0042	-1
4.0042	-1
4.0042	-1
4.0042	-1
4.0042	-1
4.0044	-1
4.0044	-1
4.0044	-1
4.0044	-1
4.0044	-1
4.0044	-1
4.0045	-1
4.0045	-1
4.0045	-1
4.0045	-1
4.0045	-1
4.0046	-1
4.0047	-1
4.0047	-1
4.0047	-1
4.0047	-1
4.0047	-1
4.0047	-1
4.0049	-1
4.0049	-1
4.0049	-1
4.0049	-1
4.0049	-1
4.0049	-1
4.0050	-1
4.0050	-1
4.0051	-1
4.0051	-1
4.0051	-1
4.0051	-1
4.0052	-1
4.0052	-1
4.0052	-1
4.0052	-1
4.0052	-1
4.0052	-1
4.0054	-1
4.0054	-1
4.0054	-1
4.0054	-1
4.0054	-1
4.0054	-1
4.0055	-1
4.0055	-1
4.0055	-1
4.0055	-1
4.0055	-1
4.0055	-1
4.0068	-1
4.0069	-1
4.0069	-1
4.0069	-1
4.0069	-1
4.0069	-1
4.0070	-1
4.0070	-1
4.0070	-1
4.0070	-1
4.0070	-1
4.0070	-1
4.0072	-1
4.0072	-1
4.0072	-1
4.0072	-1
4.0072	-1
4.0072	-1
4.0073	-1
4.0073	-1
4.0073	-1
4.0073	-1
4.0073	-1
4.0074	-1
4.0075	-1
4.0075	-1
4.0075	-1
4.0075	-1
4.0075	-1
4.0075	-1
4.0082	-1
4.0082	-1
4.0082	-1
4.0082	-1
4.0082	-1
4.0082	-1
4.0100	-1
4.0100	-1
4.0100	-1
4.0102	-1
4.0102	-1
4.0102	-1
4.0102	-1
4.0102	-1
4.0102	-1
4.0113	-1
4.0113	-1
4.0113	-1
4.0113	-1
4.0113	-1
4.0113	-1
4.0116	-1
4.0116	-1
4.0116	-1
4.0116	-1
4.0116	-1
4.0116	-1
4.0121	-1
4.0121	-1
4.0121	-1
4.0121	-1
4.0121	-1
4.0121	-1
4.0182	-2
4.0321	1
4.0342	-1
4.0347	1
4.0348	1
4.0362	-1
4.0362	-1
4.0374	-2
4.0439	2
4.0496	1
4.0517	-1
4.0522	1
4.0522	1
4.0530	-1
4.0530	-1
4.0539	-1
4.0627	2
4.0682	1
4.0704	-1
4.0709	1
4.0709	1
4.0714	-2
4.0723	-1
4.0724	-1
4.0737	2
4.0770	2
4.0868	1
4.0890	-1
4.0895	1
4.0896	1
4.0902	2
4.0905	-1
4.0913	-1
4.0922	-2
4.1054	1
4.1074	-1
4.1079	1
4.1080	1
4.1090	-1
4.1113	-1
4.1128	-2
4.1129	-2
4.1169	-2
4.1230	1
4.1243	-2
4.1249	-1
4.1253	1
4.1254	1
4.1264	-1
4.1273	-1
4.1410	1
4.1431	-1
4.1435	1
4.1436	1
4.1442	-2
4.1452	-1
4.1452	-1
4.1496	2
4.1528	-2
4.1578	-2
4.1592	1
4.1612	-1
4.1619	2
4.1619	1
4.1620	1
4.1630	-1
4.1630	-1
4.1630	-1
4.1630	-1
4.1630	-1
4.1637	-1
4.1668	-2
4.1736	2
4.1772	1
4.1780	-2
4.1793	-1
4.1800	1
4.1801	1
4.1810	-1
4.1810	-1
4.1810	-1
4.1810	-1
4.1810	-1
4.1810	-1
4.1812	-1
4.1812	-1
4.1812	-1
4.1812	-1
4.1812	-1
4.1812	-1
4.1823	1
4.1830	-1
4.1831	-1
4.1831	-1
4.1831	-1
4.1831	-1
4.1866	-2
4.1884	2
4.1939	-2
4.1962	-2
4.1978	1
4.2001	-1
4.2007	1
4.2008	1
4.2017	-1
4.2017	-1
4.2017	-1
4.2017	-1
4.2017	-1
4.2017	-1
4.2019	-1
4.2019	-1
4.2019	-1
4.2019	-1
4.2019	-1
4.2019	-1
4.2024	1
4.2033	-1
4.2033	-1
4.2033	-1
4.2062	-2
4.2070	-2
4.2073	2
4.2132	-2
4.2135	2
4.2170	1
4.2192	-1
4.2196	1
4.2197	1
4.2211	-2
4.2215	-1
4.2215	-1
4.2215	-1
4.2215	-1
4.2215	-1
4.2215	-1
4.2216	-1
4.2216	-1
4.2216	-1
4.2216	-1
4.2216	-1
4.2340	2
4.2348	1
4.2368	-1
4.2372	1
4.2372	1
4.2381	-1
4.2381	-1
4.2381	-1
4.2381	-1
4.2381	-1
4.2382	-1
4.2382	-2
4.2383	-1
4.2383	-1
4.2383	-1
4.2383	-1
4.2383	-1
4.2383	-1
4.2387	1
4.2394	-1
4.2394	-1
4.2394	-1
4.2394	-1
4.2394	-1
4.2394	-1
4.2438	-2
4.2525	1
4.2543	-1
4.2548	1
4.2549	1
4.2557	-1
4.2557	-1
4.2557	-1
4.2557	-1
4.2557	-1
4.2557	-1
4.2559	-1
4.2559	-1
4.2559	-1
4.2559	-1
4.2559	-1
4.2559	-1
4.2563	1
4.2571	-1
4.2571	-1
4.2571	-1
4.2571	-1
4.2571	-1
4.2587	2
4.2684	-2
4.2703	1
4.2706	-2
4.2724	-1
4.2728	1
4.2729	1
4.2737	-1
4.2737	-1
4.2737	-1
4.2737	-1
4.2737	-1
4.2737	-1
4.2738	-1
4.2738	-1
4.2738	-1
4.2738	-1
4.2739	-1
4.2739	-1
4.2742	1
4.2749	-1
4.2749	-1
4.2880	1
4.2900	-1
4.2905	1
4.2905	1
4.2915	-1
4.2915	-1
4.2915	-1
4.2915	-1
4.2915	-1
4.2915	-1
4.2916	-1
4.2916	-1
4.2916	-1
4.3009	-2
4.3048	1
4.3069	-1
4.3073	1
4.3074	1
4.3078	-2
4.3091	-1
4.3092	-1
4.3092	-1
4.3092	-1
4.3092	-1
4.3093	-1
4.3200	-2
4.3207	-2
4.3226	1
4.3247	-1
4.3251	1
4.3252	1
4.3265	-1
4.3266	-1
4.3266	-1
4.3266	-1
4.3266	-1
4.3266	-1
4.3267	-1
4.3267	-1
4.3267	-1
4.3267	-1
4.3271	2
4.3291	2
4.3304	2
4.3308	2
4.3318	-2
4.3411	1
4.3431	-1
4.3437	1
4.3438	1
4.3457	-1
4.3457	-1
4.3457	-1
4.3457	-1
4.3458	-1
4.3458	-1
4.3459	-1
4.3459	-1
4.3459	-1
4.3459	-1
4.3459	-1
4.3459	-1
4.3465	1
4.3466	1
4.3467	1
4.3485	-1
4.3485	-1
4.3485	-1
4.3485	-1
4.3485	-1
4.3485	-1
4.3486	-1
4.3486	-1
4.3486	-1
4.3486	-1
4.3486	-1
4.3486	-1
4.3487	-1
4.3496	-2
4.3622	1
4.3642	-1
4.3647	1
4.3647	1
4.3668	-1
4.3668	-1
4.3668	-1
4.3668	-1
4.3668	-1
4.3668	-1
4.3669	-1
4.3669	-1
4.3669	-1
4.3669	-1
4.3669	-1
4.3669	-1
4.3676	1
4.3677	1
4.3690	-2
4.3694	-1
4.3694	-1
4.3694	-1
4.3694	-1
4.3694	-1
4.3694	-1
4.3695	-1
4.3831	1
4.3853	-1
4.3859	1
4.3859	1
4.3883	-1
4.3884	-1
4.3886	-2
4.3896	-2
4.3909	2
4.3912	-2
4.4026	1
4.4051	-1
4.4056	1
4.4057	1
4.4071	-1
4.4071	-1
4.4111	-2
4.4207	-2
4.4214	1
4.4219	-2
4.4239	-1
4.4244	1
4.4245	1
4.4262	-1
4.4262	-1
4.4400	1
4.4420	-1
4.4424	1
4.4425	1
4.4434	-1
4.4434	-1
4.4434	-1
4.4434	-1
4.4434	-1
4.4434	-1
4.4435	-1
4.4435	-1
4.4435	-1
4.4435	-1
4.4435	-1
4.4435	-1
4.4441	1
4.4442	1
4.4442	1
4.4449	-2
4.4453	-1
4.4453	-1
4.4453	-1
4.4453	-1
4.4453	-1
4.4453	-1
4.4454	-1
4.4454	-1
4.4454	-1
4.4454	-1
4.4454	-1
4.4454	-1
4.4455	-1
4.4455	-1
4.4546	2
4.4551	-2
4.4589	1
4.4614	-1
4.4619	1
4.4620	1
4.4627	-1
4.4637	-1
4.4641	-2
4.4778	1
4.4801	-1
4.4806	1
4.4806	1
4.4826	-1
4.4827	-1
4.4918	-2
4.4925	2
4.4962	1
4.4983	-1
4.4988	1
4.4989	1
4.4999	-2
4.5001	-1
4.5010	-1
4.5076	-2
4.5124	-2
4.5141	1
4.5149	-2
4.5153	-2
4.5163	-1
4.5168	1
4.5168	1
4.5185	-1
4.5185	-1
4.5195	2
4.5253	-2
4.5328	1
4.5349	-1
4.5354	1
4.5354	1
4.5358	2
4.5370	-1
4.5371	-1
4.5412	-2
4.5501	-2
4.5503	-2
4.5510	1
4.5520	2
4.5531	-1
4.5535	1
4.5536	1
4.5544	-1
4.5544	-1
4.5544	-1
4.5544	-1
4.5544	-1
4.5544	-1
4.5545	-1
4.5545	-1
4.5545	-1
4.5546	-1
4.5546	-1
4.5546	-1
4.5550	1
4.5550	1
4.5551	1
4.5551	1
4.5560	-1
4.5560	-1
4.5560	-1
4.5560	-1
4.5560	-1
4.5560	-1
4.5561	-1
4.5561	-1
4.5561	-1
4.5561	-1
4.5561	-1
4.5561	-1
4.5562	-1
4.5562	-1
4.5562	-1
4.5562	-1
4.5563	-1
4.5563	-1
4.5564	-1
4.5564	-1
4.5564	-1
4.5564	-1
4.5564	-1
4.5564	-1
4.5703	1
4.5723	-1
4.5728	1
4.5729	1
4.5738	-2
4.5745	-1
4.5746	-1
4.5788	-2
4.5811	-2
4.5880	1
4.5902	-1
4.5906	1
4.5907	1
4.5925	-1
4.5925	-1
4.5925	-1
4.5925	-1
4.5925	-1
4.5925	-1
4.5927	-1
4.5927	-1
4.5927	-1
4.5927	-1
4.5927	-1
4.5927	-1
4.5932	1
4.5932	1
4.5933	1
4.5933	1
4.5954	-1
4.5955	-1
4.5955	-1
4.5955	-1
4.5955	-1
4.5955	-1
4.5956	-1
4.5956	-1
4.5956	-1
4.5956	-1
4.5956	-1
4.5956	-1
4.5961	-1
4.5961	-1
4.5961	-1
4.5961	-1
4.5961	-1
4.5961	-1
4.5962	-1
4.5962	-1
4.5962	-1
4.5963	-1
4.5963	-1
4.5963	-1
4.5964	1
4.5964	1
4.5965	1
4.5965	1
4.5971	1
4.5972	1
4.5972	1
4.5973	1
4.5997	-1
4.5998	-1
4.5998	-1
4.5998	-1
4.5998	-1
4.5998	-1
4.5999	-1
4.5999	-1
4.5999	-1
4.5999	-1
4.5999	-1
4.5999	-1
4.6011	1
4.6015	1
4.6016	1
4.6017	1
4.6020	-1
4.6020	-1
4.6020	-1
4.6020	-1
4.6020	-1
4.6020	-1
4.6025	1
4.6026	1
4.6028	-1
4.6028	-1
4.6028	-1
4.6028	-1
4.6028	-1
4.6028	-1
4.6030	-1
4.6030	-1
4.6030	-1
4.6030	-1
4.6030	-1
4.6030	-1
4.6032	-1
4.6032	-1
4.6032	-1
4.6032	-1
4.6032	-1
4.6032	-1
4.6033	-1
4.6033	-1
4.6033	-1
4.6033	-1
4.6033	-1
4.6033	-1
4.6034	-1
4.6034	-1
4.6034	-1
4.6034	-1
4.6035	-1
4.6035	-1
4.6049	1
4.6049	1
4.6050	1
4.6050	1
4.6050	1
4.6051	1
4.6052	1
4.6052	1
4.6052	1
4.6082	-1
4.6082	-1
4.6082	-1
4.6082	-1
4.6082	-1
4.6082	-1
4.6083	-1
4.6083	-1
4.6083	-1
4.6083	-1
4.6084	-1
4.6084	-1
4.6085	-1
4.6085	-1
4.6085	-1
4.6085	-1
4.6085	-1
4.6085	-1
4.6087	-1
4.6087	-1
4.6087	-1
4.6087	-1
4.6087	-1
4.6087	-1
4.6089	-1
4.6089	-1
4.6089	-1
4.6089	-1
4.6089	-1
4.6089	-1
4.6094	-1
4.6094	-1
4.6094	-1
4.6094	-1
4.6094	-1
4.6094	-1
4.6099	-2
4.6117	-2
4.6122	-1
4.6122	-1
4.6122	-1
4.6122	-1
4.6122	-1
4.6122	-1
4.6130	-1
4.6130	-1
4.6130	-1
4.6131	-1
4.6131	-1
4.6131	-1
4.6132	-1
4.6132	-1
4.6132	-1
4.6132	-1
4.6132	-1
4.6132	-1
4.6133	-1
4.6133	-1
4.6133	-1
4.6133	-1
4.6133	-1
4.6133	-1
4.6134	-1
4.6135	-1
4.6135	-1
4.6135	-1
4.6135	-1
4.6135	-1
4.6136	-1
4.6136	-1
4.6136	-1
4.6136	-1
4.6136	-1
4.6137	-1
4.6151	-1
4.6151	-1
4.6151	-1
4.6151	-1
4.6151	-1
4.6151	-1
4.6153	-1
4.6153	-1
4.6153	-1
4.6153	-1
4.6153	-1
4.6153	-1
4.6154	-1
4.6154	-1
4.6154	-1
4.6180	2
4.6185	-2
4.6227	2
4.6260	-2
4.6288	1
4.6291	2
4.6311	-1
4.6317	1
4.6318	1
4.6327	-1
4.6327	-1
4.6327	-1
4.6336	-1
4.6345	2
4.6394	2
4.6403	-2
4.6464	1
4.6485	-1
4.6486	-2
4.6490	1
4.6490	1
4.6513	-1
4.6513	-1
4.6513	-1
4.6513	-1
4.6513	-1
4.6513	-1
4.6514	-2
4.6515	-1
4.6515	-1
4.6515	-1
4.6515	-1
4.6515	-1
4.6515	-1
4.6520	1
4.6525	2
4.6535	-1
4.6535	-1
4.6535	-1
4.6553	-2
4.6677	1
4.6700	-1
4.6705	1
4.6706	1
4.6721	-1
4.6721	-1
4.6744	-2
4.6820	-2
4.6821	-2
4.6833	-2
4.6852	1
4.6872	-1
4.6876	1
4.6877	1
4.6884	-1
4.6892	-1
4.6896	-2
4.6900	2
4.6961	-2
4.7020	1
4.7040	-1
4.7040	-2
4.7045	1
4.7046	1
4.7050	2
4.7053	-1
4.7060	-1
4.7066	-2
4.7143	2
4.7149	2
4.7187	1
4.7208	-1
4.7213	1
4.7214	1
4.7224	-1
4.7229	-1
4.7245	-2
4.7353	-2
4.7361	1
4.7380	-1
4.7385	1
4.7385	1
4.7393	-1
4.7401	-1
4.7429	2
4.7484	-2
4.7497	-2
4.7543	1
4.7563	-1
4.7567	1
4.7568	1
4.7584	-1
4.7585	-1
4.7738	1
4.7760	-1
4.7764	1
4.7764	1
4.7770	-2
4.7774	-1
4.7774	-1
4.7774	-1
4.7774	-1
4.7774	-1
4.7774	-1
4.7776	-1
4.7776	-1
4.7776	-1
4.7776	-1
4.7776	-1
4.7776	-1
4.7780	1
4.7781	1
4.7781	1
4.7781	1
4.7789	-2
4.7789	-1
4.7789	-1
4.7789	-1
4.7789	-1
4.7789	-1
4.7789	-1
4.7790	-1
4.7790	-1
4.7790	-1
4.7790	-1
4.7790	-1
4.7790	-1
4.7792	-1
4.7792	-1
4.7792	-1
4.7792	-1
4.7792	-1
4.7792	-1
4.7796	-2
4.7797	1
4.7798	1
4.7798	1
4.7799	-1
4.7799	1
4.7799	-1
4.7799	-1
4.7799	-1
4.7799	-1
4.7799	-1
4.7799	1
4.7800	1
4.7807	1
4.7807	1
4.7818	-1
4.7818	-1
4.7818	-1
4.7818	-1
4.7818	-1
4.7818	-1
4.7820	-1
4.7820	-1
4.7820	-1
4.7820	-1
4.7820	-1
4.7820	-1
4.7821	-1
4.7821	-1
4.7821	-1
4.7821	-1
4.7821	-1
4.7821	-1
4.7822	-1
4.7822	-1
4.7823	-1
4.7823	-1
4.7823	-1
4.7823	-1
4.7824	-1
4.7824	-1
4.7824	-1
4.7824	-1
4.7824	-1
4.7824	-1
4.7825	-1
4.7825	-1
4.7825	-1
4.7825	-1
4.7825	-1
4.7825	-1
4.7827	-1
4.7827	-1
4.7827	-1
4.7827	-1
4.7827	-1
4.7827	-1
4.7832	1
4.7832	1
4.7833	-2
4.7838	-1
4.7839	-1
4.7839	-1
4.7839	-1
4.7839	-1
4.7839	-1
4.7839	-2
4.7845	-1
4.7845	-1
4.7845	-1
4.7845	-1
4.7845	-1
4.7845	-1
4.7847	-1
4.7847	-1
4.7847	-1
4.7909	2
4.7923	2
4.7925	-2
4.7985	1
4.8007	-1
4.8011	1
4.8012	1
4.8027	-1
4.8028	-1
4.8074	-2
4.8163	1
4.8170	-2
4.8188	-1
4.8195	1
4.8196	1
4.8205	-2
4.8205	-1
4.8213	-1
4.8231	-2
4.8344	1
4.8364	-1
4.8368	1
4.8369	1
4.8378	-1
4.8378	-1
4.8378	-1
4.8378	-1
4.8378	-1
4.8378	-1
4.8380	-1
4.8380	-1
4.8380	-1
4.8380	-1
4.8380	-1
4.8380	-1
4.8384	1
4.8384	1
4.8385	1
4.8385	1
4.8393	-1
4.8393	-1
4.8393	-1
4.8393	-1
4.8393	-1
4.8393	-1
4.8394	-1
4.8395	-1
4.8395	-1
4.8395	-1
4.8395	-1
4.8395	-1
4.8396	-1
4.8396	-1
4.8396	-1
4.8396	-1
4.8396	-1
4.8396	-1
4.8403	-1
4.8403	-1
4.8453	-2
4.8457	2
4.8534	1
4.8556	-1
4.8560	1
4.8561	1
4.8577	-1
4.8577	-1
4.8577	-1
4.8577	-1
4.8577	-1
4.8577	-1
4.8579	-1
4.8579	-1
4.8579	-1
4.8579	-1
4.8579	-1
4.8579	-1
4.8583	1
4.8583	1
4.8584	1
4.8584	1
4.8606	-1
4.8607	-1
4.8607	-1
4.8607	-1
4.8607	-1
4.8607	-1
4.8608	-1
4.8608	-1
4.8608	-1
4.8608	-1
4.8608	-1
4.8608	-1
4.8609	-1
4.8609	-1
4.8609	-1
4.8609	-1
4.8609	-1
4.8609	-1
4.8611	-1
4.8611	-1
4.8611	-1
4.8611	-1
4.8611	-1
4.8611	-1
4.8614	1
4.8614	1
4.8615	1
4.8615	1
4.8617	1
4.8617	1
4.8623	1
4.8624	1
4.8648	-2
4.8652	2
4.8658	-1
4.8658	-1
4.8658	-1
4.8658	-1
4.8658	-1
4.8658	-1
4.8659	-1
4.8659	-1
4.8659	-1
4.8659	-1
4.8659	-1
4.8659	-1
4.8661	-1
4.8662	-1
4.8662	-1
4.8662	-1
4.8662	-1
4.8662	-1
4.8663	-1
4.8663	-1
4.8663	-1
4.8663	-1
4.8663	-1
4.8663	-1
4.8664	-1
4.8664	-1
4.8664	-1
4.8664	-1
4.8664	-1
4.8664	-1
4.8665	-1
4.8665	-1
4.8665	-1
4.8665	-1
4.8665	-1
4.8666	-1
4.8667	-1
4.8667	-1
4.8667	-1
4.8667	-1
4.8667	-1
4.8667	-1
4.8668	-1
4.8668	-1
4.8669	-1
4.8669	-1
4.8669	-1
4.8669	-1
4.8672	1
4.8674	1
4.8675	1
4.8676	1
4.8677	1
4.8678	1
4.8683	1
4.8683	1
4.8684	1
4.8684	1
4.8685	1
4.8687	-2
4.8705	-1
4.8705	-1
4.8705	-1
4.8705	-1
4.8705	-1
4.8705	-1
4.8727	-1
4.8728	-1
4.8728	-1
4.8728	-1
4.8728	-1
4.8728	-1
4.8735	-1
4.8735	-1
4.8735	-1
4.8735	-1
4.8735	-1
4.8735	-1
4.8743	-1
4.8743	-1
4.8743	-1
4.8743	-1
4.8743	-1
4.8743	-1
4.8752	-1
4.8752	-1
4.8752	-1
4.8752	-1
4.8752	-1
4.8753	-1
4.8754	-1
4.8754	-1
4.8754	-1
4.8754	-1
4.8754	-1
4.8754	-1
4.8755	-1
4.8755	-1
4.8755	-1
4.8755	-1
4.8755	-1
4.8755	-1
4.8759	-1
4.8759	-1
4.8759	-1
4.8759	-1
4.8759	-1
4.8759	-1
4.8763	-1
4.8763	-1
4.8763	-1
4.8763	-1
4.8763	-1
4.8763	-1
4.8765	-1
4.8765	-1
4.8765	-1
4.8765	-1
4.8765	-1
4.8765	-1
4.8767	-1
4.8767	-1
4.8767	-1
4.8767	-1
4.8876	-2
4.8936	-2
4.8960	-2
4.8978	1
4.9045	-1
4.9051	1
4.9051	1
4.9061	-1
4.9077	-1
4.9198	1
4.9221	-1
4.9226	1
4.9227	1
4.9246	-1
4.9246	-2
4.9247	-1
4.9330	-2
4.9335	-2
4.9345	-2
4.9386	1
4.9408	-1
4.9412	1
4.9413	1
4.9425	-2
4.9428	-1
4.9429	-1
4.9579	1
4.9600	-1
4.9604	1
4.9605	1
4.9607	-2
4.9612	-1
4.9622	-1
4.9748	1
4.9769	-2
4.9769	-1
4.9774	1
4.9774	1
4.9793	-1
4.9794	-1
4.9925	-2
4.9935	1
4.9957	-1
4.9961	1
4.9962	1
4.9981	-1
4.9981	-1
4.9981	-1
4.9981	-1
4.9981	-1
4.9981	-1
4.9982	-1
4.9982	-1
4.9982	-1
4.9982	-1
4.9982	-1
4.9982	-1
4.9987	1
4.9988	1
4.9988	1
4.9989	1
5.0008	-1
5.0009	-1
5.0009	-1
5.0009	-1
5.0009	-1
5.0009	-1
5.0015	1
5.0015	1
5.0016	-2
5.0017	-1
5.0017	-1
5.0017	-1
5.0018	-1
5.0018	-1
5.0018	-1
5.0020	-1
5.0020	-1
5.0020	-1
5.0020	-1
5.0020	-1
5.0020	-1
5.0022	-1
5.0022	-1
5.0022	-1
5.0022	-1
5.0022	-1
5.0023	-1
5.0023	2
5.0039	-1
5.0039	-1
5.0039	-1
5.0039	-1
5.0039	-1
5.0039	-1
5.0040	-1
5.0040	-1
5.0041	2
5.0086	-2
5.0174	1
5.0188	-2
5.0196	-1
5.0202	1
5.0202	1
5.0221	-1
5.0222	-1
5.0222	-1
5.0222	-1
5.0222	-1
5.0222	-1
5.0223	-1
5.0223	-1
5.0223	-1
5.0223	-1
5.0223	-1
5.0223	-1
5.0227	1
5.0240	-1
5.0240	-1
5.0240	-1
5.0248	-2
5.0260	2
5.0312	-2
5.0319	2
5.0373	1
5.0393	-1
5.0394	-2
5.0397	1
5.0397	1
5.0405	-1
5.0405	-1
5.0405	-1
5.0405	-1
5.0406	-1
5.0406	-1
5.0407	-1
5.0407	-1
5.0407	-1
5.0407	-1
5.0407	-1
5.0407	-1
5.0411	1
5.0411	1
5.0412	1
5.0412	1
5.0420	-1
5.0420	-1
5.0420	-1
5.0420	-1
5.0420	-1
5.0421	-1
5.0422	-1
5.0422	-1
5.0422	-1
5.0422	-1
5.0422	-1
5.0422	-1
5.0426	-1
5.0426	-1
5.0426	-1
5.0426	-1
5.0426	-1
5.0426	-1
5.0428	-1
5.0428	-1
5.0428	-1
5.0428	-1
5.0428	-1
5.0428	-1
5.0429	1
5.0429	1
5.0430	1
5.0430	1
5.0437	1
5.0437	1
5.0438	-2
5.0438	1
5.0438	1
5.0440	-1
5.0440	-1
5.0440	-1
5.0440	-1
5.0440	-1
5.0440	-1
5.0449	1
5.0449	1
5.0451	-1
5.0451	-1
5.0451	-1
5.0451	-1
5.0451	-1
5.0451	-1
5.0452	-1
5.0452	-1
5.0453	-1
5.0453	-1
5.0453	-1
5.0453	-1
5.0454	-1
5.0454	-1
5.0454	-1
5.0454	-1
5.0454	-1
5.0454	-1
5.0458	-1
5.0458	-1
5.0458	-1
5.0458	-1
5.0458	-1
5.0458	-1
5.0462	-1
5.0462	-1
5.0462	-1
5.0462	-1
5.0462	-1
5.0462	-1
5.0471	-1
5.0471	-1
5.0471	-1
5.0471	-1
5.0471	-1
5.0471	-1
5.0472	-1
5.0473	-1
5.0473	-1
5.0473	-1
5.0473	-1
5.0473	-1
5.0474	-1
5.0474	-1
5.0474	-1
5.0474	-1
5.0474	-1
5.0474	-1
5.0475	-1
5.0475	-1
5.0486	-2
5.0497	-2
5.0537	-2
5.0547	2
5.0596	-2
5.0597	2
5.0611	1
5.0631	-1
5.0635	1
5.0636	1
5.0643	-1
5.0650	-1
5.0709	-2
5.0747	-2
5.0785	1
5.0803	-2
5.0806	-1
5.0811	1
5.0811	1
5.0827	-1
5.0828	-1
5.0892	2
5.0940	2
5.0952	2
5.0958	1
5.0978	-1
5.0982	1
5.0982	1
5.0987	-2
5.0995	-1
5.0995	-1
5.1062	-2
5.1108	-2
5.1129	1
5.1149	-1
5.1154	1
5.1155	1
5.1156	-2
5.1177	-1
5.1177	-1
5.1177	-1
5.1177	-1
5.1177	-1
5.1177	-1
5.1179	-1
5.1179	-1
5.1179	-1
5.1179	-1
5.1179	-1
5.1179	-1
5.1184	1
5.1185	1
5.1185	1
5.1204	-1
5.1204	-1
5.1204	-1
5.1204	-1
5.1204	-1
5.1204	-1
5.1205	-1
5.1205	-1
5.1205	-1
5.1205	-1
5.1205	-1
5.1205	-1
5.1207	-1
5.1207	-1
5.1207	-1
5.1207	-1
5.1207	-1
5.1207	-1
5.1223	-2
5.1262	-2
5.1295	-2
5.1363	1
5.1371	-2
5.1395	-1
5.1400	1
5.1401	1
5.1416	-2
5.1423	-1
5.1423	-1
5.1423	-1
5.1423	-1
5.1423	-1
5.1423	-1
5.1424	-1
5.1424	-1
5.1424	-1
5.1424	-1
5.1424	-1
5.1424	-1
5.1425	-2
5.1429	1
5.1430	1
5.1430	1
5.1431	1
5.1457	-1
5.1457	-1
5.1457	-1
5.1457	-1
5.1457	-1
5.1457	-1
5.1459	-1
5.1459	-1
5.1459	-1
5.1459	-1
5.1459	-1
5.1459	-1
5.1460	-1
5.1460	-1
5.1460	-1
5.1460	-1
5.1460	-1
5.1460	-1
5.1462	-1
5.1462	-1
5.1462	-1
5.1462	-1
5.1462	-1
5.1462	-1
5.1465	1
5.1465	-2
5.1468	1
5.1468	1
5.1469	1
5.1487	-1
5.1487	-1
5.1487	-1
5.1487	-1
5.1487	-1
5.1487	-1
5.1494	-1
5.1494	-1
5.1494	-1
5.1494	-1
5.1494	-1
5.1494	-1
5.1499	-1
5.1499	-1
5.1499	-1
5.1499	-1
5.1499	-1
5.1499	-1
5.1500	-1
5.1500	-1
5.1500	-1
5.1509	-2
5.1582	-2
5.1587	2
5.1609	-2
5.1643	1
5.1663	-1
5.1667	1
5.1668	1
5.1686	-1
5.1686	-1
5.1686	-1
5.1686	-1
5.1686	-1
5.1686	-1
5.1688	-1
5.1688	-1
5.1688	-1
5.1688	-1
5.1688	-1
5.1688	-1
5.1693	1
5.1694	1
5.1694	1
5.1695	1
5.1698	-2
5.1716	-1
5.1716	-1
5.1716	-1
5.1716	-1
5.1716	-1
5.1716	-1
5.1718	-1
5.1718	-1
5.1718	-1
5.1718	-1
5.1718	-1
5.1718	-1
5.1723	-1
5.1723	-1
5.1723	-1
5.1723	-1
5.1723	-1
5.1723	-1
5.1724	1
5.1724	1
5.1725	-1
5.1725	-1
5.1725	-1
5.1725	-1
5.1725	-1
5.1725	-1
5.1746	-1
5.1747	-1
5.1747	-1
5.1747	-1
5.1747	-1
5.1747	-1
5.1748	-1
5.1748	-1
5.1748	-1
5.1748	-1
5.1748	-1
5.1748	-1
5.1909	1
5.1918	2
5.1931	-1
5.1937	1
5.1937	1
5.1952	-1
5.1953	-1
5.1976	2
5.1977	-2
5.2074	2
5.2085	-2
5.2094	1
5.2108	-2
5.2117	-1
5.2122	1
5.2123	1
5.2130	-1
5.2141	-1
5.2252	-2
5.2263	-2
5.2271	1
5.2272	-2
5.2292	-1
5.2297	1
5.2298	1
5.2312	-1
5.2313	-1
5.2390	-2
5.2454	1
5.2480	-1
5.2485	1
5.2485	1
5.2502	-1
5.2502	-1
5.2502	-1
5.2503	-1
5.2640	1
5.2650	2
5.2650	2
5.2661	-1
5.2665	1
5.2665	1
5.2682	-1
5.2682	-1
5.2682	-1
5.2682	-1
5.2682	-1
5.2682	-1
5.2683	-1
5.2684	-1
5.2684	-1
5.2701	2
5.2703	2
5.2739	2
5.2820	2
5.2821	1
5.2843	-1
5.2848	1
5.2848	1
5.2849	2
5.2861	-1
5.2861	-1
5.2861	-1
5.2861	-1
5.2861	-1
5.2861	-1
5.2863	-1
5.2863	-1
5.2863	-1
5.2863	-1
5.2863	-1
5.2863	-1
5.2871	1
5.2872	1
5.2872	1
5.2873	1
5.2883	-2
5.2883	-1
5.2883	-1
5.2883	-1
5.2883	-1
5.2884	-1
5.2884	-1
5.2885	-1
5.2885	-1
5.2885	-1
5.2885	-1
5.2885	-1
5.2885	-1
5.2888	1
5.2889	-1
5.2889	-1
5.2889	-1
5.2889	-1
5.2889	-1
5.2889	-1
5.2889	1
5.2890	-1
5.2890	-1
5.2890	-1
5.2890	-1
5.2890	-1
5.2890	-1
5.2898	-1
5.2898	-1
5.2898	-1
5.2898	-1
5.2898	-1
5.2898	-1
5.2899	-1
5.2899	-1
5.2899	-1
5.2995	-2
5.2996	-2
5.3008	2
5.3033	-2
5.3045	1
5.3064	-1
5.3068	1
5.3069	1
5.3077	-1
5.3077	-1
5.3077	-1
5.3084	-1
5.3153	-2
5.3213	1
5.3234	-1
5.3239	1
5.3239	1
5.3252	-1
5.3253	-1
5.3325	2
5.3348	-2
5.3382	1
5.3397	-2
5.3402	-1
5.3407	1
5.3408	1
5.3428	-1
5.3428	-1
5.3428	-1
5.3428	-1
5.3428	-1
5.3428	-1
5.3431	-1
5.3452	-2
5.3545	-2
5.3565	-2
5.3574	2
5.3580	1
5.3600	-1
5.3605	1
5.3605	1
5.3623	-1
5.3624	-1
5.3737	-2
5.3755	1
5.3775	-1
5.3780	1
5.3780	1
5.3789	-2
5.3790	-1
5.3792	-2
5.3801	-1
5.3913	-2
5.3931	1
5.3951	-1
5.3955	1
5.3956	1
5.3973	-1
5.3974	-1
5.4021	-2
5.4022	-2
5.4078	2
5.4123	1
5.4144	-1
5.4148	1
5.4149	1
5.4150	-2
5.4163	-1
5.4164	-1
5.4247	-2
5.4264	2
5.4310	1
5.4331	-1
5.4335	1
5.4336	1
5.4344	-1
5.4355	-1
5.4422	-2
5.4442	-2
5.4490	-2
5.4495	1
5.4515	-1
5.4520	1
5.4521	1
5.4539	-1
5.4539	-1
5.4539	-1
5.4539	-1
5.4539	-1
5.4539	-1
5.4541	-1
5.4541	-1
5.4541	-1
5.4541	-1
5.4541	-1
5.4541	-1
5.4545	1
5.4546	1
5.4547	1
5.4547	1
5.4561	-2
5.4569	-1
5.4569	-1
5.4570	-1
5.4570	-1
5.4570	-1
5.4570	-1
5.4571	-1
5.4571	-1
5.4571	-1
5.4571	-1
5.4571	-1
5.4571	-1
5.4573	-1
5.4573	-1
5.4573	-1
5.4573	-1
5.4573	-1
5.4573	-1
5.4574	-2
5.4574	-2
5.4574	-1
5.4574	-1
5.4574	-1
5.4574	-1
5.4574	-1
5.4574	-1
5.4577	1
5.4578	1
5.4578	1
5.4579	1
5.4581	1
5.4581	1
5.4588	1
5.4588	1
5.4616	-1
5.4616	-1
5.4616	-1
5.4617	-1
5.4617	-1
5.4617	-1
5.4627	1
5.4627	1
5.4629	-1
5.4629	-1
5.4629	-1
5.4630	-1
5.4630	-1
5.4630	-1
5.4632	-1
5.4632	-1
5.4632	-1
5.4632	-1
5.4632	-1
5.4632	-1
5.4634	-1
5.4634	-1
5.4634	-1
5.4634	-1
5.4634	-1
5.4634	-1
5.4635	-1
5.4635	-1
5.4635	-1
5.4635	-1
5.4635	-1
5.4635	-1
5.4637	-1
5.4637	-1
5.4637	-1
5.4637	-1
5.4637	-1
5.4637	-1
5.4638	-1
5.4638	-1
5.4638	-1
5.4638	-1
5.4638	-1
5.4638	-1
5.4639	-1
5.4639	-1
5.4639	-1
5.4640	-1
5.4640	-1
5.4640	-1
5.4645	1
5.4645	1
5.4668	-1
5.4669	-1
5.4669	-1
5.4669	-1
5.4669	-1
5.4669	-1
5.4671	-1
5.4671	-1
5.4671	-1
5.4671	-1
5.4671	-1
5.4671	-1
5.4673	-1
5.4673	-1
5.4673	-1
5.4673	-1
5.4673	-1
5.4673	-1
5.4674	-1
5.4674	-1
5.4676	-2
5.4677	-2
5.4756	-2
5.4786	-2
5.4806	-2
5.4809	1
5.4829	-1
5.4833	1
5.4834	1
5.4850	-1
5.4850	-1
5.4850	-1
5.4850	-1
5.4851	-1
5.4851	-1
5.4852	-1
5.4852	-1
5.4852	-1
5.4852	-1
5.4852	-1
5.4981	1
5.5001	-1
5.5005	1
5.5005	1
5.5012	-1
5.5031	-1
5.5038	2
5.5045	-2
5.5066	-2
5.5143	1
5.5162	-1
5.5167	1
5.5167	1
5.5179	-1
5.5180	-1
5.5241	2
5.5310	1
5.5329	-1
5.5333	1
5.5333	1
5.5340	-1
5.5348	-1
5.5443	-2
5.5476	1
5.5496	-1
5.5500	1
5.5501	1
5.5514	-1
5.5515	-1
5.5558	2
5.5611	-2
5.5645	-2
5.5650	1
5.5671	-1
5.5675	1
5.5676	1
5.5697	-1
5.5697	-1
5.5697	-1
5.5697	-1
5.5697	-1
5.5697	-1
5.5698	-1
5.5698	-1
5.5698	-1
5.5698	-1
5.5698	-1
5.5698	-1
5.5703	1
5.5703	1
5.5704	1
5.5704	1
5.5722	-1
5.5722	-1
5.5722	-1
5.5722	-1
5.5722	-1
5.5722	-1
5.5729	1
5.5730	1
5.5731	-1
5.5731	-1
5.5731	-1
5.5731	-1
5.5731	-1
5.5731	-1
5.5734	-1
5.5734	-1
5.5734	-1
5.5734	-1
5.5734	-1
5.5734	-1
5.5741	-1
5.5741	-1
5.5741	-1
5.5741	-1
5.5741	-1
5.5741	-1
5.5758	-1
5.5758	-1
5.5758	-1
5.5758	-1
5.5758	-1
5.5758	-1
5.5759	-1
5.5759	-1
5.5765	-2
5.5799	2
5.5810	2
5.5815	-2
5.5827	-2
5.5827	-2
5.5836	2
5.5898	1
5.5900	2
5.5910	-2
5.5919	-1
5.5924	1
5.5925	1
5.5926	-2
5.5941	-1
5.5941	-2
5.5942	-1
5.6074	1
5.6095	-1
5.6099	1
5.6100	1
5.6114	-1
5.6115	-1
5.6223	-2
5.6235	2
5.6261	1
5.6284	-1
5.6289	1
5.6290	1
5.6306	-1
5.6307	-1
5.6411	-2
5.6440	1
5.6440	2
5.6458	-1
5.6463	1
5.6463	1
5.6471	-1
5.6473	-2
5.6478	-1
5.6491	-2
5.6491	-2
5.6512	-2
5.6556	-2
5.6612	1
5.6618	-2
5.6632	-1
5.6637	1
5.6638	1
5.6645	-2
5.6645	-1
5.6653	-1
5.6676	2
5.6779	1
5.6790	2
5.6800	-1
5.6805	1
5.6805	1
5.6826	-1
5.6827	-1
5.6829	-2
5.6940	-2
5.6972	1
5.6994	-1
5.7000	1
5.7001	1
5.7010	-1
5.7010	2
5.7018	-1
5.7077	-2
5.7151	1
5.7174	-1
5.7180	1
5.7181	1
5.7198	-1
5.7199	-1
5.7209	-2
5.7299	-2
5.7323	-2
5.7338	1
5.7360	-1
5.7364	1
5.7364	1
5.7372	-1
5.7379	-1
5.7390	2
5.7520	1
5.7542	-1
5.7547	1
5.7548	1
5.7566	-1
5.7567	-1
5.7598	-2
5.7704	1
5.7727	-1
5.7731	1
5.7732	1
5.7746	2
5.7751	-1
5.7752	-1
5.7796	-2
5.7812	-2
5.7815	-2
5.7835	2
5.7867	2
5.7903	1
5.7926	-1
5.7932	1
5.7933	1
5.7946	-1
5.7946	-1
5.7946	-1
5.7946	-1
5.7946	-1
5.7946	-1
5.7948	-1
5.7948	-1
5.7948	-1
5.7948	-1
5.7948	-1
5.7948	-1
5.7953	1
5.7954	1
5.7954	1
5.7954	1
5.7964	-1
5.7964	-1
5.7964	-1
5.7964	-1
5.7964	-1
5.7964	-1
5.7965	-1
5.7965	-1
5.7965	-1
5.7965	-1
5.7965	-1
5.7965	-1
5.7967	-1
5.7967	-1
5.7967	-1
5.7967	-1
5.7967	-1
5.7968	-1
5.7973	-1
5.7973	-1
5.7973	-1
5.7973	-1
5.7973	-1
5.7973	-1
5.7975	1
5.7975	1
5.7978	1
5.7979	1
5.7979	1
5.7979	1
5.7989	1
5.7990	1
5.7994	-1
5.7994	-1
5.7994	-1
5.7994	-1
5.7994	-1
5.7994	-1
5.7997	-1
5.7997	-1
5.7997	-1
5.7997	-1
5.7997	-1
5.7997	-1
5.7999	-1
5.7999	-1
5.7999	-1
5.7999	-1
5.7999	-1
5.7999	-1
5.8000	-1
5.8000	-1
5.8000	-1
5.8000	-1
5.8000	-1
5.8000	-1
5.8002	-1
5.8002	-1
5.8002	-1
5.8002	-1
5.8002	-1
5.8002	-1
5.8010	1
5.8010	1
5.8011	1
5.8013	1
5.8013	1
5.8014	1
5.8014	1
5.8015	1
5.8015	1
5.8016	1
5.8020	-1
5.8020	-1
5.8020	-1
5.8020	-1
5.8020	-1
5.8021	-1
5.8022	-1
5.8022	-1
5.8022	-1
5.8022	-1
5.8022	-1
5.8022	-1
5.8029	-1
5.8029	-1
5.8029	-1
5.8029	-1
5.8029	-1
5.8029	-1
5.8033	-1
5.8033	-1
5.8033	-1
5.8033	-1
5.8033	-1
5.8033	-1
5.8039	1
5.8040	1
5.8040	1
5.8041	1
5.8043	1
5.8044	1
5.8045	2
5.8045	1
5.8045	1
5.8051	-1
5.8051	-1
5.8051	-1
5.8051	-1
5.8051	-1
5.8051	-1
5.8054	-1
5.8054	-1
5.8054	-1
5.8054	-1
5.8054	-1
5.8054	-1
5.8056	-1
5.8056	-1
5.8056	-1
5.8056	-1
5.8056	-1
5.8056	-1
5.8058	-1
5.8058	-1
5.8058	-1
5.8058	-1
5.8058	-1
5.8058	-1
5.8059	-1
5.8059	-1
5.8059	-1
5.8060	-1
5.8060	-1
5.8060	-1
5.8062	-1
5.8062	-1
5.8062	-1
5.8062	-1
5.8062	-1
5.8062	-1
5.8063	-1
5.8063	-1
5.8063	-1
5.8063	-1
5.8063	-1
5.8063	-1
5.8084	2
5.8097	1
5.8097	1
5.8098	1
5.8098	1
5.8099	1
5.8099	1
5.8100	1
5.8100	1
5.8101	1
5.8101	-1
5.8101	-1
5.8101	-1
5.8101	-1
5.8101	-1
5.8101	-1
5.8101	1
5.8102	1
5.8102	1
5.8102	1
5.8103	-1
5.8103	-1
5.8103	1
5.8103	-1
5.8103	-1
5.8103	-1
5.8103	-1
5.8105	-1
5.8105	-1
5.8105	-1
5.8105	-1
5.8105	-1
5.8105	-1
5.8109	1
5.8110	1
5.8111	-2
5.8113	-1
5.8113	-1
5.8113	-1
5.8113	-1
5.8113	-1
5.8113	-1
5.8115	-1
5.8115	-1
5.8115	-1
5.8115	-1
5.8115	-1
5.8115	-1
5.8117	-1
5.8117	-1
5.8117	-1
5.8117	-1
5.8117	-1
5.8117	-1
5.8120	-1
5.8120	-1
5.8121	-1
5.8121	-1
5.8121	-1
5.8121	-1
5.8122	-1
5.8122	-1
5.8122	-1
5.8122	-1
5.8122	-1
5.8123	-1
5.8124	-1
5.8124	-1
5.8124	-1
5.8124	-1
5.8125	-1
5.8125	-1
5.8126	-1
5.8126	-1
5.8126	-1
5.8127	-1
5.8127	-1
5.8127	-1
5.8129	-1
5.8129	-1
5.8129	-1
5.8129	-1
5.8129	-1
5.8129	-1
5.8156	-1
5.8156	-1
5.8156	-1
5.8156	-1
5.8156	-1
5.8156	-1
5.8158	-1
5.8158	-1
5.8158	-1
5.8158	-1
5.8158	-1
5.8158	-1
5.8159	-1
5.8160	-1
5.8160	-1
5.8160	-1
5.8160	-1
5.8160	-1
5.8161	-1
5.8161	-1
5.8161	-1
5.8161	-1
5.8161	-1
5.8161	-1
5.8162	-1
5.8162	-1
5.8162	-1
5.8162	-1
5.8162	-1
5.8162	-1
5.8163	-1
5.8163	-1
5.8163	-1
5.8163	-1
5.8163	-1
5.8163	-1
5.8165	-1
5.8165	-1
5.8165	-1
5.8165	-1
5.8165	-1
5.8165	-1
5.8166	-1
5.8166	-1
5.8166	-1
5.8166	-1
5.8166	-1
5.8166	-1
5.8167	-1
5.8167	-1
5.8167	-1
5.8167	-1
5.8167	-1
5.8167	-1
5.8168	-1
5.8169	-1
5.8169	-1
5.8169	-1
5.8169	-1
5.8169	-1
5.8173	-1
5.8173	-1
5.8173	-1
5.8173	-1
5.8173	-1
5.8173	-1
5.8177	-1
5.8177	-2
5.8177	-1
5.8177	-1
5.8177	-1
5.8177	-1
5.8177	-1
5.8185	-1
5.8185	-1
5.8185	-1
5.8185	-1
5.8185	-1
5.8185	-1
5.8187	-1
5.8187	-1
5.8187	-1
5.8187	-1
5.8187	-1
5.8187	-1
5.8188	-1
5.8212	-2
5.8216	-2
5.8236	-2
5.8265	-2
5.8315	-2
5.8331	1
5.8355	-1
5.8361	1
5.8362	1
5.8368	-2
5.8377	-1
5.8378	-1
5.8437	-2
5.8465	2
5.8511	1
5.8533	-1
5.8537	1
5.8538	1
5.8539	-2
5.8544	-1
5.8555	-1
5.8624	2
5.8679	1
5.8700	-1
5.8701	-2
5.8704	1
5.8704	-2
5.8705	1
5.8715	-2
5.8718	-1
5.8719	-1
5.8734	2
5.8857	1
5.8877	-1
5.8881	1
5.8882	-2
5.8882	1
5.8895	-1
5.8896	-1
5.8914	-2
5.8914	2
5.8924	-2
5.8957	2
5.9020	2
5.9029	1
5.9050	-1
5.9055	1
5.9056	1
5.9074	-1
5.9074	-1
5.9074	-1
5.9074	-1
5.9074	-1
5.9074	-1
5.9076	-1
5.9076	-1
5.9076	-1
5.9076	-1
5.9076	-1
5.9076	-1
5.9080	1
5.9094	-1
5.9094	-1
5.9094	-1
5.9094	-1
5.9094	-1
5.9193	-2
5.9196	-2
5.9225	1
5.9248	-1
5.9252	1
5.9253	1
5.9261	-1
5.9269	-1
5.9315	-2
5.9351	-2
5.9398	1
5.9398	-2
5.9406	-2
5.9419	-1
5.9423	1
5.9423	1
5.9439	-1
5.9439	-1
5.9439	-1
5.9439	-1
5.9439	-1
5.9440	-1
5.9441	-1
5.9441	-1
5.9441	-1
5.9441	-1
5.9441	-1
5.9441	-1
5.9445	1
5.9445	1
5.9446	1
5.9446	1
5.9468	-1
5.9468	-1
5.9468	-1
5.9468	-1
5.9468	-1
5.9468	-1
5.9469	-1
5.9469	-1
5.9469	-1
5.9469	-1
5.9469	-1
5.9469	-1
5.9471	-1
5.9471	-1
5.9471	-1
5.9471	-1
5.9471	-1
5.9471	-1
5.9472	-1
5.9472	-1
5.9472	-1
5.9472	-1
5.9472	-1
5.9472	-1
5.9475	1
5.9476	1
5.9476	1
5.9477	1
5.9478	1
5.9479	1
5.9486	1
5.9487	1
5.9502	-1
5.9502	-1
5.9502	-1
5.9502	-1
5.9502	-1
5.9502	-1
5.9508	-1
5.9508	-1
5.9508	-1
5.9508	-1
5.9508	-1
5.9509	-1
5.9510	1
5.9513	1
5.9513	1
5.9514	1
5.9515	2
5.9523	-1
5.9523	-1
5.9524	-1
5.9524	-1
5.9524	-1
5.9524	-1
5.9529	-1
5.9529	-1
5.9529	-1
5.9529	-1
5.9529	-1
5.9529	-1
5.9531	-1
5.9531	-1
5.9531	-1
5.9531	-1
5.9531	-1
5.9531	-1
5.9533	-1
5.9533	-1
5.9533	-1
5.9533	-1
5.9533	-1
5.9533	-1
5.9534	1
5.9535	1
5.9545	-1
5.9545	-1
5.9545	-1
5.9545	-1
5.9545	-1
5.9545	-1
5.9546	2
5.9547	-1
5.9547	-1
5.9547	-1
5.9547	-1
5.9547	-1
5.9547	-1
5.9550	1
5.9550	1
5.9550	1
5.9551	1
5.9551	1
5.9552	1
5.9556	-1
5.9556	-1
5.9556	-1
5.9556	-1
5.9556	-1
5.9556	-1
5.9564	1
5.9567	1
5.9568	1
5.9568	1
5.9568	1
5.9569	1
5.9585	-2
5.9588	-1
5.9589	-1
5.9589	-1
5.9589	-1
5.9589	-1
5.9589	-1
5.9590	-1
5.9590	-1
5.9590	-1
5.9590	-1
5.9590	-1
5.9590	-1
5.9593	-1
5.9593	-1
5.9593	-1
5.9593	-1
5.9593	-1
5.9593	-1
5.9618	-1
5.9618	-1
5.9618	-1
5.9618	-1
5.9618	-1
5.9618	-1
5.9619	1
5.9619	1
5.9620	1
5.9641	-1
5.9642	-1
5.9642	-1
5.9642	-1
5.9642	-1
5.9642	-1
5.9643	-1
5.9643	-1
5.9643	-1
5.9643	-1
5.9643	-1
5.9643	-1
5.9654	-1
5.9654	-1
5.9654	-1
5.9654	-1
5.9654	-1
5.9654	-1
5.9655	-1
5.9656	-1
5.9656	-1
5.9656	-1
5.9656	-1
5.9656	-1
5.9657	-1
5.9657	-1
5.9657	-1
5.9657	-1
5.9657	-1
5.9657	-1
5.9659	-1
5.9659	-1
5.9659	-1
5.9659	-1
5.9659	-1
5.9659	-1
5.9660	-1
5.9660	-1
5.9660	-1
5.9660	-1
5.9660	-1
5.9660	-1
5.9661	-1
5.9661	-1
5.9661	-1
5.9661	-1
5.9661	-1
5.9662	-1
5.9682	-1
5.9682	-1
5.9682	-1
5.9683	-1
5.9683	-1
5.9683	-1
5.9684	-1
5.9684	-1
5.9684	-1
5.9684	-1
5.9684	-1
5.9684	-1
5.9686	-1
5.9686	-1
5.9686	-1
5.9686	-1
5.9686	-1
5.9686	-1
5.9687	-1
5.9687	-1
5.9687	-1
5.9688	-1
5.9688	-1
5.9688	-1
5.9689	-1
5.9689	-1
5.9689	-1
5.9689	-1
5.9689	-1
5.9689	-1
5.9693	-1
5.9693	-1
5.9693	-1
5.9693	-1
5.9693	-1
5.9693	-1
5.9700	-1
5.9700	-1
5.9700	-1
5.9700	-1
5.9700	-1
5.9700	-1
5.9704	-1
5.9704	-1
5.9782	2
5.9783	-2
5.9811	-2
5.9821	2
5.9841	1
5.9862	-1
5.9868	1
5.9869	1
5.9890	-1
5.9890	-1
5.9890	-1
5.9890	-1
5.9890	-1
5.9890	-1
5.9891	-1
5.9891	-1
5.9891	-1
5.9891	-1
5.9891	-1
5.9891	-1
5.9896	1
5.9897	1
5.9897	1
5.9898	1
5.9918	2
5.9919	-1
5.9919	-1
5.9919	-1
5.9919	-1
5.9919	-1
5.9919	-1
5.9920	-1
5.9920	-1
5.9920	-1
5.9920	-1
5.9920	-1
5.9920	-1
5.9922	-1
5.9922	-1
5.9922	-1
5.9922	-1
5.9922	-1
5.9922	-1
5.9923	-1
5.9923	-1
5.9923	-1
5.9923	-1
5.9923	-1
5.9923	-1
5.9927	1
5.9927	1
5.9928	1
5.9928	1
5.9929	1
5.9929	1
5.9930	1
5.9930	1
5.9952	-1
5.9952	-1
5.9952	-1
5.9952	-1
5.9952	-1
5.9952	-1
5.9953	-1
5.9953	-1
5.9953	-1
5.9953	-1
5.9953	-1
5.9953	-1
5.9957	1
5.9958	1
5.9959	1
5.9959	1
5.9976	-1
5.9976	-1
5.9976	-1
5.9976	-1
5.9976	-1
5.9976	-1
5.9978	-1
5.9978	-1
5.9978	-1
5.9978	-1
5.9978	-1
5.9978	-1
5.9980	-1
5.9980	-1
5.9980	-1
5.9980	-1
5.9980	-1
5.9980	-1
5.9984	-1
5.9984	-1
5.9984	-1
5.9984	-1
5.9984	-1
5.9984	-1
5.9985	-1
5.9985	-1
5.9985	-1
5.9985	-1
5.9985	-1
5.9985	-1
5.9990	1
5.9991	1
5.9992	1
5.9993	1
5.9994	1
5.9994	1
5.9995	1
5.9997	-1
5.9997	-1
5.9997	-1
5.9997	-1
5.9997	-1
5.9997	-1
5.9999	1
5.9999	1
6.0000	1
6.0030	1
6.0030	1
6.0048	-1
6.0048	-1
6.0048	-1
6.0048	-1
6.0048	-1
6.0048	-1
6.0050	-1
6.0050	-1
6.0050	-1
6.0050	-1
6.0050	-1
6.0050	-1
6.0060	1
6.0061	1
6.0061	1
6.0062	1
6.0068	-1
6.0068	-1
6.0068	-1
6.0068	-1
6.0068	-1
6.0068	-1
6.0071	-1
6.0071	-1
6.0071	-1
6.0071	-1
6.0071	-1
6.0071	-1
6.0073	-1
6.0073	-1
6.0073	-1
6.0073	-1
6.0073	-1
6.0073	-1
6.0075	-1
6.0075	-1
6.0075	-1
6.0075	-1
6.0075	-1
6.0075	-1
6.0089	-1
6.0089	-1
6.0089	-1
6.0089	-1
6.0089	-1
6.0089	-1
6.0090	-1
6.0090	-1
6.0090	-1
6.0091	-1
6.0091	-1
6.0091	-1
6.0104	-1
6.0104	-1
6.0104	-1
6.0104	-1
6.0104	-1
6.0104	-1
6.0106	-1
6.0106	-1
6.0106	-1
6.0106	-1
6.0106	-1
6.0106	-1
6.0110	1
6.0110	-1
6.0110	-1
6.0110	-1
6.0110	-1
6.0110	-1
6.0110	-1
6.0110	1
6.0110	-2
6.0111	1
6.0111	1
6.0112	-1
6.0112	1
6.0112	-1
6.0112	-1
6.0112	-1
6.0112	-1
6.0112	-1
6.0112	1
6.0113	1
6.0113	1
6.0114	-1
6.0114	-1
6.0114	-1
6.0114	-1
6.0114	-1
6.0114	-1
6.0116	-1
6.0116	-1
6.0116	-1
6.0116	-1
6.0116	-1
6.0116	-1
6.0121	1
6.0121	1
6.0123	1
6.0125	1
6.0125	1
6.0125	-2
6.0126	1
6.0126	-1
6.0126	1
6.0126	-1
6.0126	-1
6.0126	-1
6.0126	-1
6.0126	-1
6.0145	1
6.0145	1
6.0146	1
6.0146	1
6.0163	-1
6.0163	-1
6.0163	-1
6.0163	-1
6.0164	-1
6.0164	-1
6.0166	-1
6.0166	-1
6.0166	-1
6.0166	-1
6.0166	-1
6.0166	-1
6.0168	-1
6.0168	-1
6.0168	-1
6.0168	-1
6.0168	-1
6.0168	-1
6.0169	-1
6.0170	-1
6.0170	-1
6.0170	-1
6.0170	-1
6.0170	-1
6.0171	-1
6.0171	-1
6.0171	-1
6.0171	-1
6.0171	-1
6.0171	-1
6.0187	-2
6.0220	-1
6.0220	-1
6.0220	-1
6.0220	-1
6.0220	-1
6.0220	-1
6.0222	-1
6.0222	-1
6.0222	-1
6.0222	-1
6.0222	-1
6.0222	-1
6.0223	-1
6.0224	-1
6.0224	-1
6.0224	-1
6.0224	-1
6.0224	-1
6.0225	-1
6.0225	-1
6.0225	-1
6.0225	-1
6.0225	-1
6.0225	-1
6.0227	-1
6.0227	-1
6.0227	-1
6.0227	-1
6.0227	-1
6.0227	-1
6.0228	-1
6.0228	-1
6.0228	-1
6.0228	-1
6.0229	-1
6.0229	-1
6.0230	-1
6.0230	-1
6.0230	-1
6.0230	-1
6.0230	-1
6.0230	-1
6.0268	-1
6.0268	-1
6.0268	-1
6.0268	-1
6.0268	-1
6.0268	-1
6.0270	-1
6.0270	-1
6.0270	-1
6.0270	-1
6.0270	-1
6.0270	-1
6.0272	-1
6.0272	-1
6.0272	-1
6.0272	-1
6.0272	-1
6.0272	-1
6.0273	-1
6.0273	-1
6.0274	-1
6.0274	-1
6.0274	-1
6.0274	-1
6.0275	-1
6.0275	-1
6.0275	-1
6.0275	-1
6.0275	-1
6.0275	-1
6.0280	2
6.0286	-2
6.0299	-1
6.0299	-1
6.0299	-1
6.0299	-1
6.0299	-1
6.0299	-1
6.0301	-1
6.0301	-1
6.0301	-1
6.0301	-1
6.0301	-1
6.0301	-1
6.0302	-1
6.0302	-1
6.0302	-1
6.0302	-1
6.0302	-1
6.0302	-1
6.0304	-1
6.0304	-1
6.0304	-1
6.0304	-1
6.0304	-1
6.0304	-1
6.0308	-1
6.0308	-1
6.0308	-1
6.0308	-1
6.0308	-1
6.0308	-1
6.0308	-2
6.0310	-1
6.0310	-1
6.0310	-1
6.0310	-1
6.0310	-1
6.0310	-1
6.0318	-1
6.0318	-1
6.0318	-1
6.0428	2
6.0457	1
6.0478	-1
6.0482	1
6.0483	1
6.0502	-1
6.0502	-1
6.0502	-1
6.0502	-1
6.0502	-1
6.0503	-1
6.0504	-1
6.0504	-1
6.0504	-1
6.0504	-1
6.0504	-1
6.0504	-1
6.0509	1
6.0509	1
6.0510	1
6.0510	1
6.0540	-1
6.0540	-1
6.0540	-1
6.0540	-1
6.0540	-1
6.0540	-1
6.0541	-1
6.0541	-1
6.0541	-1
6.0541	-1
6.0541	-1
6.0541	-1
6.0543	-1
6.0543	-1
6.0543	-1
6.0543	-1
6.0543	-1
6.0543	-1
6.0544	-1
6.0544	-1
6.0544	-1
6.0545	-1
6.0545	-1
6.0545	-1
6.0566	1
6.0566	1
6.0567	1
6.0567	1
6.0568	1
6.0568	1
6.0570	1
6.0570	1
6.0610	-1
6.0610	-1
6.0610	-1
6.0610	-1
6.0610	-1
6.0610	-1
6.0612	-1
6.0612	-1
6.0612	-1
6.0612	-1
6.0612	-1
6.0612	-1
6.0618	-1
6.0618	-1
6.0618	-1
6.0618	-1
6.0618	-1
6.0619	-1
6.0620	-1
6.0620	-1
6.0620	-1
6.0620	-1
6.0620	-1
6.0620	-1
6.0622	-1
6.0622	-1
6.0622	-1
6.0622	-1
6.0622	-1
6.0622	-1
6.0623	-1
6.0623	-1
6.0624	-1
6.0624	-1
6.0624	-1
6.0624	-1
6.0625	-1
6.0625	-1
6.0625	-1
6.0625	-1
6.0625	-1
6.0625	-1
6.0627	-1
6.0627	-1
6.0627	-1
6.0627	-1
6.0627	-1
6.0627	-1
6.0629	1
6.0629	1
6.0630	1
6.0630	1
6.0632	1
6.0633	1
6.0638	1
6.0639	1
6.0639	1
6.0639	1
6.0642	1
6.0642	1
6.0642	1
6.0643	1
6.0643	1
6.0644	1
6.0655	-2
6.0685	-1
6.0685	-1
6.0685	-1
6.0685	-1
6.0685	-1
6.0685	-1
6.0695	2
6.0696	1
6.0697	1
6.0699	-1
6.0699	-1
6.0699	-1
6.0699	-1
6.0699	-1
6.0699	-1
6.0707	-2
6.0723	-1
6.0723	-1
6.0724	-1
6.0724	-1
6.0724	-1
6.0724	-1
6.0726	-1
6.0726	-1
6.0726	-1
6.0726	-1
6.0726	-1
6.0726	-1
6.0727	-1
6.0727	-1
6.0727	-1
6.0727	-1
6.0727	-1
6.0727	-1
6.0728	1
6.0729	1
6.0733	1
6.0734	1
6.0738	-1
6.0738	-1
6.0738	-1
6.0738	-1
6.0738	-1
6.0738	-1
6.0743	-2
6.0744	-1
6.0744	-1
6.0744	-1
6.0744	-1
6.0744	-1
6.0744	-1
6.0745	-1
6.0745	-1
6.0745	-1
6.0745	-1
6.0745	-1
6.0745	-1
6.0747	-1
6.0747	-1
6.0747	-1
6.0747	-1
6.0747	-1
6.0747	-1
6.0749	-1
6.0749	-1
6.0749	-1
6.0749	-1
6.0749	-1
6.0749	-1
6.0750	-2
6.0750	-1
6.0750	-1
6.0750	-1
6.0750	-1
6.0750	-1
6.0750	-1
6.0752	-1
6.0752	-1
6.0752	-1
6.0752	-1
6.0752	-1
6.0752	-1
6.0753	-1
6.0753	-1
6.0753	-1
6.0753	-1
6.0753	-1
6.0753	-1
6.0755	-1
6.0755	-1
6.0755	-1
6.0755	-1
6.0755	-1
6.0755	-1
6.0756	-1
6.0756	-1
6.0756	-1
6.0757	-1
6.0757	-1
6.0757	-1
6.0758	-1
6.0758	-1
6.0758	-1
6.0758	-1
6.0758	-1
6.0758	-1
6.0759	1
6.0760	1
6.0760	1
6.0761	1
6.0764	1
6.0765	1
6.0765	1
6.0765	1
6.0768	1
6.0768	1
6.0772	1
6.0772	1
6.0774	1
6.0775	1
6.0785	-2
6.0800	-2
6.0808	-2
6.0816	1
6.0817	1
6.0819	1
6.0820	1
6.0820	1
6.0820	1
6.0853	-1
6.0853	-1
6.0853	-1
6.0853	-1
6.0853	-1
6.0853	-1
6.0855	-1
6.0855	-1
6.0855	-1
6.0855	-1
6.0855	-1
6.0855	-1
6.0857	-1
6.0857	-1
6.0857	-1
6.0857	-1
6.0857	-1
6.0857	-1
6.0859	-1
6.0859	-1
6.0859	-1
6.0859	-1
6.0859	-1
6.0859	-1
6.0863	1
6.0864	1
6.0865	1
6.0865	1
6.0866	1
6.0886	-1
6.0886	-1
6.0886	-1
6.0886	-1
6.0886	-1
6.0886	-1
6.0889	-1
6.0889	-1
6.0889	-1
6.0889	-1
6.0889	-1
6.0889	-1
6.0891	-1
6.0891	-1
6.0891	-1
6.0891	-1
6.0891	-1
6.0892	-1
6.0894	-1
6.0894	-1
6.0894	-1
6.0894	-1
6.0894	-1
6.0894	-1
6.0896	-1
6.0896	-1
6.0896	-1
6.0896	-1
6.0896	-1
6.0896	-1
6.0899	2
6.0901	-2
6.0907	-2
6.0936	-1
6.0936	-1
6.0936	-1
6.0936	-1
6.0936	-1
6.0936	-1
6.0947	-1
6.0947	-1
6.0947	-1
6.0947	-1
6.0947	-1
6.0948	-1
6.0949	-1
6.0949	-1
6.0949	-1
6.0949	-1
6.0949	-1
6.0949	-1
6.0951	-1
6.0951	-1
6.0951	-1
6.0951	-1
6.0951	-1
6.0951	-1
6.0952	-1
6.0952	-1
6.0953	-1
6.0953	-1
6.0953	-1
6.0953	-1
6.0954	-1
6.0954	-1
6.0954	-1
6.0954	-1
6.0954	-1
6.0954	-1
6.0956	-1
6.0956	-1
6.0956	-1
6.0956	-1
6.0956	-1
6.0956	-1
6.0958	-1
6.0958	-1
6.0958	-1
6.0958	-1
6.0958	-1
6.0958	-1
6.0960	-1
6.0960	-1
6.0960	-1
6.0960	-1
6.0960	-1
6.0960	-1
6.0961	-1
6.0962	-1
6.0962	-1
6.0962	-1
6.0962	-1
6.0962	-1
6.0963	-1
6.0963	-1
6.0963	-1
6.0963	-1
6.0963	-1
6.0964	-1
6.0965	-1
6.0965	-1
6.0965	-1
6.0965	-1
6.0965	-1
6.0965	-1
6.0992	-1
6.0992	-1
6.0992	-1
6.0992	-1
6.0992	-1
6.0992	-1
6.0993	-1
6.0993	-1
6.0993	-1
6.0993	-1
6.0993	-1
6.0994	-1
6.0995	-1
6.0995	-1
6.0995	-1
6.0995	-1
6.0995	-1
6.0995	-1
6.0997	-1
6.0997	-1
6.0997	-1
6.0997	-1
6.0997	-1
6.0997	-1
6.0998	-1
6.0999	-1
6.0999	-1
6.0999	-1
6.0999	-1
6.0999	-1
6.1000	-1
6.1000	-1
6.1000	-1
6.1000	-1
6.1000	-1
6.1000	-1
6.1002	-1
6.1002	-1
6.1002	-1
6.1002	-1
6.1002	-1
6.1002	-1
6.1006	-1
6.1006	-1
6.1006	-1
6.1006	-1
6.1006	-1
6.1006	-1
6.1026	-2
6.1028	-1
6.1029	-1
6.1029	-1
6.1029	-1
6.1029	-1
6.1029	-1
6.1030	-1
6.1030	-1
6.1030	-1
6.1030	-1
6.1030	-1
6.1046	-2
6.1145	-2
6.1171	1
6.1192	-1
6.1199	1
6.1200	1
6.1212	-2
6.1216	-1
6.1217	-1
6.1243	-2
6.1255	-2
6.1332	-2
6.1352	1
6.1370	-2
6.1374	-1
6.1381	1
6.1381	1
6.1384	2
6.1392	-2
6.1397	-1
6.1398	-1
6.1536	1
6.1540	-2
6.1558	-1
6.1562	1
6.1563	1
6.1570	-1
6.1578	-1
6.1591	-2
6.1671	-2
6.1703	1
6.1712	2
6.1723	-1
6.1728	1
6.1728	1
6.1736	-1
6.1739	-2
6.1744	-1
6.1788	2
6.1884	1
6.1891	2
6.1903	-1
6.1907	-2
6.1908	1
6.1908	1
6.1915	-1
6.1922	-1
6.1957	-2
6.1986	2
6.2051	-2
6.2056	1
6.2077	-1
6.2082	1
6.2082	1
6.2090	-1
6.2097	-1
6.2111	-2
6.2191	-2
6.2220	1
6.2235	2
6.2240	-1
6.2244	1
6.2244	1
6.2262	-2
6.2265	-1
6.2265	-1
6.2265	-1
6.2265	-1
6.2265	-1
6.2265	-1
6.2267	-1
6.2267	-1
6.2267	-1
6.2267	-1
6.2267	-1
6.2267	-1
6.2273	1
6.2273	1
6.2274	1
6.2274	1
6.2298	-1
6.2298	-1
6.2298	-1
6.2298	-1
6.2298	-1
6.2298	-1
6.2299	-1
6.2300	-1
6.2300	-1
6.2300	-1
6.2300	-1
6.2300	-1
6.2300	-2
6.2301	-1
6.2301	-1
6.2301	-1
6.2301	-1
6.2301	-1
6.2301	-1
6.2303	-1
6.2303	-1
6.2303	-1
6.2303	-1
6.2303	-1
6.2303	-1
6.2306	1
6.2307	1
6.2308	1
6.2310	1
6.2310	1
6.2310	1
6.2311	1
6.2311	1
6.2343	-1
6.2343	-1
6.2343	-1
6.2343	-1
6.2343	-1
6.2343	-1
6.2345	-1
6.2345	-1
6.2345	-1
6.2345	-1
6.2345	-1
6.2345	-1
6.2352	1
6.2353	1
6.2353	1
6.2354	1
6.2356	-1
6.2356	-1
6.2356	-1
6.2356	-1
6.2356	-1
6.2356	-1
6.2359	-1
6.2359	-1
6.2359	-1
6.2359	-1
6.2359	-1
6.2359	-1
6.2361	-1
6.2361	-1
6.2361	-1
6.2361	-1
6.2361	-1
6.2361	-1
6.2366	1
6.2367	1
6.2369	-1
6.2369	-1
6.2369	-1
6.2369	-1
6.2369	-1
6.2369	-1
6.2371	-1
6.2371	-1
6.2371	-1
6.2371	-1
6.2371	-1
6.2371	-1
6.2373	-1
6.2373	-1
6.2373	-1
6.2373	-1
6.2373	-1
6.2373	-1
6.2375	1
6.2375	1
6.2376	1
6.2376	1
6.2379	-2
6.2384	1
6.2384	1
6.2384	1
6.2385	1
6.2385	1
6.2386	1
6.2394	-2
6.2408	-1
6.2408	-1
6.2408	-1
6.2408	-1
6.2408	-1
6.2408	-1
6.2415	-1
6.2415	-1
6.2415	-1
6.2415	-1
6.2415	-1
6.2415	-1
6.2426	-1
6.2427	-1
6.2427	-1
6.2427	-1
6.2427	-1
6.2427	-1
6.2428	-1
6.2428	-1
6.2428	-1
6.2428	-1
6.2428	-1
6.2428	-1
6.2429	-1
6.2429	-1
6.2429	-1
6.2429	-1
6.2429	-1
6.2429	-1
6.2430	-1
6.2430	-1
6.2430	-1
6.2431	-1
6.2431	-1
6.2431	-1
6.2433	1
6.2434	1
6.2449	-1
6.2449	-1
6.2449	-1
6.2449	-1
6.2449	-1
6.2449	-1
6.2452	1
6.2454	1
6.2458	1
6.2463	-1
6.2463	-1
6.2463	-1
6.2463	-1
6.2463	-1
6.2463	-1
6.2464	1
6.2464	1
6.2465	1
6.2465	1
6.2466	1
6.2466	1
6.2466	1
6.2467	1
6.2467	1
6.2473	-1
6.2473	-1
6.2473	-1
6.2473	-1
6.2473	-1
6.2473	-1
6.2482	-2
6.2489	1
6.2490	1
6.2490	1
6.2491	1
6.2508	-1
6.2508	-1
6.2508	-1
6.2508	-1
6.2508	-1
6.2508	-1
6.2509	-1
6.2509	-1
6.2509	-1
6.2509	-1
6.2509	-1
6.2509	-1
6.2510	-1
6.2510	-1
6.2510	-1
6.2510	-1
6.2510	-1
6.2510	-1
6.2512	-1
6.2512	-1
6.2512	-1
6.2512	-1
6.2512	-1
6.2512	-1
6.2513	-1
6.2513	-1
6.2513	-1
6.2513	-1
6.2513	-1
6.2513	-1
6.2520	-1
6.2520	-1
6.2520	-1
6.2520	-1
6.2520	-1
6.2520	-1
6.2522	-1
6.2522	-1
6.2522	-1
6.2522	-1
6.2522	-1
6.2522	-1
6.2522	1
6.2523	1
6.2523	1
6.2523	1
6.2533	-2
6.2553	1
6.2553	1
6.2554	1
6.2554	1
6.2554	1
6.2555	1
6.2555	1
6.2556	1
6.2556	1
6.2561	-2
6.2580	-1
6.2581	-1
6.2581	-1
6.2581	-1
6.2581	-1
6.2581	-1
6.2588	-1
6.2588	-1
6.2588	-1
6.2588	-1
6.2588	-1
6.2588	-1
6.2590	-1
6.2590	-1
6.2590	-1
6.2590	-1
6.2590	-1
6.2590	-1
6.2593	-1
6.2593	-1
6.2593	-1
6.2593	-1
6.2593	-1
6.2593	-1
6.2595	-1
6.2595	-1
6.2595	-1
6.2595	-1
6.2595	-1
6.2595	-1
6.2613	-1
6.2613	-1
6.2613	-1
6.2613	-1
6.2613	-1
6.2613	-1
6.2615	-1
6.2615	-1
6.2615	-1
6.2615	-1
6.2615	-1
6.2615	-1
6.2618	-1
6.2618	-1
6.2618	-1
6.2618	-1
6.2618	-1
6.2618	-1
6.2619	-1
6.2619	-1
6.2619	-1
6.2619	-1
6.2619	-1
6.2619	-1
6.2651	-2
6.2661	-1
6.2662	-1
6.2662	-1
6.2662	-1
6.2662	-1
6.2662	-1
6.2663	-1
6.2663	-1
6.2663	-1
6.2663	-1
6.2663	-1
6.2663	-1
6.2665	-1
6.2665	-1
6.2665	-1
6.2665	-1
6.2665	-1
6.2665	-1
6.2667	-1
6.2667	-1
6.2667	-1
6.2667	-1
6.2667	-1
6.2667	-1
6.2668	-1
6.2668	-1
6.2668	-1
6.2668	-1
6.2668	-1
6.2668	-1
6.2670	-1
6.2670	-1
6.2670	-1
6.2670	-1
6.2670	-1
6.2670	-1
6.2672	-1
6.2672	-1
6.2672	-1
6.2672	-1
6.2672	-1
6.2672	-1
6.2673	-1
6.2673	-1
6.2673	-1
6.2673	-1
6.2673	-1
6.2674	-1
6.2675	-1
6.2675	-1
6.2675	-1
6.2675	-1
6.2675	-1
6.2675	-1
6.2681	-1
6.2681	-1
6.2681	-1
6.2682	-1
6.2682	-1
6.2682	-1
6.2683	-1
6.2683	-1
6.2683	-1
6.2683	-1
6.2683	-1
6.2683	-1
6.2686	-1
6.2686	-1
6.2686	-1
6.2686	-1
6.2686	-1
6.2686	-1
6.2688	-1
6.2688	-1
6.2688	-1
6.2688	-1
6.2688	-1
6.2688	-1
6.2689	-1
6.2689	-1
6.2689	-1
6.2689	-1
6.2689	-1
6.2689	-1
6.2721	-2
6.2732	-1
6.2732	-1
6.2732	-1
6.2732	-1
6.2732	-1
6.2732	-1
6.2733	-1
6.2734	-1
6.2734	-1
6.2734	-1
6.2734	-1
6.2734	-1
6.2735	-1
6.2735	-1
6.2735	-1
6.2735	-1
6.2735	-1
6.2735	-1
6.2738	-1
6.2738	-1
6.2738	-1
6.2738	-1
6.2738	-1
6.2738	-1
6.2740	-1
6.2740	-1
6.2740	-1
6.2740	-1
6.2740	-1
6.2740	-1
6.2742	-1
6.2742	-1
6.2742	-1
6.2742	-1
6.2742	-1
6.2742	-1
6.2744	-1
6.2744	-1
6.2744	-1
6.2744	-1
6.2744	-1
6.2744	-1
6.2745	-1
6.2745	-1
6.2745	-1
6.2745	-1
6.2745	-1
6.2773	-2
6.2781	2
6.2847	-2
6.2890	-2
6.2893	1
6.2913	-1
6.2917	1
6.2918	1
6.2935	-1
6.2935	-1
6.2935	-1
6.2935	-1
6.2935	-1
6.2935	-1
6.2936	-1
6.2936	-1
6.2937	-1
6.2937	-1
6.2937	-1
6.2937	-1
6.2941	1
6.2941	1
6.2942	1
6.2942	1
6.2962	-1
6.2962	-1
6.2962	-1
6.2963	-1
6.2963	-1
6.2963	-1
6.2964	-1
6.2964	-1
6.2964	-1
6.2964	-1
6.2964	-1
6.2964	-1
6.2966	-1
6.2966	-1
6.2966	-1
6.2966	-1
6.2966	-1
6.2966	-1
6.2970	-2
6.2972	1
6.2972	1
6.2973	1
6.2973	1
6.2974	1
6.2974	1
6.2978	-1
6.2978	-1
6.2978	-1
6.2978	-1
6.2978	-1
6.2978	-1
6.2997	1
6.2997	1
6.3010	-1
6.3010	-1
6.3010	-1
6.3010	-1
6.3010	-1
6.3010	-1
6.3014	1
6.3016	-1
6.3017	-1
6.3017	-1
6.3017	-1
6.3017	-1
6.3017	-1
6.3018	1
6.3021	-1
6.3021	-1
6.3021	-1
6.3021	-1
6.3021	-1
6.3022	-1
6.3023	-1
6.3023	-1
6.3023	-1
6.3023	-1
6.3023	-1
6.3023	-1
6.3024	-1
6.3024	-1
6.3024	-1
6.3024	-1
6.3024	-1
6.3024	-1
6.3025	-1
6.3025	-1
6.3025	-1
6.3025	-1
6.3025	-1
6.3025	-1
6.3037	1
6.3038	1
6.3039	1
6.3039	1
6.3040	1
6.3040	1
6.3040	1
6.3041	1
6.3041	1
6.3042	1
6.3049	-1
6.3049	-1
6.3049	-1
6.3049	-1
6.3049	-1
6.3049	-1
6.3062	-2
6.3073	-1
6.3073	-1
6.3073	-1
6.3073	-1
6.3073	-1
6.3073	-1
6.3075	1
6.3075	1
6.3085	1
6.3085	1
6.3099	-1
6.3100	-1
6.3100	-1
6.3100	-1
6.3100	-1
6.3100	-1
6.3101	-1
6.3101	-1
6.3101	-1
6.3101	-1
6.3101	-1
6.3101	-1
6.3110	1
6.3110	1
6.3111	1
6.3111	1
6.3144	-1
6.3144	-1
6.3144	-1
6.3144	-1
6.3144	-1
6.3144	-1
6.3145	-2
6.3146	-1
6.3146	-1
6.3146	-1
6.3146	-1
6.3146	-1
6.3146	-1
6.3148	-1
6.3148	-1
6.3148	-1
6.3148	-1
6.3148	-1
6.3148	-1
6.3149	-1
6.3149	-1
6.3150	-1
6.3150	-1
6.3150	-1
6.3150	-1
6.3151	-1
6.3151	-1
6.3151	-1
6.3151	-1
6.3151	-1
6.3151	-1
6.3152	-1
6.3153	-1
6.3153	-1
6.3153	-1
6.3153	-1
6.3153	-1
6.3154	-1
6.3154	-1
6.3154	-1
6.3154	-1
6.3154	-1
6.3154	-1
6.3155	-1
6.3156	-1
6.3156	-1
6.3156	-1
6.3156	-1
6.3156	-1
6.3157	-2
6.3158	-1
6.3158	-1
6.3158	-1
6.3158	-1
6.3158	-1
6.3158	-1
6.3177	-1
6.3177	-1
6.3177	-1
6.3177	-1
6.3177	-1
6.3177	-1
6.3183	1
6.3184	1
6.3184	1
6.3184	1
6.3185	1
6.3185	1
6.3186	1
6.3186	1
6.3191	1
6.3191	1
6.3191	1
6.3192	1
6.3193	1
6.3193	1
6.3197	1
6.3198	1
6.3198	1
6.3199	1
6.3199	1
6.3200	1
6.3200	-1
6.3200	-1
6.3200	-1
6.3200	-1
6.3200	-1
6.3200	-1
6.3203	-1
6.3203	-1
6.3203	-1
6.3203	-1
6.3203	-1
6.3203	-1
6.3206	-1
6.3206	-1
6.3206	-1
6.3206	-1
6.3206	-1
6.3206	-1
6.3208	-1
6.3209	-1
6.3209	-1
6.3209	-1
6.3209	-1
6.3209	-1
6.3210	1
6.3210	1
6.3219	1
6.3219	1
6.3220	1
6.3220	1
6.3220	1
6.3230	-1
6.3230	-1
6.3230	-1
6.3230	-1
6.3230	-1
6.3230	-1
6.3256	-1
6.3256	-1
6.3256	-1
6.3256	-1
6.3256	-1
6.3256	-1
6.3259	-1
6.3259	-1
6.3259	-1
6.3259	-1
6.3259	-1
6.3259	-1
6.3261	-1
6.3261	-1
6.3261	-1
6.3261	-1
6.3261	-1
6.3261	-1
6.3291	-1
6.3291	-1
6.3291	-1
6.3291	-1
6.3291	-1
6.3291	-1
6.3295	-1
6.3295	-1
6.3295	-1
6.3295	-1
6.3295	-1
6.3295	-1
6.3312	-2
6.3313	-1
6.3313	-1
6.3313	-1
6.3313	-1
6.3313	-1
6.3313	-1
6.3315	-1
6.3315	-1
6.3315	-1
6.3315	-1
6.3315	-1
6.3315	-1
6.3317	2
6.3332	-1
6.3332	-1
6.3332	-1
6.3333	-1
6.3333	-1
6.3333	-1
6.3334	-1
6.3334	-1
6.3334	-1
6.3334	-1
6.3334	-1
6.3334	-1
6.3336	-1
6.3336	-1
6.3336	-1
6.3336	-1
6.3336	-1
6.3336	-1
6.3364	-2
6.3381	-1
6.3381	-1
6.3381	-1
6.3382	-1
6.3382	-1
6.3382	-1
6.3383	-1
6.3383	-1
6.3383	-1
6.3383	-1
6.3383	-1
6.3383	-1
6.3385	-1
6.3385	-1
6.3385	-1
6.3385	-1
6.3385	-1
6.3385	-1
6.3387	-1
6.3387	-1
6.3388	-1
6.3388	-1
6.3388	-1
6.3388	-1
6.3391	-1
6.3391	-1
6.3391	-1
6.3391	-1
6.3391	-1
6.3391	-1
6.3393	-1
6.3393	-1
6.3393	-1
6.3393	-1
6.3393	-1
6.3393	-1
6.3430	-2
6.3435	-1
6.3435	-1
6.3435	-1
6.3435	-1
6.3435	-1
6.3435	-1
6.3437	-1
6.3437	-1
6.3437	-1
6.3437	-1
6.3437	-1
6.3437	-1
6.3439	-1
6.3439	-1
6.3439	-1
6.3439	-1
6.3439	-1
6.3439	-1
6.3441	-1
6.3441	-1
6.3441	-1
6.3441	-1
6.3441	-1
6.3441	-1
6.3443	-1
6.3443	-1
6.3443	-1
6.3443	-1
6.3443	-1
6.3443	-1
6.3446	-1
6.3446	-1
6.3446	-1
6.3446	-1
6.3446	-1
6.3446	-1
6.3448	-1
6.3448	-1
6.3448	-1
6.3448	-1
6.3448	-1
6.3448	-1
6.3450	-1
6.3450	-1
6.3450	-1
6.3450	-1
6.3450	-1
6.3450	-1
6.3451	-1
6.3451	-1
6.3451	-1
6.3451	-1
6.3451	-1
6.3451	-1
6.3453	-1
6.3453	-1
6.3453	-1
6.3453	-1
6.3453	-1
6.3453	-1
6.3454	-1
6.3455	-1
6.3455	-1
6.3455	-1
6.3455	-1
6.3455	-1
6.3457	-1
6.3457	-1
6.3457	-1
6.3457	-1
6.3457	-1
6.3457	-1
6.3458	-1
6.3459	-1
6.3459	-1
6.3459	-1
6.3459	-1
6.3459	-1
6.3460	-1
6.3460	-1
6.3460	-1
6.3460	-1
6.3460	-1
6.3516	2
6.3605	1
6.3629	-1
6.3634	1
6.3634	1
6.3653	-1
6.3654	-1
6.3654	-1
6.3654	-1
6.3654	-1
6.3654	-1
6.3655	-1
6.3655	-1
6.3655	-1
6.3655	-1
6.3655	-1
6.3655	-1
6.3663	1
6.3663	1
6.3664	1
6.3664	1
6.3690	-1
6.3690	-1
6.3690	-1
6.3690	-1
6.3690	-1
6.3690	-1
6.3692	-1
6.3692	-1
6.3692	-1
6.3692	-1
6.3692	-1
6.3692	-1
6.3692	-2
6.3693	-1
6.3693	-1
6.3693	-1
6.3693	-1
6.3693	-1
6.3693	-1
6.3694	-1
6.3694	-1
6.3694	-1
6.3694	-1
6.3694	-1
6.3694	-1
6.3699	1
6.3700	1
6.3701	1
6.3701	1
6.3702	1
6.3702	1
6.3703	1
6.3703	1
6.3734	-1
6.3734	-1
6.3734	-1
6.3734	-1
6.3734	-1
6.3734	-1
6.3735	-1
6.3735	-1
6.3735	-1
6.3735	-1
6.3735	-1
6.3735	-1
6.3742	-1
6.3742	-1
6.3742	-1
6.3742	-1
6.3742	-1
6.3742	-1
6.3761	-1
6.3761	-1
6.3761	-1
6.3761	-1
6.3761	-1
6.3761	-1
6.3762	1
6.3762	1
6.3763	1
6.3763	1
6.3764	1
6.3764	1
6.3780	-1
6.3780	-1
6.3780	-1
6.3780	-1
6.3780	-1
6.3780	-1
6.3784	-1
6.3784	-1
6.3784	-1
6.3784	-1
6.3784	-1
6.3784	-1
6.3786	-1
6.3786	-1
6.3786	-1
6.3786	-1
6.3786	-1
6.3786	-1
6.3788	-1
6.3788	-1
6.3788	-1
6.3788	-1
6.3788	-1
6.3788	-1
6.3790	1
6.3791	1
6.3807	1
6.3809	1
6.3810	1
6.3811	1
6.3811	1
6.3812	1
6.3812	-1
6.3812	-1
6.3812	-1
6.3813	-1
6.3813	-1
6.3813	-1
6.3813	1
6.3813	1
6.3819	1
6.3820	1
6.3835	-1
6.3835	-1
6.3835	-1
6.3835	-1
6.3835	-1
6.3835	-1
6.3837	-1
6.3837	-1
6.3837	-1
6.3837	-1
6.3837	-1
6.3837	-1
6.3839	-1
6.3839	-1
6.3839	-1
6.3839	-1
6.3839	-1
6.3839	-1
6.3840	-1
6.3840	-1
6.3841	-1
6.3841	-1
6.3841	-1
6.3841	-1
6.3842	-1
6.3842	-1
6.3842	-1
6.3842	-1
6.3842	-1
6.3842	-1
6.3853	1
6.3853	1
6.3854	1
6.3854	1
6.3854	1
6.3855	1
6.3855	1
6.3855	1
6.3856	1
6.3856	1
6.3876	-1
6.3876	-1
6.3876	-1
6.3876	-1
6.3876	-1
6.3876	-1
6.3886	1
6.3887	1
6.3898	-2
6.3937	-2
6.3953	-1
6.3953	-1
6.3953	-1
6.3953	-1
6.3953	-1
6.3953	-1
6.3955	-1
6.3955	-1
6.3955	-1
6.3955	-1
6.3955	-1
6.3955	-1
6.3957	-1
6.3957	-1
6.3957	-1
6.3957	-1
6.3957	-1
6.3957	-1
6.3960	-1
6.3960	-1
6.3960	-1
6.3960	-1
6.3960	-1
6.3960	-1
6.3962	-1
6.3962	-1
6.3962	-1
6.3962	-1
6.3962	-1
6.3962	-1
6.3963	-1
6.3964	-1
6.3964	-1
6.3964	-1
6.3964	-1
6.3964	-1
6.3964	-2
6.3965	-1
6.3965	-1
6.3965	-1
6.3965	-1
6.3965	-1
6.3965	-1
6.3976	-1
6.3976	-1
6.3976	-1
6.3976	-1
6.3976	-1
6.3976	-1
6.3978	-1
6.3978	-1
6.3978	-1
6.3978	-1
6.3978	-1
6.3978	-1
6.3981	-1
6.3981	-1
6.3981	-1
6.3981	-1
6.3981	-1
6.3981	-1
6.3983	-1
6.3983	-1
6.3983	-1
6.3983	-1
6.3983	-1
6.3983	-1
6.3985	-1
6.3985	-1
6.3985	-1
6.3985	-1
6.3985	-1
6.3985	-1
6.3987	-1
6.3987	-1
6.3987	-1
6.3987	-1
6.3987	-1
6.3987	-1
6.3989	-1
6.3989	-1
6.3989	-1
6.3989	-1
6.3989	-1
6.3989	-1
6.3996	1
6.3997	1
6.3997	1
6.3998	1
6.4000	1
6.4001	1
6.4001	1
6.4002	1
6.4002	1
6.4003	1
6.4003	1
6.4004	1
6.4005	1
6.4005	1
6.4005	1
6.4006	1
6.4016	2
6.4021	-1
6.4021	-1
6.4021	-1
6.4021	-1
6.4021	-1
6.4021	-1
6.4022	1
6.4023	-1
6.4024	-1
6.4024	-1
6.4024	-1
6.4024	-1
6.4024	-1
6.4026	-1
6.4026	-1
6.4026	-1
6.4026	-1
6.4026	-1
6.4026	-1
6.4028	-1
6.4028	-1
6.4028	-1
6.4028	-1
6.4029	-1
6.4029	-1
6.4029	-2
6.4031	-1
6.4031	-1
6.4031	-1
6.4031	-1
6.4031	-1
6.4031	-1
6.4033	-1
6.4033	-1
6.4033	-1
6.4033	-1
6.4033	-1
6.4033	-1
6.4062	2
6.4074	-1
6.4074	-1
6.4075	-1
6.4075	-1
6.4075	-1
6.4075	-1
6.4077	-1
6.4077	-1
6.4077	-1
6.4077	-1
6.4077	-1
6.4077	-1
6.4078	-1
6.4079	-1
6.4079	-1
6.4079	-1
6.4079	-1
6.4079	-1
6.4146	-1
6.4146	-1
6.4146	-1
6.4146	-1
6.4146	-1
6.4146	-1
6.4148	-1
6.4148	-1
6.4148	-1
6.4148	-1
6.4148	-1
6.4148	-1
6.4149	-1
6.4150	-1
6.4150	-1
6.4150	-1
6.4150	-1
6.4150	-1
6.4151	-1
6.4151	-1
6.4151	-1
6.4151	-1
6.4151	-1
6.4151	-1
6.4153	-1
6.4153	-1
6.4153	-1
6.4153	-1
6.4153	-1
6.4153	-1
6.4154	-1
6.4154	-1
6.4154	-1
6.4155	-1
6.4155	-1
6.4155	-1
6.4156	-1
6.4156	-1
6.4156	-1
6.4156	-1
6.4156	-1
6.4156	-1
6.4158	-1
6.4158	-1
6.4158	-1
6.4158	-1
6.4158	-1
6.4158	-1
6.4160	-1
6.4160	-1
6.4160	-1
6.4160	-1
6.4160	-1
6.4160	-1
6.4162	-1
6.4162	-1
6.4162	-1
6.4162	-1
6.4162	-1
6.4162	-1
6.4164	-1
6.4164	-1
6.4164	-1
6.4164	-1
6.4164	-1
6.4164	-1
6.4180	-1
6.4180	-1
6.4180	-1
6.4180	-1
6.4180	-1
6.4180	-1
6.4181	-1
6.4181	-1
6.4181	-1
6.4181	-1
6.4181	-1
6.4181	-1
6.4183	-1
6.4183	-1
6.4183	-1
6.4183	-1
6.4183	-1
6.4183	-1
6.4185	-1
6.4185	-1
6.4185	-1
6.4185	-1
6.4185	-1
6.4185	-1
6.4186	-1
6.4186	-1
6.4186	-1
6.4187	-1
6.4187	-1
6.4187	-1
6.4188	-1
6.4188	-1
6.4188	-1
6.4188	-1
6.4188	-1
6.4192	2
6.4330	2
6.4335	1
6.4354	2
6.4355	-1
6.4360	1
6.4360	1
6.4360	2
6.4367	-1
6.4375	-1
6.4409	-2
6.4428	-2
6.4498	1
6.4522	-1
6.4523	2
6.4525	1
6.4526	1
6.4532	-1
6.4540	-1
6.4668	1
6.4687	-1
6.4691	1
6.4692	1
6.4706	-1
6.4707	-1
6.4745	-2
6.4747	-2
6.4763	-2
6.4781	-2
6.4853	1
6.4864	2
6.4872	-2
6.4875	-1
6.4879	1
6.4880	1
6.4896	-1
6.4897	-1
6.4932	-2
6.5038	1
6.5058	-1
6.5063	1
6.5063	1
6.5072	-2
6.5079	-1
6.5082	-1
6.5200	-2
6.5231	1
6.5252	-1
6.5258	1
6.5258	1
6.5271	-1
6.5271	-1
6.5271	-1
6.5271	-1
6.5271	-1
6.5271	-1
6.5273	-1
6.5273	-1
6.5273	-1
6.5273	-1
6.5273	-1
6.5273	-1
6.5278	1
6.5278	1
6.5280	1
6.5280	1
6.5291	-1
6.5291	-1
6.5291	-1
6.5291	-1
6.5291	-1
6.5291	-1
6.5292	-1
6.5292	-1
6.5292	-1
6.5292	-1
6.5292	-1
6.5292	-1
6.5294	-1
6.5294	-1
6.5294	-1
6.5294	-1
6.5294	-1
6.5294	-1
6.5295	-1
6.5295	-1
6.5295	-1
6.5295	-1
6.5295	-1
6.5295	-1
6.5299	1
6.5299	1
6.5300	1
6.5300	1
6.5301	1
6.5301	1
6.5302	1
6.5302	1
6.5315	-1
6.5315	-1
6.5315	-1
6.5315	-1
6.5315	-1
6.5315	-1
6.5317	-1
6.5317	-1
6.5317	-1
6.5317	-1
6.5317	-1
6.5317	-1
6.5327	-1
6.5327	-1
6.5327	-1
6.5327	-1
6.5327	-1
6.5327	-1
6.5328	-1
6.5328	-1
6.5328	-1
6.5328	-1
6.5329	-1
6.5329	-1
6.5330	-1
6.5330	-1
6.5330	-1
6.5330	-1
6.5330	-1
6.5330	-1
6.5331	-1
6.5331	-1
6.5331	-1
6.5331	-1
6.5331	-1
6.5331	-1
6.5332	1
6.5332	1
6.5332	-1
6.5332	1
6.5333	-1
6.5333	-1
6.5333	-1
6.5333	-1
6.5333	-1
6.5333	1
6.5334	-1
6.5334	-1
6.5334	-1
6.5334	-1
6.5334	-1
6.5334	-1
6.5342	1
6.5343	1
6.5347	-1
6.5348	-1
6.5348	-1
6.5348	-1
6.5348	-1
6.5348	-1
6.5359	-1
6.5359	-1
6.5359	-1
6.5359	-1
6.5359	-1
6.5359	-1
6.5360	-1
6.5360	-1
6.5360	-1
6.5360	-1
6.5360	-1
6.5360	-1
6.5362	-1
6.5362	-1
6.5362	-1
6.5362	-1
6.5362	-1
6.5362	-1
6.5362	1
6.5363	1
6.5363	1
6.5364	-1
6.5364	-1
6.5364	1
6.5364	-1
6.5364	-1
6.5364	-1
6.5364	-1
6.5364	1
6.5365	1
6.5365	1
6.5365	1
6.5366	1
6.5366	-1
6.5366	-1
6.5366	-1
6.5366	-1
6.5366	-1
6.5366	-1
6.5367	1
6.5367	1
6.5368	1
6.5378	1
6.5379	1
6.5379	1
6.5380	1
6.5380	1
6.5380	1
6.5381	1
6.5381	1
6.5381	1
6.5382	1
6.5408	-1
6.5408	-1
6.5408	-1
6.5408	-1
6.5408	-1
6.5408	-1
6.5409	-1
6.5410	-1
6.5410	-1
6.5410	-1
6.5410	-1
6.5410	-1
6.5411	-1
6.5411	-1
6.5411	-1
6.5411	-1
6.5411	-1
6.5411	-1
6.5412	-1
6.5412	-1
6.5412	-1
6.5412	-1
6.5412	-1
6.5412	-1
6.5413	-1
6.5413	-1
6.5413	-1
6.5413	-1
6.5413	-1
6.5413	-1
6.5414	-1
6.5414	-1
6.5414	-1
6.5414	-1
6.5414	-1
6.5414	-1
6.5416	-1
6.5416	-1
6.5416	-1
6.5416	-1
6.5416	-1
6.5416	-1
6.5417	-1
6.5417	-1
6.5417	-1
6.5417	-1
6.5417	-1
6.5417	-1
6.5418	-1
6.5418	-1
6.5418	-1
6.5418	-1
6.5418	-1
6.5418	-1
6.5420	-1
6.5420	-1
6.5420	-1
6.5420	-1
6.5421	-1
6.5421	-1
6.5428	1
6.5428	1
6.5440	-1
6.5440	-1
6.5440	-1
6.5440	-1
6.5440	-1
6.5440	-1
6.5443	-1
6.5443	-1
6.5443	-1
6.5443	-1
6.5443	-1
6.5443	-1
6.5446	-1
6.5446	-1
6.5446	-1
6.5446	-1
6.5446	-1
6.5446	-1
6.5446	1
6.5447	1
6.5447	1
6.5448	-1
6.5448	-1
6.5448	-1
6.5448	-1
6.5448	1
6.5448	-1
6.5448	-1
6.5448	1
6.5449	1
6.5449	1
6.5449	-1
6.5449	-1
6.5449	-1
6.5449	-1
6.5449	-1
6.5449	-1
6.5450	1
6.5450	1
6.5450	1
6.5451	1
6.5451	1
6.5451	-1
6.5451	-1
6.5451	-1
6.5451	-1
6.5451	-1
6.5451	-1
6.5452	1
6.5452	1
6.5453	1
6.5453	1
6.5453	-1
6.5453	-1
6.5453	-1
6.5453	-1
6.5453	-1
6.5453	-1
6.5454	1
6.5454	1
6.5455	-1
6.5455	-1
6.5455	-1
6.5455	-1
6.5456	-1
6.5456	-1
6.5477	1
6.5478	1
6.5478	1
6.5479	1
6.5479	1
6.5480	1
6.5480	1
6.5481	1
6.5481	1
6.5481	1
6.5482	1
6.5482	1
6.5483	1
6.5483	1
6.5484	1
6.5484	1
6.5487	-1
6.5487	-1
6.5487	-1
6.5487	-1
6.5487	-1
6.5487	-1
6.5489	-1
6.5489	-1
6.5489	-1
6.5489	-1
6.5489	-1
6.5489	-1
6.5493	1
6.5494	1
6.5494	-1
6.5494	-1
6.5494	-1
6.5494	-1
6.5494	-1
6.5494	-1
6.5495	1
6.5495	1
6.5496	-1
6.5496	-1
6.5496	-1
6.5496	-1
6.5496	-1
6.5496	-1
6.5498	-1
6.5498	-1
6.5498	-1
6.5499	-1
6.5499	-1
6.5499	-1
6.5500	-1
6.5500	-1
6.5500	-1
6.5500	-1
6.5500	-1
6.5500	-1
6.5502	-1
6.5502	-1
6.5502	-1
6.5502	-1
6.5502	-1
6.5502	-1
6.5504	-1
6.5504	-1
6.5504	-1
6.5504	-1
6.5504	-1
6.5504	-1
6.5506	-1
6.5506	-1
6.5506	-1
6.5506	-1
6.5506	-1
6.5506	-1
6.5508	-1
6.5508	-1
6.5508	-1
6.5508	-1
6.5508	-1
6.5508	-1
6.5510	-1
6.5510	-1
6.5510	-1
6.5510	-1
6.5510	-1
6.5510	-1
6.5520	2
6.5523	-2
6.5527	1
6.5528	1
6.5528	1
6.5529	1
6.5531	1
6.5531	1
6.5534	1
6.5534	1
6.5534	1
6.5535	1
6.5535	1
6.5536	1
6.5536	1
6.5541	-1
6.5542	-1
6.5542	-1
6.5542	-1
6.5542	-1
6.5542	-1
6.5543	-1
6.5543	-1
6.5543	-1
6.5543	-1
6.5543	-1
6.5543	-1
6.5545	-1
6.5545	-1
6.5545	-1
6.5545	-1
6.5545	-1
6.5546	-1
6.5547	1
6.5548	1
6.5548	1
6.5549	1
6.5549	1
6.5554	1
6.5555	1
6.5558	-1
6.5558	-1
6.5558	-1
6.5558	-1
6.5558	-1
6.5558	-1
6.5561	-1
6.5561	-1
6.5561	-1
6.5561	-1
6.5561	-1
6.5561	-1
6.5563	-1
6.5563	-1
6.5563	-1
6.5563	-1
6.5563	-1
6.5563	-1
6.5565	-1
6.5565	-1
6.5565	-1
6.5565	-1
6.5565	-1
6.5565	-1
6.5588	-1
6.5588	-1
6.5588	-1
6.5588	-1
6.5588	-1
6.5588	-1
6.5590	-1
6.5590	-1
6.5590	-1
6.5590	-1
6.5590	-1
6.5590	-1
6.5592	-1
6.5592	-1
6.5592	-1
6.5592	-1
6.5592	-1
6.5592	-1
6.5600	-1
6.5600	-1
6.5600	-1
6.5600	-1
6.5600	-1
6.5600	-1
6.5602	-1
6.5602	-1
6.5602	-1
6.5602	-1
6.5602	-1
6.5602	-1
6.5638	-1
6.5638	-1
6.5638	-1
6.5639	-1
6.5639	-1
6.5639	-1
6.5640	-1
6.5640	-1
6.5640	-1
6.5640	-1
6.5640	-1
6.5640	-1
6.5642	-1
6.5642	-1
6.5642	-1
6.5642	-1
6.5642	-1
6.5642	-1
6.5644	-1
6.5644	-1
6.5644	-1
6.5644	-1
6.5644	-1
6.5644	-1
6.5645	-1
6.5645	-1
6.5646	-1
6.5646	-1
6.5646	-1
6.5646	-1
6.5647	-1
6.5647	-1
6.5647	-1
6.5647	-1
6.5647	-1
6.5647	-1
6.5649	-1
6.5649	-1
6.5649	-1
6.5649	-1
6.5649	-1
6.5649	-1
6.5651	-1
6.5651	-1
6.5651	-1
6.5651	-1
6.5651	-1
6.5651	-1
6.5652	-1
6.5652	-1
6.5652	-1
6.5652	-1
6.5652	-1
6.5652	-1
6.5653	-2
6.5654	-1
6.5654	-1
6.5654	-1
6.5654	-1
6.5654	-1
6.5654	-1
6.5655	-1
6.5655	-1
6.5655	-1
6.5656	-1
6.5656	-1
6.5656	-1
6.5678	-1
6.5678	-1
6.5678	-1
6.5678	-1
6.5678	-1
6.5678	-1
6.5680	-1
6.5680	-1
6.5680	-1
6.5680	-1
6.5680	-1
6.5680	-1
6.5681	-1
6.5681	-1
6.5681	-1
6.5681	-1
6.5681	-1
6.5682	-1
6.5683	-1
6.5683	-1
6.5683	-1
6.5683	-1
6.5683	-1
6.5683	-1
6.5685	-1
6.5685	-1
6.5685	-1
6.5685	-1
6.5685	-1
6.5685	-1
6.5686	-1
6.5686	-1
6.5686	-1
6.5686	-1
6.5687	-1
6.5687	-1
6.5688	-1
6.5688	-1
6.5688	-1
6.5688	-1
6.5688	-1
6.5688	-1
6.5690	-1
6.5690	-1
6.5690	-1
6.5690	-1
6.5690	-1
6.5690	-1
6.5691	-1
6.5691	-1
6.5691	-1
6.5691	-1
6.5691	-1
6.5691	-1
6.5693	-1
6.5693	-1
6.5693	-1
6.5693	-1
6.5693	-1
6.5693	-1
6.5694	-1
6.5694	-1
6.5694	-1
6.5694	-1
6.5694	-1
6.5694	-1
6.5696	-1
6.5696	-1
6.5696	-1
6.5696	-1
6.5696	-1
6.5696	-1
6.5704	-1
6.5704	-1
6.5704	-1
6.5704	-1
6.5704	-1
6.5704	-1
6.5705	-1
6.5705	-1
6.5706	-1
6.5706	-1
6.5706	-1
6.5706	-1
6.5707	-1
6.5707	-1
6.5707	-1
6.5707	-1
6.5707	-1
6.5707	-1
6.5709	-1
6.5709	-1
6.5709	-1
6.5709	-1
6.5709	-1
6.5709	-1
6.5710	-1
6.5710	-1
6.5710	-1
6.5710	-1
6.5710	-1
6.5710	-1
6.5712	-1
6.5712	-1
6.5712	-1
6.5712	-1
6.5712	-1
6.5712	-1
6.5716	-2
6.5734	-2
6.5739	-1
6.5739	-1
6.5739	-1
6.5739	-1
6.5739	-1
6.5739	-1
6.5741	-1
6.5741	-1
6.5741	-1
6.5741	-1
6.5741	-1
6.5741	-1
6.5745	-1
6.5745	-1
6.5745	-1
6.5745	-1
6.5745	-1
6.5745	-1
6.5747	-1
6.5747	-1
6.5747	-1
6.5747	-1
6.5747	-1
6.5747	-1
6.5749	-1
6.5749	-1
6.5749	-1
6.5749	-1
6.5749	-1
6.5749	-1
6.5750	-1
6.5750	-1
6.5750	-1
6.5750	-1
6.5751	-1
6.5751	-1
6.5752	-1
6.5752	-1
6.5752	-1
6.5752	-1
6.5752	-1
6.5789	-2
6.5823	-2
6.5862	2
6.5884	-2
6.5924	-2
6.5941	-2
6.6042	-2
6.6108	-2
6.6158	-2
6.6177	2
6.6225	-2
6.6258	2
6.6342	2
6.6399	2
6.6419	2
6.6574	-2
6.6588	-2
6.6598	2
6.6620	-2
6.6775	2
6.6804	2
6.6924	2
6.6969	-2
6.6972	-2
6.7029	-2
6.7089	2
6.7186	-2
6.7216	2
6.7354	-2
6.7393	-2
6.7499	-2
6.7522	1
6.7523	1
6.7524	1
6.7535	-1
6.7535	-1
6.7536	-1
6.7536	-1
6.7536	-1
6.7536	-1
6.7538	-1
6.7538	-1
6.7538	-1
6.7538	-1
6.7538	-1
6.7538	-1
6.7540	-1
6.7540	-1
6.7540	-1
6.7540	-1
6.7540	-1
6.7540	-1
6.7623	1
6.7624	1
6.7635	-1
6.7635	-1
6.7635	-1
6.7635	-1
6.7635	-1
6.7635	-1
6.7637	-1
6.7637	-1
6.7637	-1
6.7637	-1
6.7637	-1
6.7638	-1
6.7753	-2
6.7758	-2
6.7768	-2
6.7785	1
6.7807	-1
6.7812	1
6.7812	1
6.7813	-2
6.7830	-1
6.7831	-1
6.7831	-1
6.7831	-1
6.7831	-1
6.7831	-1
6.7832	-1
6.7832	-1
6.7832	-1
6.7832	-1
6.7832	-1
6.7832	-1
6.7837	1
6.7837	1
6.7838	1
6.7838	1
6.7862	-1
6.7863	-1
6.7863	-1
6.7863	-1
6.7863	-1
6.7863	-1
6.7864	-1
6.7864	-1
6.7864	-1
6.7864	-1
6.7864	-1
6.7864	-1
6.7866	-1
6.7866	-1
6.7866	-1
6.7866	-1
6.7866	-1
6.7866	-1
6.7868	-1
6.7868	-1
6.7868	-1
6.7868	-1
6.7868	-1
6.7868	-1
6.7872	1
6.7872	1
6.7873	1
6.7873	1
6.7873	1
6.7873	1
6.7874	1
6.7874	1
6.7895	-1
6.7895	-1
6.7895	-1
6.7896	-1
6.7896	-1
6.7896	-1
6.7918	1
6.7924	-1
6.7924	-1
6.7924	-1
6.7924	-1
6.7924	-1
6.7924	-1
6.7926	-1
6.7926	-1
6.7926	-1
6.7926	-1
6.7926	-1
6.7926	-1
6.7928	-1
6.7928	-1
6.7928	-1
6.7928	-1
6.7928	-1
6.7928	-1
6.7931	-1
6.7931	-1
6.7931	-1
6.7931	-1
6.7931	-1
6.7931	-1
6.7933	-1
6.7933	-1
6.7933	-1
6.7933	-1
6.7933	-1
6.7933	-1
6.7934	-1
6.7934	-1
6.7934	-1
6.7934	-1
6.7934	-1
6.7934	-1
6.7936	-2
6.7936	-1
6.7936	-1
6.7936	-1
6.7936	-1
6.7936	-1
6.7936	-1
6.7947	-2
6.7948	2
6.7950	-1
6.7950	-1
6.7950	-1
6.7981	2
6.7987	-2
6.8010	-2
6.8083	-2
6.8098	1
6.8123	-1
6.8129	1
6.8130	1
6.8151	-1
6.8151	-1
6.8151	-1
6.8151	-1
6.8151	-1
6.8151	-1
6.8152	-1
6.8152	-1
6.8153	-1
6.8153	-1
6.8171	-2
6.8289	1
6.8308	-1
6.8312	1
6.8313	1
6.8318	-1
6.8327	-1
6.8343	2
6.8395	2
6.8406	-2
6.8452	1
6.8472	-1
6.8477	1
6.8477	1
6.8491	-1
6.8492	-1
6.8626	1
6.8641	-2
6.8645	-1
6.8648	-2
6.8652	1
6.8653	1
6.8673	-1
6.8674	-1
6.8684	2
6.8730	-2
6.8772	-2
6.8803	2
6.8804	1
6.8823	-1
6.8827	1
6.8828	1
6.8834	-2
6.8836	-1
6.8836	-1
6.8836	-1
6.8836	-1
6.8836	-1
6.8836	-1
6.8838	-1
6.8838	-1
6.8838	-1
6.8838	-1
6.8838	-1
6.8838	-1
6.8842	1
6.8842	1
6.8843	1
6.8843	1
6.8853	-1
6.8853	-1
6.8853	-1
6.8853	-1
6.8853	-1
6.8853	-1
6.8855	-1
6.8855	-1
6.8855	-1
6.8855	-1
6.8855	-1
6.8855	-1
6.8856	-1
6.8856	-1
6.8856	-1
6.8856	-1
6.8856	-1
6.8856	-1
6.8857	-1
6.8858	-1
6.8858	-1
6.8858	-1
6.8858	-1
6.8858	-1
6.8860	1
6.8861	1
6.8862	1
6.8862	1
6.8863	1
6.8863	1
6.8864	1
6.8864	1
6.8871	-1
6.8872	-1
6.8872	-1
6.8872	-1
6.8872	-1
6.8872	-1
6.8873	-1
6.8873	-1
6.8873	-1
6.8873	-1
6.8873	-1
6.8873	-1
6.8875	-1
6.8875	-1
6.8875	-1
6.8875	-1
6.8875	-1
6.8875	-1
6.8883	-1
6.8883	-1
6.8883	-1
6.8883	-1
6.8883	-1
6.8883	-1
6.8888	1
6.8888	1
6.8892	-1
6.8892	-1
6.8892	-1
6.8892	-1
6.8892	-1
6.8892	-1
6.8894	-1
6.8894	-1
6.8894	-1
6.8894	-1
6.8894	-1
6.8894	-1
6.8896	-1
6.8896	-1
6.8896	-1
6.8896	-1
6.8896	-1
6.8896	-1
6.8897	-1
6.8897	-1
6.8897	-1
6.8897	-1
6.8897	-1
6.8897	-1
6.8902	2
6.8905	-1
6.8905	-1
6.8905	-1
6.8905	-1
6.8905	-1
6.8905	-1
6.8906	-1
6.8906	-1
6.8906	-1
6.8998	-2
6.9043	1
6.9062	-1
6.9067	1
6.9067	1
6.9080	-1
6.9081	-1
6.9099	-2
6.9220	1
6.9239	-1
6.9242	-2
6.9244	1
6.9244	1
6.9264	-1
6.9264	-1
6.9264	-1
6.9264	-1
6.9264	-1
6.9264	-1
6.9265	-1
6.9265	-1
6.9265	-1
6.9265	-1
6.9266	-1
6.9266	-1
6.9270	1
6.9283	-1
6.9283	-1
6.9318	-2
6.9339	-2
6.9422	1
6.9441	-1
6.9446	1
6.9447	1
6.9455	-1
6.9464	-1
6.9472	-2
6.9479	-2
6.9525	2
6.9595	1
6.9614	-1
6.9619	1
6.9619	1
6.9637	-1
6.9638	-1
6.9638	-1
6.9638	-1
6.9638	-1
6.9638	-1
6.9638	2
6.9639	-1
6.9662	-2
6.9780	1
6.9802	-1
6.9806	1
6.9807	1
6.9810	-2
6.9819	-1
6.9819	-1
6.9820	-1
6.9824	-2
6.9906	-2
6.9915	-2
6.9948	1
6.9968	-1
6.9972	1
6.9973	1
6.9979	-1
6.9987	-2
6.9987	-1
7.0109	-2
7.0116	1
7.0137	-1
7.0141	1
7.0141	1
7.0160	-1
7.0160	-1
7.0160	-1
7.0160	-1
7.0160	-1
7.0160	-1
7.0162	-1
7.0162	-1
7.0162	-1
7.0162	-1
7.0162	-1
7.0162	-1
7.0167	1
7.0168	1
7.0168	1
7.0169	1
7.0193	-1
7.0194	-1
7.0194	-1
7.0194	-1
7.0194	-1
7.0194	-1
7.0195	-1
7.0195	-1
7.0195	-1
7.0195	-1
7.0195	-1
7.0195	-1
7.0197	-1
7.0197	-1
7.0197	-1
7.0197	-1
7.0197	-1
7.0197	-1
7.0198	-1
7.0198	-1
7.0198	-1
7.0198	-1
7.0198	-1
7.0198	-1
7.0203	1
7.0218	-1
7.0218	-1
7.0218	-1
7.0218	-1
7.0363	1
7.0388	-1
7.0394	1
7.0395	1
7.0399	-2
7.0404	-1
7.0404	-1
7.0404	-1
7.0404	-1
7.0404	-1
7.0404	-1
7.0406	-1
7.0406	-1
7.0406	-1
7.0406	-1
7.0406	-1
7.0406	-1
7.0414	1
7.0414	1
7.0415	1
7.0415	1
7.0425	-1
7.0425	-1
7.0425	-1
7.0425	-1
7.0425	-1
7.0425	-1
7.0427	-1
7.0427	-1
7.0427	-1
7.0427	-1
7.0427	-1
7.0427	-1
7.0428	2
7.0431	-1
7.0431	-1
7.0431	-1
7.0431	-1
7.0431	-1
7.0431	-1
7.0433	-1
7.0433	-1
7.0433	-1
7.0433	-1
7.0562	1
7.0567	-2
7.0581	-1
7.0585	1
7.0586	1
7.0596	2
7.0603	-1
7.0603	-1
7.0603	-1
7.0603	-1
7.0603	-1
7.0603	-1
7.0604	-1
7.0604	-1
7.0604	-1
7.0604	-1
7.0604	-1
7.0604	-1
7.0608	1
7.0609	1
7.0609	1
7.0610	1
7.0612	2
7.0625	-1
7.0625	-1
7.0625	-1
7.0625	-1
7.0625	-1
7.0625	-1
7.0627	-2
7.0630	1
7.0631	1
7.0634	-1
7.0634	-1
7.0634	-1
7.0634	-1
7.0634	-1
7.0634	-1
7.0635	-1
7.0635	-1
7.0635	-1
7.0635	-1
7.0635	-1
7.0635	-1
7.0636	-1
7.0636	-1
7.0636	-1
7.0636	-1
7.0636	-1
7.0637	-1
7.0644	1
7.0644	1
7.0645	1
7.0645	1
7.0646	1
7.0646	1
7.0659	-1
7.0659	-1
7.0659	-1
7.0659	-1
7.0659	-1
7.0659	-1
7.0664	1
7.0665	1
7.0668	-1
7.0669	-1
7.0669	-1
7.0669	-1
7.0669	-1
7.0669	-1
7.0670	-2
7.0671	-2
7.0673	1
7.0675	1
7.0682	-1
7.0682	-1
7.0682	-1
7.0682	-1
7.0682	-1
7.0682	-1
7.0691	-2
7.0696	1
7.0696	1
7.0705	-1
7.0705	-1
7.0705	-1
7.0705	-1
7.0705	-1
7.0705	-1
7.0706	-1
7.0706	-1
7.0707	-1
7.0707	-1
7.0707	-1
7.0707	-1
7.0708	-1
7.0708	-1
7.0708	-1
7.0708	-1
7.0708	-1
7.0708	-1
7.0711	-2
7.0720	1
7.0721	1
7.0721	1
7.0721	1
7.0722	1
7.0722	1
7.0727	-1
7.0727	-1
7.0727	-1
7.0727	-1
7.0727	-1
7.0727	-1
7.0729	-1
7.0729	-1
7.0729	-1
7.0729	-1
7.0729	-1
7.0729	-1
7.0731	-1
7.0731	-1
7.0731	-1
7.0731	-1
7.0731	-1
7.0731	-1
7.0733	-1
7.0733	-1
7.0733	-1
7.0733	-1
7.0733	-1
7.0733	-1
7.0734	1
7.0734	1
7.0745	1
7.0746	1
7.0746	1
7.0747	1
7.0747	1
7.0748	1
7.0750	-1
7.0750	-1
7.0750	-1
7.0750	-1
7.0750	-1
7.0750	-1
7.0752	-1
7.0752	-1
7.0752	-1
7.0752	-1
7.0752	-1
7.0752	-1
7.0754	-1
7.0754	-1
7.0755	-1
7.0755	-1
7.0755	-1
7.0755	-1
7.0767	1
7.0768	1
7.0768	1
7.0769	1
7.0769	1
7.0770	1
7.0780	-1
7.0780	-1
7.0780	-1
7.0781	-1
7.0781	-1
7.0781	-1
7.0782	-1
7.0782	-1
7.0782	-1
7.0782	-1
7.0782	-1
7.0782	-1
7.0807	1
7.0807	1
7.0808	-2
7.0810	1
7.0811	1
7.0830	-1
7.0830	-1
7.0830	-1
7.0830	-1
7.0830	-1
7.0830	-1
7.0832	-1
7.0832	-1
7.0832	-1
7.0832	-1
7.0832	-1
7.0832	-1
7.0834	-1
7.0834	-1
7.0834	-1
7.0834	-1
7.0834	-1
7.0834	-1
7.0868	-1
7.0869	-1
7.0869	-1
7.0869	-1
7.0869	-1
7.0869	-1
7.0870	-1
7.0870	-1
7.0870	-1
7.0870	-1
7.0870	-1
7.0871	-1
7.0871	1
7.0871	1
7.0872	1
7.0872	-1
7.0872	-1
7.0872	-1
7.0872	-1
7.0872	1
7.0872	-1
7.0872	-1
7.0873	1
7.0873	1
7.0874	-1
7.0874	-1
7.0874	-1
7.0875	-1
7.0875	-1
7.0875	-1
7.0877	-1
7.0877	-1
7.0877	-1
7.0877	-1
7.0877	-1
7.0877	-1
7.0878	2
7.0879	-1
7.0879	-1
7.0879	-1
7.0879	-1
7.0879	-1
7.0879	-1
7.0900	-1
7.0900	-1
7.0900	-1
7.0900	-1
7.0900	-1
7.0900	-1
7.0902	-1
7.0902	-1
7.0902	-1
7.0902	-1
7.0902	-1
7.0902	-1
7.0904	-1
7.0904	-1
7.0904	-1
7.0904	-1
7.0904	-1
7.0904	-1
7.0905	-1
7.0905	-1
7.0905	-1
7.0905	-1
7.0905	-1
7.0905	-1
7.0907	-1
7.0907	-1
7.0907	-1
7.0907	-1
7.0907	-1
7.0907	-1
7.0938	-1
7.0938	-1
7.0938	-1
7.0938	-1
7.0938	-1
7.0938	-1
7.0940	-1
7.0940	-1
7.0940	-1
7.0940	-1
7.0940	-1
7.0940	-1
7.0942	-1
7.0942	-1
7.0942	-1
7.0942	-1
7.0942	-1
7.0942	-1
7.0943	-1
7.0943	-1
7.0943	-1
7.0943	-1
7.0943	-1
7.0944	-1
7.0945	-1
7.0945	-1
7.0945	-1
7.0945	-1
7.0945	-1
7.0945	-1
7.0952	-1
7.0952	-1
7.0952	-1
7.0952	-1
7.0952	-1
7.0952	-1
7.0954	-1
7.0954	-1
7.0954	-1
7.0954	-1
7.0954	-1
7.0954	-1
7.0955	-1
7.0955	-1
7.0955	-1
7.0955	-1
7.0955	-1
7.0955	-1
7.0961	-1
7.0962	-1
7.0962	-1
7.0962	-1
7.0962	-1
7.0962	-1
7.0967	-1
7.0967	-1
7.0967	-1
7.0967	-1
7.0968	-1
7.0968	-1
7.0980	-1
7.0980	-1
7.0980	-1
7.0980	-1
7.0980	-1
7.0980	-1
7.0981	-1
7.0981	-1
7.0981	-1
7.0981	-1
7.0981	-1
7.0982	-1
7.0983	-1
7.0983	-1
7.0983	-1
7.0983	-1
7.0983	-1
7.0983	-1
7.0984	-1
7.0984	-1
7.0984	-1
7.0984	-1
7.0984	-1
7.0985	-1
7.0985	2
7.0986	-1
7.0986	-1
7.0986	-1
7.0986	-1
7.1012	-2
7.1032	-2
7.1036	2
7.1067	2
7.1135	1
7.1156	-1
7.1163	1
7.1164	1
7.1184	-1
7.1185	-1
7.1215	2
7.1287	-2
7.1290	-2
7.1303	2
7.1320	1
7.1341	-1
7.1345	1
7.1346	1
7.1360	-1
7.1360	-1
7.1423	-2
7.1446	2
7.1504	1
7.1524	-1
7.1529	1
7.1530	1
7.1538	-1
7.1545	-1
7.1687	1
7.1706	-1
7.1711	1
7.1711	1
7.1714	-2
7.1720	-1
7.1721	-1
7.1721	-1
7.1721	-1
7.1721	-1
7.1721	-1
7.1722	-1
7.1722	-1
7.1722	-1
7.1722	-1
7.1722	-1
7.1722	-1
7.1727	1
7.1727	1
7.1728	1
7.1728	1
7.1735	-1
7.1735	-1
7.1735	-1
7.1735	-1
7.1735	-1
7.1736	-1
7.1737	-1
7.1737	-1
7.1737	-1
7.1737	-1
7.1737	-1
7.1737	-1
7.1747	-1
7.1747	-1
7.1747	-1
7.1747	-1
7.1747	-1
7.1747	-1
7.1749	-1
7.1749	-1
7.1749	-1
7.1749	-1
7.1749	-1
7.1749	-1
7.1752	1
7.1752	1
7.1753	1
7.1753	1
7.1765	-1
7.1765	-1
7.1765	-1
7.1765	-1
7.1765	-1
7.1765	-1
7.1767	-1
7.1767	-1
7.1767	-1
7.1767	-1
7.1767	-1
7.1767	-1
7.1768	-1
7.1768	-1
7.1768	-1
7.1768	-1
7.1768	-1
7.1768	-1
7.1769	-1
7.1769	-1
7.1769	-1
7.1769	-1
7.1769	-1
7.1769	-1
7.1774	2
7.1793	-2
7.1875	-2
7.1901	-2
7.1914	1
7.1935	-1
7.1939	1
7.1940	1
7.1953	-2
7.1956	-1
7.1956	-1
7.1956	-1
7.1956	-1
7.1956	-1
7.1956	-1
7.1958	-1
7.1958	-1
7.1958	-1
7.1958	-1
7.1958	-1
7.1958	-1
7.1962	1
7.1962	1
7.1963	1
7.1964	1
7.1983	-1
7.1983	-1
7.1983	-1
7.1983	-1
7.1983	-1
7.1983	-1
7.1985	-1
7.1985	-1
7.1985	-1
7.1985	-1
7.1985	-1
7.1985	-1
7.1987	-1
7.1987	-1
7.1987	-1
7.1987	-1
7.1987	-1
7.1987	-1
7.1988	-1
7.1988	-1
7.1988	-1
7.1988	-1
7.1988	-1
7.1988	-1
7.1991	1
7.1992	1
7.1994	1
7.1994	1
7.1995	1
7.1995	1
7.1996	1
7.1997	1
7.2010	-2
7.2010	-2
7.2011	-1
7.2011	-1
7.2011	-1
7.2011	-1
7.2011	-1
7.2011	-1
7.2030	1
7.2031	1
7.2032	-1
7.2032	-1
7.2032	-1
7.2032	-1
7.2032	-1
7.2032	-1
7.2034	-1
7.2034	-1
7.2035	-1
7.2035	-1
7.2035	-1
7.2035	-1
7.2044	1
7.2045	1
7.2045	-2
7.2045	1
7.2046	1
7.2057	-1
7.2057	-1
7.2057	-1
7.2057	-1
7.2057	-1
7.2057	-1
7.2059	-1
7.2059	-1
7.2059	-1
7.2059	-1
7.2059	-1
7.2059	-1
7.2060	-1
7.2060	-1
7.2060	-1
7.2060	-1
7.2060	-1
7.2060	-1
7.2061	-1
7.2061	-1
7.2061	-1
7.2061	-1
7.2061	-1
7.2061	-1
7.2077	-1
7.2077	-1
7.2077	-1
7.2077	-1
7.2077	-1
7.2077	-1
7.2081	1
7.2083	1
7.2083	1
7.2084	1
7.2084	1
7.2084	1
7.2085	1
7.2085	1
7.2092	2
7.2093	1
7.2094	1
7.2098	-1
7.2098	-1
7.2098	-1
7.2098	-1
7.2098	-1
7.2098	-1
7.2104	1
7.2104	1
7.2114	-1
7.2114	-1
7.2114	-1
7.2114	-1
7.2114	-1
7.2114	-1
7.2117	-1
7.2117	-1
7.2117	-1
7.2117	-1
7.2117	-1
7.2117	-1
7.2119	-1
7.2119	-1
7.2119	-1
7.2119	-1
7.2119	-1
7.2119	-1
7.2121	-1
7.2121	-1
7.2121	-1
7.2121	-1
7.2121	-1
7.2121	-1
7.2122	1
7.2122	1
7.2123	-1
7.2123	-1
7.2123	-1
7.2123	-1
7.2123	-1
7.2123	-1
7.2151	1
7.2152	1
7.2152	1
7.2153	1
7.2153	1
7.2154	1
7.2154	1
7.2154	1
7.2157	-1
7.2157	-1
7.2157	-1
7.2157	-1
7.2157	-1
7.2157	-1
7.2159	-1
7.2159	-1
7.2159	-1
7.2159	-1
7.2159	-1
7.2159	-1
7.2161	-1
7.2161	-1
7.2161	-1
7.2161	-1
7.2161	-1
7.2161	-1
7.2177	1
7.2178	1
7.2178	1
7.2179	1
7.2179	1
7.2180	1
7.2210	-1
7.2210	-1
7.2210	-1
7.2210	-1
7.2210	-1
7.2210	-1
7.2212	-1
7.2212	-1
7.2212	-1
7.2212	-1
7.2212	-1
7.2212	-1
7.2214	-1
7.2214	-1
7.2214	-1
7.2214	-1
7.2214	-1
7.2214	-1
7.2216	-1
7.2216	-1
7.2216	-1
7.2216	-1
7.2216	-1
7.2216	-1
7.2219	-2
7.2248	1
7.2248	1
7.2249	1
7.2249	-1
7.2249	1
7.2249	-1
7.2249	-1
7.2249	-1
7.2249	-1
7.2249	-1
7.2250	1
7.2250	1
7.2251	1
7.2251	1
7.2252	-1
7.2252	-1
7.2252	-1
7.2252	-1
7.2252	-1
7.2252	-1
7.2252	-2
7.2254	-1
7.2254	-1
7.2254	-1
7.2254	-1
7.2254	-1
7.2254	-1
7.2263	1
7.2263	1
7.2265	1
7.2265	1
7.2266	1
7.2266	-2
7.2266	-1
7.2266	-1
7.2266	-1
7.2266	-1
7.2266	-1
7.2266	1
7.2266	-1
7.2268	-1
7.2268	-1
7.2268	-1
7.2268	-1
7.2268	-1
7.2269	-1
7.2271	-1
7.2271	-1
7.2271	-1
7.2271	-1
7.2271	-1
7.2271	-1
7.2273	-1
7.2273	-1
7.2273	-1
7.2273	-1
7.2273	-1
7.2273	-1
7.2275	-1
7.2275	-1
7.2275	-1
7.2275	-1
7.2275	-1
7.2275	-1
7.2292	-1
7.2292	-1
7.2292	-1
7.2292	-1
7.2292	-1
7.2293	-1
7.2294	-1
7.2294	-1
7.2294	-1
7.2295	-1
7.2295	-1
7.2295	-1
7.2298	-1
7.2298	-1
7.2298	-1
7.2298	-1
7.2298	-1
7.2298	-1
7.2301	-1
7.2301	-1
7.2301	-1
7.2301	-1
7.2301	-1
7.2301	-1
7.2302	-1
7.2303	-1
7.2303	-1
7.2303	-1
7.2303	-1
7.2303	-1
7.2304	-1
7.2304	-1
7.2304	-1
7.2304	-1
7.2304	-1
7.2304	-1
7.2306	-1
7.2306	-1
7.2306	-1
7.2306	-1
7.2306	-1
7.2306	-1
7.2308	-1
7.2308	-1
7.2308	-1
7.2308	-1
7.2308	-1
7.2308	-1
7.2336	1
7.2337	1
7.2337	1
7.2368	-1
7.2368	-1
7.2368	-1
7.2368	-1
7.2368	-1
7.2368	-1
7.2371	-1
7.2371	-1
7.2371	-1
7.2371	-1
7.2371	-1
7.2371	-1
7.2373	-1
7.2373	-1
7.2373	-1
7.2373	-1
7.2373	-1
7.2373	-1
7.2375	-1
7.2375	-1
7.2375	-1
7.2375	-1
7.2375	-1
7.2375	-1
7.2377	-1
7.2377	-1
7.2377	-1
7.2377	-1
7.2377	-1
7.2377	-1
7.2379	-1
7.2379	-1
7.2379	-1
7.2379	-1
7.2379	-1
7.2379	-1
7.2380	-1
7.2381	-1
7.2381	-1
7.2381	-1
7.2381	-1
7.2381	-1
7.2382	-1
7.2382	-1
7.2382	-1
7.2382	-1
7.2382	-1
7.2382	-1
7.2383	-1
7.2384	-1
7.2384	-1
7.2384	-1
7.2384	-1
7.2384	-1
7.2388	2
7.2411	-1
7.2411	-1
7.2411	-1
7.2411	-1
7.2411	-1
7.2411	-1
7.2413	-1
7.2413	-1
7.2413	-1
7.2413	-1
7.2413	-1
7.2413	-1
7.2414	-1
7.2414	-1
7.2414	-1
7.2414	-1
7.2414	-1
7.2414	-1
7.2416	-1
7.2416	-1
7.2416	-1
7.2416	-1
7.2416	-1
7.2416	-1
7.2418	-1
7.2418	-1
7.2418	-1
7.2418	-1
7.2418	-1
7.2418	-1
7.2419	-1
7.2419	-1
7.2419	-1
7.2419	-1
7.2419	-1
7.2419	-1
7.2420	-2
7.2421	-1
7.2421	-1
7.2421	-1
7.2421	-1
7.2421	-1
7.2421	-1
7.2428	-2
7.2440	-2
7.2443	-1
7.2443	-1
7.2443	-1
7.2443	-1
7.2443	-1
7.2443	-1
7.2445	-1
7.2445	-1
7.2445	-1
7.2445	-1
7.2445	-1
7.2445	-1
7.2447	-1
7.2447	-1
7.2447	-1
7.2447	-1
7.2447	-1
7.2447	-1
7.2449	-1
7.2449	-1
7.2449	-1
7.2449	-1
7.2449	-1
7.2449	-1
7.2450	-1
7.2450	-1
7.2450	-1
7.2450	-1
7.2450	-1
7.2450	-1
7.2451	-1
7.2451	-1
7.2451	-1
7.2499	2
7.2554	2
7.2583	2
7.2585	1
7.2605	-1
7.2610	1
7.2610	1
7.2619	-1
7.2619	-1
7.2619	-1
7.2619	-1
7.2619	-1
7.2619	-1
7.2621	-1
7.2621	-1
7.2621	-1
7.2621	-1
7.2621	-1
7.2621	-1
7.2625	1
7.2626	1
7.2627	1
7.2627	1
7.2634	-1
7.2635	-1
7.2635	-1
7.2635	-1
7.2635	-1
7.2635	-1
7.2636	-1
7.2636	-1
7.2636	-1
7.2636	-1
7.2636	-1
7.2636	-1
7.2638	-1
7.2638	-1
7.2638	-1
7.2638	-1
7.2638	-1
7.2638	-1
7.2639	-1
7.2640	-1
7.2640	-1
7.2640	-1
7.2640	-1
7.2640	-1
7.2642	1
7.2643	1
7.2643	1
7.2644	1
7.2644	1
7.2645	1
7.2645	1
7.2646	1
7.2652	-1
7.2652	-1
7.2652	-1
7.2652	-1
7.2652	-1
7.2652	-1
7.2665	-1
7.2665	-1
7.2665	-1
7.2665	-1
7.2665	-1
7.2665	-1
7.2667	-1
7.2667	-1
7.2667	-1
7.2667	-1
7.2667	-1
7.2667	-1
7.2667	1
7.2668	1
7.2668	-1
7.2668	-1
7.2669	-1
7.2669	-1
7.2669	-1
7.2669	-1
7.2671	1
7.2672	1
7.2674	-1
7.2674	-1
7.2674	-1
7.2674	-1
7.2674	-1
7.2674	-1
7.2674	1
7.2675	1
7.2675	1
7.2675	1
7.2676	-1
7.2676	-1
7.2676	-1
7.2676	-1
7.2676	-1
7.2676	-1
7.2678	-1
7.2678	-1
7.2678	-1
7.2678	-1
7.2678	-1
7.2678	-1
7.2681	-1
7.2681	-1
7.2681	-1
7.2681	-1
7.2681	-1
7.2681	-1
7.2685	1
7.2686	1
7.2694	-1
7.2694	-1
7.2694	-1
7.2694	-1
7.2694	-1
7.2694	-1
7.2697	-2
7.2699	1
7.2700	1
7.2700	1
7.2701	1
7.2701	1
7.2702	1
7.2704	-2
7.2712	-1
7.2712	-1
7.2712	-1
7.2712	-1
7.2712	-1
7.2712	-1
7.2714	-1
7.2714	-1
7.2714	-1
7.2714	-1
7.2714	-1
7.2714	-1
7.2717	-1
7.2717	-1
7.2717	-1
7.2717	-1
7.2717	-1
7.2717	-1
7.2719	1
7.2719	-1
7.2719	-1
7.2719	-1
7.2719	-1
7.2719	-1
7.2719	-1
7.2719	1
7.2720	1
7.2720	1
7.2721	-1
7.2721	-1
7.2721	-1
7.2721	-1
7.2721	-1
7.2721	-1
7.2723	-1
7.2723	-1
7.2723	-1
7.2723	-1
7.2723	-1
7.2723	-1
7.2725	-1
7.2725	-1
7.2725	-1
7.2725	-1
7.2725	-1
7.2725	-1
7.2728	-2
7.2732	-1
7.2732	-1
7.2732	-1
7.2732	-1
7.2732	-1
7.2732	-1
7.2734	-1
7.2734	-1
7.2734	-1
7.2734	-1
7.2734	-1
7.2734	-1
7.2747	1
7.2748	1
7.2748	1
7.2749	1
7.2749	1
7.2749	1
7.2750	1
7.2750	1
7.2750	1
7.2751	1
7.2751	1
7.2752	1
7.2757	-1
7.2757	-1
7.2757	-1
7.2757	-1
7.2757	-1
7.2757	-1
7.2759	1
7.2760	-1
7.2760	-1
7.2760	-1
7.2760	-1
7.2760	-1
7.2760	-1
7.2760	1
7.2760	1
7.2761	1
7.2762	-1
7.2762	-1
7.2762	-1
7.2762	-1
7.2762	-1
7.2762	-1
7.2764	-1
7.2764	-1
7.2764	-1
7.2764	-1
7.2764	-1
7.2764	-1
7.2766	-1
7.2766	-1
7.2766	-1
7.2766	-1
7.2766	-1
7.2766	-1
7.2769	-1
7.2769	-1
7.2769	-1
7.2769	-1
7.2769	-1
7.2769	-1
7.2771	-1
7.2771	-1
7.2771	-1
7.2771	-1
7.2771	-1
7.2771	-1
7.2773	-1
7.2773	-1
7.2773	-1
7.2773	-1
7.2773	-1
7.2773	-1
7.2773	-2
7.2774	1
7.2775	1
7.2775	-1
7.2775	-1
7.2775	-1
7.2775	-1
7.2775	-1
7.2775	-1
7.2775	1
7.2776	1
7.2776	1
7.2777	1
7.2777	1
7.2777	1
7.2787	2
7.2790	1
7.2791	1
7.2791	1
7.2792	1
7.2792	1
7.2793	1
7.2793	1
7.2810	-1
7.2810	-1
7.2810	-1
7.2810	-1
7.2810	-1
7.2810	-1
7.2812	-1
7.2812	-1
7.2812	-1
7.2812	-1
7.2812	-1
7.2812	-1
7.2814	-1
7.2814	-1
7.2814	-1
7.2814	-1
7.2815	-1
7.2815	-1
7.2817	-1
7.2817	-1
7.2817	-1
7.2817	-1
7.2817	-1
7.2817	-1
7.2824	-2
7.2838	-1
7.2838	-1
7.2838	-1
7.2838	-1
7.2838	-1
7.2838	-1
7.2840	-1
7.2840	-1
7.2840	-1
7.2840	-1
7.2840	-1
7.2840	-1
7.2841	-1
7.2841	-1
7.2841	-1
7.2841	-1
7.2841	-1
7.2841	-1
7.2842	-2
7.2844	-1
7.2844	-1
7.2844	-1
7.2844	-1
7.2844	-1
7.2844	-1
7.2845	-1
7.2845	-1
7.2845	-1
7.2845	-1
7.2845	-1
7.2846	-1
7.2847	-1
7.2847	-1
7.2847	-1
7.2848	-1
7.2848	-1
7.2848	-1
7.2849	-1
7.2849	-1
7.2849	-1
7.2849	-1
7.2849	-1
7.2849	-1
7.2851	-1
7.2851	-1
7.2851	-1
7.2851	-1
7.2851	-1
7.2851	-1
7.2852	-1
7.2852	-1
7.2852	-1
7.2852	-1
7.2852	-1
7.2853	-1
7.2854	-1
7.2854	-1
7.2854	-1
7.2854	-1
7.2854	-1
7.2854	-1
7.2855	-1
7.2855	-1
7.2855	-1
7.2855	-1
7.2855	-1
7.2855	-1
7.2857	-1
7.2857	-1
7.2857	-1
7.2857	-1
7.2857	-1
7.2857	-1
7.2859	-1
7.2859	-1
7.2859	-1
7.2859	-1
7.2859	-1
7.2859	-1
7.2860	-1
7.2860	-1
7.2860	-1
7.2860	-1
7.2860	-1
7.2860	-1
7.2862	-1
7.2862	-1
7.2862	-1
7.2862	-1
7.2862	-1
7.2862	-1
7.2863	-1
7.2863	-1
7.2863	-1
7.2863	-1
7.2864	-1
7.2864	-1
7.2865	-1
7.2865	-1
7.2865	-1
7.2865	-1
7.2865	-1
7.2865	-1
7.2867	-1
7.2867	-1
7.2867	-1
7.2867	-1
7.2867	-1
7.2867	-1
7.2868	-1
7.2868	-1
7.2868	-1
7.2868	-1
7.2868	-1
7.2868	-1
7.2870	-1
7.2870	-1
7.2870	-1
7.2870	-1
7.2870	-1
7.2870	-1
7.2885	-2
7.2887	-1
7.2888	-1
7.2888	-1
7.2888	-1
7.2888	-1
7.2888	-1
7.2889	-1
7.2889	-1
7.2889	-1
7.2889	-1
7.2889	-1
7.2889	-1
7.2890	-1
7.2890	-1
7.2890	-1
7.2891	-2
7.3069	-2
7.3103	-2
7.3165	-2
7.3248	-2
7.3274	-2
7.3302	-2
7.3333	2
7.3367	2
7.3423	2
7.3428	-2
7.3501	-2
7.3508	2
7.3574	2
7.3575	2
7.3622	2
7.3781	-2
7.3799	-2
7.3873	-2
7.3886	-2
7.3889	-2
7.3933	-2
7.3940	-2
7.3968	-2
7.3975	-2
7.3986	-2
7.4014	-2
7.4049	-2
7.4092	-2
7.4278	-2
7.4283	-2
7.4350	-2
7.4362	-2
7.4370	-2
7.4386	-2
7.4433	2
7.4437	-2
7.4538	-2
7.4543	-2
7.4556	-2
7.4656	-2
7.4694	2
7.4704	-2
7.4755	-2
7.4813	-2
7.4851	1
7.4852	1
7.4852	1
7.4853	1
7.4853	1
7.4864	-1
7.4864	-1
7.4864	-1
7.4864	-1
7.4865	-1
7.4865	-1
7.4867	-1
7.4867	-1
7.4867	-1
7.4867	-1
7.4867	-1
7.4867	-1
7.4869	-1
7.4869	-1
7.4869	-1
7.4869	-1
7.4869	-1
7.4869	-1
7.4870	-1
7.4870	-1
7.4870	-1
7.4870	-1
7.4870	-1
7.4870	-1
7.4872	-1
7.4872	-1
7.4872	-1
7.4872	-1
7.4872	-1
7.4872	-1
7.4878	-2
7.4888	-2
7.4994	-2
7.5009	2
7.5011	1
7.5032	-1
7.5037	1
7.5038	1
7.5038	2
7.5045	-1
7.5053	-1
7.5055	2
7.5088	-2
7.5151	-2
7.5180	1
7.5190	-2
7.5200	-1
7.5204	1
7.5204	1
7.5223	-1
7.5223	-1
7.5223	-1
7.5223	-1
7.5224	-1
7.5224	-1
7.5224	-2
7.5225	-1
7.5225	-1
7.5225	-1
7.5225	-1
7.5225	-1
7.5225	-1
7.5232	1
7.5232	1
7.5233	1
7.5233	1
7.5251	-1
7.5252	-1
7.5252	-1
7.5252	-1
7.5252	-1
7.5252	-1
7.5257	-1
7.5258	-1
7.5258	-1
7.5258	-1
7.5258	-1
7.5258	-1
7.5261	1
7.5262	1
7.5263	-1
7.5263	-1
7.5263	-1
7.5263	-1
7.5263	-1
7.5263	-1
7.5268	1
7.5269	1
7.5269	-1
7.5269	1
7.5269	-1
7.5269	-1
7.5269	-1
7.5269	-1
7.5269	-1
7.5269	-2
7.5270	1
7.5274	1
7.5274	1
7.5290	-2
7.5298	-1
7.5298	-1
7.5298	-1
7.5298	-1
7.5299	-1
7.5299	-1
7.5300	-1
7.5300	-1
7.5300	-1
7.5300	-1
7.5300	-1
7.5300	-1
7.5318	1
7.5318	1
7.5323	1
7.5324	1
7.5329	-1
7.5329	-1
7.5329	-1
7.5329	-1
7.5329	-1
7.5329	-1
7.5330	2
7.5334	1
7.5336	-1
7.5336	-1
7.5336	-1
7.5336	-1
7.5336	-1
7.5336	-1
7.5339	-1
7.5339	-1
7.5339	-1
7.5339	-1
7.5339	-1
7.5339	-1
7.5340	-1
7.5340	-1
7.5340	-1
7.5340	-1
7.5341	-1
7.5341	-1
7.5342	-1
7.5342	-1
7.5342	-1
7.5342	-1
7.5342	-1
7.5342	-1
7.5343	-1
7.5343	-1
7.5343	-1
7.5343	-1
7.5343	-1
7.5343	-1
7.5346	1
7.5361	1
7.5361	1
7.5362	1
7.5362	1
7.5362	1
7.5363	1
7.5363	1
7.5364	1
7.5364	1
7.5365	1
7.5366	-2
7.5393	-1
7.5393	-1
7.5393	-1
7.5393	-1
7.5393	-1
7.5394	-1
7.5396	-1
7.5396	-1
7.5396	-1
7.5396	-1
7.5396	-1
7.5396	-1
7.5398	-1
7.5398	-1
7.5398	-1
7.5398	-1
7.5398	-1
7.5398	-1
7.5401	-1
7.5401	-1
7.5401	-1
7.5401	-1
7.5401	-1
7.5401	-1
7.5403	-1
7.5403	-1
7.5403	-1
7.5403	-1
7.5403	-1
7.5403	-1
7.5405	-1
7.5405	-1
7.5405	-1
7.5405	-1
7.5405	-1
7.5405	-1
7.5424	1
7.5424	1
7.5425	1
7.5425	1
7.5426	1
7.5426	1
7.5427	1
7.5427	1
7.5428	1
7.5428	1
7.5428	1
7.5429	1
7.5432	-1
7.5432	-1
7.5432	-1
7.5432	-1
7.5432	-1
7.5432	-1
7.5437	1
7.5439	-1
7.5439	-1
7.5439	-1
7.5439	-1
7.5439	-1
7.5439	-1
7.5446	-1
7.5446	-1
7.5446	-1
7.5446	-1
7.5446	-1
7.5446	-1
7.5447	1
7.5448	1
7.5448	1
7.5459	-1
7.5459	-1
7.5459	-1
7.5459	-1
7.5459	-1
7.5459	-1
7.5467	1
7.5468	1
7.5468	1
7.5469	1
7.5470	-1
7.5470	-1
7.5470	-1
7.5470	-1
7.5470	-1
7.5470	-1
7.5477	1
7.5478	1
7.5495	2
7.5495	-1
7.5496	-1
7.5496	-1
7.5496	-1
7.5496	-1
7.5496	-1
7.5499	-1
7.5499	-1
7.5499	-1
7.5500	-1
7.5500	-1
7.5500	-1
7.5501	-1
7.5501	-1
7.5501	-1
7.5501	-1
7.5501	-1
7.5501	-1
7.5505	1
7.5506	1
7.5513	1
7.5514	1
7.5514	1
7.5515	1
7.5570	-1
7.5570	-1
7.5570	-1
7.5570	-1
7.5570	-1
7.5570	-1
7.5572	-1
7.5572	-1
7.5572	-1
7.5572	-1
7.5572	-1
7.5572	-1
7.5573	-1
7.5573	-1
7.5573	-1
7.5573	-1
7.5573	-1
7.5574	-1
7.5601	-2
7.5610	-1
7.5610	-1
7.5610	-1
7.5610	-1
7.5610	-1
7.5610	-1
7.5612	-1
7.5612	-1
7.5612	-1
7.5612	-1
7.5612	-1
7.5612	-1
7.5614	-1
7.5614	-1
7.5614	-1
7.5614	-1
7.5614	-1
7.5614	-1
7.5617	1
7.5617	1
7.5618	-1
7.5618	1
7.5618	-1
7.5618	-1
7.5618	-1
7.5618	-1
7.5618	-1
7.5618	1
7.5619	1
7.5619	1
7.5620	-1
7.5620	-1
7.5620	-1
7.5620	-1
7.5620	-1
7.5620	-1
7.5622	-1
7.5622	-1
7.5622	-1
7.5622	-1
7.5622	-1
7.5622	-1
7.5624	-1
7.5624	-1
7.5624	-1
7.5625	-1
7.5625	-1
7.5625	-1
7.5641	-1
7.5641	-1
7.5641	-1
7.5642	-1
7.5642	-1
7.5642	-1
7.5648	-1
7.5648	-1
7.5648	-1
7.5648	-1
7.5648	-1
7.5648	-1
7.5667	1
7.5668	-1
7.5668	-1
7.5668	-1
7.5668	-1
7.5668	-1
7.5668	-1
7.5669	-1
7.5669	-1
7.5669	-1
7.5669	-1
7.5669	-1
7.5669	-1
7.5671	-1
7.5672	-1
7.5672	-1
7.5672	-1
7.5672	-1
7.5672	-1
7.5673	-1
7.5673	-1
7.5673	-1
7.5673	-1
7.5673	-1
7.5673	-1
7.5674	-1
7.5674	-1
7.5674	-1
7.5675	-1
7.5675	-1
7.5675	-1
7.5676	-1
7.5676	-1
7.5676	-1
7.5676	-1
7.5676	-1
7.5676	-1
7.5678	-1
7.5678	-1
7.5678	-1
7.5678	-1
7.5678	-1
7.5678	-1
7.5680	-1
7.5680	-1
7.5680	-1
7.5680	-1
7.5680	-1
7.5680	-1
7.5703	-1
7.5703	-1
7.5703	-1
7.5703	-1
7.5703	-1
7.5703	-1
7.5706	-1
7.5707	-1
7.5707	-1
7.5707	-1
7.5707	-1
7.5707	-1
7.5708	-1
7.5708	-1
7.5708	-1
7.5708	-1
7.5708	-1
7.5708	-1
7.5710	-1
7.5710	-1
7.5710	-1
7.5710	-1
7.5710	-1
7.5710	-1
7.5711	-1
7.5711	-1
7.5711	-1
7.5712	-1
7.5712	-1
7.5712	-1
7.5713	-1
7.5713	-1
7.5713	-1
7.5713	-1
7.5713	-1
7.5713	-1
7.5715	-1
7.5715	-1
7.5715	-1
7.5715	-1
7.5715	-1
7.5715	-1
7.5733	-1
7.5733	-1
7.5733	-1
7.5734	-1
7.5734	-1
7.5734	-1
7.5735	-1
7.5735	-1
7.5735	-1
7.5735	-1
7.5735	-1
7.5735	-1
7.5737	-1
7.5737	-1
7.5737	-1
7.5737	-1
7.5737	-1
7.5737	-1
7.5739	-1
7.5739	-1
7.5739	-1
7.5739	-1
7.5739	-1
7.5739	-1
7.5740	-1
7.5740	-1
7.5740	-1
7.5740	-1
7.5741	-1
7.5741	-1
7.5742	-1
7.5742	-1
7.5742	-1
7.5742	-1
7.5742	-1
7.5742	-1
7.5749	-1
7.5749	-1
7.5750	-1
7.5757	2
7.5851	-2
7.5873	2
7.5906	-2
7.5958	2
7.6002	2
7.6063	-2
7.6086	-2
7.6145	-2
7.6199	-2
7.6258	2
7.6262	-2
7.6283	-2
7.6309	-2
7.6352	-2
7.6458	-2
7.6533	-2
7.6618	-2
7.6780	2
7.6797	2
7.6817	-2
7.6863	-2
7.6965	2
7.6995	2
7.7099	-2
7.7182	2
7.7245	-2
7.7246	-2
7.7253	-2
7.7271	-2
7.7369	-2
7.7412	-2
7.7523	-2
7.7537	-2
7.7563	1
7.7564	1
7.7564	1
7.7586	-1
7.7587	-1
7.7587	-1
7.7587	-1
7.7587	-1
7.7587	-1
7.7588	-1
7.7589	-1
7.7589	-1
7.7589	-1
7.7589	-1
7.7589	-1
7.7590	-1
7.7590	-1
7.7590	-1
7.7590	-1
7.7590	-1
7.7590	-1
7.7604	2
7.7731	1
7.7741	-2
7.7754	-1
7.7759	1
7.7760	1
7.7766	2
7.7767	-1
7.7775	-1
7.7781	-2
7.7792	-2
7.7807	-2
7.7807	2
7.7822	-2
7.7826	2
7.7880	-2
7.7900	1
7.7903	2
7.7919	-1
7.7924	1
7.7924	1
7.7931	-1
7.7939	-1
7.7998	2
7.8003	-2
7.8058	2
7.8082	2
7.8090	-2
7.8146	2
7.8314	-2
7.8368	2
7.8517	-2
7.8533	-2
7.8568	-2
7.8653	-2
7.8801	-2
7.8936	-2
7.9120	-2
7.9147	-2
7.9173	-2
7.9244	2
7.9334	-2
7.9357	-2
7.9377	2
7.9540	-2
7.9555	2
7.9580	-2
7.9746	-2
7.9802	2
7.9822	-2
7.9911	-2
7.9921	2
7.9944	-2
8.0039	2
8.0058	2
8.0170	-2
8.0221	2
8.0249	-2
8.0257	2
8.0313	-2
8.0321	-2
8.0446	-2
8.0465	-2
8.0506	-2
8.0541	-2
8.0571	-2
8.0647	-2
8.0732	2
8.0778	-2
8.0812	-2
8.0825	-2
8.0920	2
8.1017	-2
8.1039	-2
8.1182	2
8.1200	-2
8.1229	-2
8.1352	2
8.1379	-2
8.1638	2
8.1894	2
8.1897	-2
8.1907	2
8.1942	2
8.2014	2
8.2055	-2
8.2071	-2
8.2229	-2
8.2247	2
8.2252	-2
8.2356	-2
8.2385	-2
8.2482	-2
8.2540	2
8.2590	2
8.2651	-2
8.2677	-2
8.2821	2
8.2849	-2
8.2877	-2
8.3086	-2
8.3115	2
8.3289	-2
8.3299	2
8.3314	-2
8.3375	-2
8.3570	-2
8.3573	-2
8.3628	-2
8.3742	2
8.3742	-2
8.3767	-2
8.3808	-2
8.3859	2
8.3878	-2
8.3939	2
8.4093	-2
8.4108	2
8.4118	2
8.4216	2
8.4233	-2
8.4289	-2
8.4316	-2
8.4469	2
8.4486	-2
8.4544	-2
8.4652	-2
8.4790	-2
8.4817	-2
8.4852	-2
8.4882	2
8.4900	-2
8.4925	-2
8.5026	-2
8.5062	-2
8.5063	2
8.5086	-2
8.5293	-2
8.5435	2
8.5626	-2
8.5653	-2
8.5741	-2
8.5769	-2
8.5778	2
8.5835	-2
8.5925	-2
8.5970	-2
8.5971	-2
8.6155	2
8.6221	-2
8.6248	-2
8.6430	-2
8.6436	2
8.6470	2
8.6555	-2
8.6603	-2
8.6671	2
8.6685	-2
8.6706	-2
8.6835	-2
8.6884	-2
8.6914	-2
8.6995	-2
8.7192	-2
8.7201	-2
8.7229	-2
8.7262	-2
8.7353	2
8.7381	-2
8.7534	-2
8.7610	-2
8.7692	2
8.7727	-2
8.7756	-2
8.7878	-2
8.7887	-2
8.7903	-2
8.8010	-2
8.8040	-2
8.8117	-2
8.8206	-2
8.8206	-2
8.8213	-2
8.8266	-2
8.8594	-2
8.8627	2
8.8702	2
8.8736	-2
8.8811	-2
8.8890	-2
8.9012	-2
8.9231	-2
8.9338	-2
8.9674	-2
8.9675	-2
8.9732	2
8.9736	-2
8.9844	2
8.9906	-2
9.0106	-2
9.0163	-2
9.0279	2
9.0335	-2
9.0419	2
9.0475	-2
9.0570	2
9.0628	-2
9.0806	-2
9.0922	2
9.0924	-2
9.0954	2
9.0971	-2
9.0991	2
9.1036	-2
9.1424	-2
9.1578	2
9.1717	2
9.1741	2
9.1793	2
9.1795	-2
9.1903	-2
9.1903	-2
9.2097	-2
9.2186	-2
9.2228	2
9.2267	-2
9.2344	-2
9.2455	-2
9.2488	-2
9.2510	-2
9.2530	2
9.2667	-2
9.2695	-2
9.2703	-2
9.2887	2
9.2907	-2
9.2946	-2
9.2974	-2
9.3107	-2
9.3213	-2
9.3282	-2
9.3444	-2
9.3559	2
9.3562	-2
9.3606	2
9.3684	-2
9.3707	-2
9.3743	-2
9.3767	2
9.3786	-2
9.3897	-2
9.3911	-2
9.4046	-2
9.4049	-2
9.4276	-2
9.4345	-2
9.4478	-2
9.4546	-2
9.4619	-2
9.4622	2
9.4636	-2
9.4649	2
9.4671	2
9.4727	-2
9.4866	-2
9.4981	-2
9.5084	-2
9.5326	-2
9.5372	-2
9.5463	-2
9.5515	-2
9.5754	-2
9.5920	2
9.5933	-2
9.5947	-2
9.5961	-2
9.6084	-2
9.6151	-2
9.6171	2
9.6208	-2
9.6219	-2
9.6225	-2
9.6241	-2
9.6325	-2
9.6362	-2
9.6395	2
9.6502	-2
9.6527	2
9.6642	-2
9.6648	-2
9.6664	-2
9.6745	-2
9.6777	-2
9.6801	-2
9.6821	-2
9.6932	-2
9.7019	-2
9.7135	-2
9.7203	-2
9.7431	2
9.7455	-2
9.7503	-2
9.7576	-2
9.7650	-2
9.7683	-2
9.7886	-2
9.8022	-2
9.8115	-2
9.8127	-2
9.8142	-2
9.8176	2
9.8177	2
9.8194	-2
9.8231	-2
9.8411	-2
9.8514	-2
9.8631	-2
9.8696	-2
9.8700	-2
9.8898	-2
9.8944	2
9.8958	2
9.9205	-2
9.9242	-2
9.9278	-2
9.9495	-2
9.9707	2
9.9776	-2
9.9930	2
9.9933	-2
9.9984	-2
10.0023	-2
10.0076	-2
10.0108	2
10.0237	-2
10.0494	2
10.0502	2
10.0549	2
10.0549	-2
10.0590	-2
10.0640	-2
10.0653	-2
10.0655	-2
10.0881	-2
10.0960	-2
10.1124	-2
10.1182	-2
10.1272	-2
10.1276	-2
10.1449	-2
10.1553	2
10.1605	-2
10.1607	2
10.1637	2
10.1864	-2
10.1921	-2
10.1934	-2
10.1945	-2
10.1964	2
10.1971	-2
10.2025	2
10.2104	2
10.2194	2
10.2235	2
10.2261	-2
10.2512	-2
10.2531	-2
10.2548	-2
10.2581	-2
10.2618	-2
10.2664	-2
10.2695	2
10.2805	-2
10.2820	-2
10.2874	2
10.2886	2
10.2927	-2
10.2955	-2
10.2969	-2
10.3058	-2
10.3059	-2
10.3240	-2
10.3313	2
10.3422	-2
10.3451	2
10.3517	-2
10.3544	-2
10.3549	-2
10.3621	2
10.3730	-2
10.3781	-2
10.3897	2
10.3996	-2
10.4222	2
10.4255	-2
10.4266	-2
10.4421	-2
10.4578	2
10.4599	-2
10.4663	-2
10.4685	-2
10.4831	-2
10.5089	-2
10.5144	-2
10.5249	-2
10.5353	-2
10.5395	2
10.5396	2
10.5526	-2
10.5936	2
10.5936	-2
10.6015	-2
10.6382	2
10.6420	-2
10.6436	-2
10.6541	2
10.6661	-2
10.6724	-2
10.6765	2
10.6824	-2
10.6891	-2
10.7110	-2
10.7378	-2
10.7453	-2
10.7481	-2
10.7493	-2
10.7498	-2
10.7909	-2
10.8033	-2
10.8264	2
10.8381	-2
10.8600	-2
10.8685	-2
10.8828	2
10.8845	-2
10.8938	-2
10.8998	-2
10.9195	-2
10.9255	2
10.9682	2
10.9707	2
11.0033	-2
11.0162	-2
11.0255	-2
11.0265	-2
11.0298	-2
11.0302	2
11.0536	-2
11.0727	-2
11.0752	-2
11.0784	2
11.0798	-2
11.0976	-2
11.1007	-2
11.1147	-2
11.1346	-2
11.1387	2
11.1423	-2
11.1718	-2
11.1824	-2
11.1832	-2
11.1991	-2
11.2209	-2
11.2354	-2
11.2574	-2
11.2856	-2
11.3134	-2
11.3343	2
11.3385	2
11.3391	-2
11.3477	-2
11.3497	-2
11.3555	-2
11.3625	2
11.3642	-2
11.3673	2
11.4017	2
11.4136	2
11.4234	-2
11.4420	-2
11.4443	-2
11.4484	2
11.4527	-2
11.4591	-2
11.4608	-2
11.4640	2
11.4719	2
11.4962	-2
11.5007	2
11.5060	2
11.5107	-2
11.5131	2
11.5158	2
11.5284	-2
11.5341	2
11.5673	-2
11.5712	-2
11.5874	-2
11.5998	2
11.6158	2
11.6206	-2
11.6318	2
11.6425	-2
11.6443	2
11.6810	-2
11.6843	-2
11.6952	-2
11.6962	-2
11.7106	-2
11.7107	2
11.7313	-2
11.7369	-2
11.7589	2
11.7682	-2
11.7723	2
11.7966	2
11.7989	-2
11.8012	-2
11.8042	2
11.8301	-2
11.8338	2
11.8492	-2
11.8772	2
11.8866	-2
11.8881	-2
11.9102	2
11.9108	-2
11.9134	-2
11.9622	2
11.9622	-2
12.0344	2
12.0608	-2
12.0986	-2
12.1264	-2
12.1545	-2
12.1579	-2
12.1600	-2
12.1717	-2
12.2203	-2
12.2421	-2
12.2433	-2
12.2443	-2
12.2725	-2
12.2997	-2
12.3030	-2
12.3243	-2
12.3438	-2
12.3529	-2
12.3693	2
12.3896	-2
12.4035	-2
12.4070	2
12.4222	-2
12.4228	2
12.4450	-2
12.4567	2
12.4587	-2
12.4625	-2
12.4774	-2
12.5032	2
12.5629	-2
12.5633	-2
12.5764	-2
12.5807	-2
12.5814	-2
12.5903	-2
12.6301	-2
12.6380	-2
12.6506	-2
12.6935	2
12.7024	-2
12.7039	-2
12.7552	-2
12.7936	-2
12.8112	2
12.8290	-2
12.8372	2
12.8521	-2
12.8530	-2
12.9149	-2
12.9159	-2
12.9365	-2
12.9542	-2
12.9765	2
13.0074	-2
13.0138	-2
13.0164	-2
13.0235	-2
13.0314	2
13.0641	-2
13.0687	2
13.0772	2
13.0786	-2
13.0876	-2
13.0891	2
13.1024	2
13.1042	-2
13.1093	-2
13.1167	-2
13.1329	-2
13.1479	-2
13.1512	2
13.1522	-2
13.1575	-2
13.1588	-2
13.1715	-2
13.2269	-2
13.2772	-2
13.2812	-2
13.2896	2
13.3328	2
13.3370	2
13.3454	2
13.3672	-2
13.3676	-2
13.3850	-2
13.4014	-2
13.4864	-2
13.4917	-2
13.4990	-2
13.5014	-2
13.5359	-2
13.5458	2
13.5557	2
13.5732	2
13.6369	2
13.6377	-2
13.6859	-2
13.6980	-2
13.7346	-2
13.7366	-2
13.7743	-2
13.8055	2
13.8137	-2
13.8377	-2
13.8844	-2
13.9023	2
13.9083	-2
13.9197	-2
13.9270	-2
13.9541	-2
13.9888	-2
14.0448	-2
14.0472	-2
14.0729	2
14.0875	-2
14.0913	-2
14.1043	-2
14.1111	-2
14.1347	-2
14.1616	-2
14.1727	2
14.1867	-2
14.2129	2
14.2551	2
14.3071	2
14.3669	-2
14.3888	-2
14.4378	-2
14.4571	-2
14.4666	-2
14.4685	-2
14.5153	-2
14.5359	-2
14.5564	-2
14.5849	-2
14.6129	2
14.6685	2
14.6747	-2
14.6971	-2
14.7777	1
14.7801	-2
14.8606	-2
14.8748	-2
14.9220	-2
14.9482	-2
15.0163	-2
15.0472	-2
15.1100	-2
15.1108	-2
15.1530	2
15.1672	-2
15.2029	-2
15.2033	-2
15.2375	-1
