,prob_0,prob_1,prob_2,prob_3,prob_4,prob_5,prob_6,prob_7,prob_8,prob_9,prob_10,prob_11,prob_12,prob_13,prob_14,prob_15,prob_16,prob_17,prob_18,prob_19,prob_20,prob_21,prob_22,prob_23,prob_24,prob_25,prob_26,prob_27,prob_28,prob_29,prob_30,prob_31,prob_32,prob_33,prob_34,prob_35,prob_36,prob_37,prob_38,prob_39,prob_40,prob_41,prob_42,prob_43,prob_44,prob_45,prob_46,prob_47,prob_48,prob_49,prob_50,prob_51,prob_52,prob_53,prob_54,prob_55,prob_56,prob_57,prob_58,prob_59,prob_60,prob_61,prob_62,prob_63,prob_64,prob_65,prob_66,prob_67,prob_68,prob_69,prob_70,prob_71,prob_72,prob_73,prob_74,prob_75,prob_76,prob_77,prob_78,prob_79,prob_80,prob_81,prob_82,prob_83,prob_84,prob_85,prob_86,prob_87,prob_88,prob_89,prob_90,prob_91,prob_92,prob_93,prob_94,prob_95,prob_96,prob_97,prob_98,prob_99
true_0,0.9952174425125122,1.5505020201089792e-07,6.01417582402064e-09,3.1736963137518615e-05,4.1419383478569216e-08,2.32055019644406e-09,1.051891672432248e-06,8.253571763816581e-07,1.8264881163077007e-08,1.4197084396982973e-07,2.1531691984932877e-09,2.2764301554900612e-09,5.75805529479112e-07,3.987977059694003e-09,2.1918948434063168e-08,7.200198837153948e-08,4.640958906065862e-08,4.0605716122854574e-08,9.498342592451081e-07,2.6649036044545937e-07,4.817294341208367e-10,9.345350093781235e-08,4.658476981944659e-08,5.5283543076711794e-08,6.185938445923966e-07,3.463974940220993e-10,6.131215535276624e-09,1.3282564381711381e-08,2.9014149305339743e-08,1.349082708657079e-06,1.0484474842087366e-05,9.364322650640133e-09,4.0475941887052613e-07,5.921508972051015e-08,1.4915077883870254e-07,3.5493357586346974e-08,2.3465238996323023e-07,1.1320561554839514e-07,3.807038808645302e-07,1.1563258794922149e-08,1.059492433341802e-06,6.809598858126265e-07,2.0168432257605673e-08,4.5585615282561776e-09,5.172641870387906e-09,1.0432873750687577e-05,0.004577709827572107,1.2168134055912105e-08,1.4645323176409875e-07,6.470956037674114e-08,1.398415975017997e-06,4.0638627751832246e-07,3.753638111447799e-07,1.8574376099422807e-06,1.680113115298809e-08,6.574170583917294e-06,4.501427611103281e-06,5.663405389100262e-08,3.488649924499043e-10,5.627641463945565e-09,2.3018870365376642e-07,3.6503806644105907e-09,2.5199932807140613e-08,1.4535035575136135e-07,3.0940699957682227e-07,7.490639575280511e-08,8.121082828438375e-08,7.548980818228301e-08,2.1411292294715167e-08,1.2876203436817946e-09,6.504539129537079e-08,1.2027042695095247e-09,3.197267801624548e-07,1.0544796147371471e-08,1.369585049815214e-07,8.719526434219915e-09,2.4837959244905505e-08,4.174703605031027e-08,9.693772895502661e-09,2.4968716871853758e-08,1.5048735235723143e-07,6.181002731864282e-08,3.868012754537631e-07,1.1938928068389032e-08,1.9145548435517412e-07,1.4206791831838927e-07,5.545312653509882e-09,3.903238177116464e-09,2.6337861669389895e-08,0.00011494497448438779,4.3985757258724334e-08,1.795646085156477e-07,1.5268435404891534e-08,2.267536913791446e-08,1.065488532958625e-07,8.700148100615479e-06,5.166111982646271e-09,3.108219104319687e-08,5.10476752424438e-07,5.896016475048782e-08
true_1,3.785044810911131e-08,0.9998610615730286,1.0167563679885916e-08,9.172095971621275e-09,6.317572159852958e-11,9.539098400068724e-09,3.8362539811487295e-09,6.048690992521699e-10,3.952043243771186e-07,4.35452693636762e-06,1.256180492958947e-09,2.2061060533928867e-08,4.006213930551894e-05,5.839076999691883e-10,2.129667791450629e-06,8.321588040871575e-08,5.030097938174549e-08,1.9706019926957197e-08,1.3277160348934558e-07,1.34566380260992e-09,2.7732549590098188e-09,1.864570897680551e-08,1.1031054292232056e-08,5.76920156092342e-09,2.6722801749201608e-08,3.5461844571926804e-09,1.0352722767947853e-07,1.8955968243972166e-06,2.9651089789695106e-05,3.3142011801601257e-08,4.4330417381388543e-07,1.1930161747386592e-08,1.8617867681314237e-05,7.996259654419191e-08,4.955156285291196e-10,2.204136040351301e-10,4.983766643817944e-08,3.921602910850197e-06,1.504113242845051e-06,1.6544281606911682e-06,2.4811162901983153e-08,1.1665571264529717e-06,5.079397791263318e-09,3.4242426671937665e-09,5.423588689268399e-08,1.1277587930180744e-07,2.0159955056442413e-06,1.9278658669463766e-08,1.8802670531670174e-09,9.429745873035245e-09,2.7203626018490468e-08,4.0737950257607736e-07,1.2439323882063036e-07,9.199023764949743e-10,4.144153535889927e-06,4.556113708531484e-09,9.056579131083708e-08,1.3827805389610148e-07,2.030716785839104e-07,1.0630077440509922e-07,1.8643484622771211e-07,1.4402782078093423e-08,9.942285883468571e-11,3.6955253079895556e-08,6.812417296941931e-10,8.392677525170811e-11,3.0734998546222414e-08,2.5060873376503423e-09,1.967094487298482e-09,3.196366265001416e-07,2.515539332392791e-09,1.3203630029601232e-11,3.346412924543074e-09,3.285463845426051e-10,8.149388122546952e-06,1.4512875345928933e-08,6.612070002631754e-09,5.0605770240963466e-08,8.395293349394706e-08,1.8628932707542845e-07,3.267897000114317e-06,4.695843713875547e-11,2.88468733344871e-08,8.09618830310832e-11,2.2818460010398667e-08,4.457964166704187e-07,1.2483811762109553e-09,3.0472289136440622e-09,5.660779400784577e-09,5.229730390965415e-07,1.1260123756073881e-05,7.2356423075348175e-09,1.1198702409842554e-08,2.0642254572322827e-10,1.667262061744168e-08,5.665246405328617e-08,2.899051887439441e-09,1.4767557843242685e-07,1.1260814503089023e-08,1.9184801303140375e-08
true_2,1.08741833315662e-08,5.030057792509979e-08,0.9998644590377808,1.6069316188804805e-07,4.257944219432375e-09,5.584229967325882e-08,5.3323692128515177e-08,6.333203828035039e-08,9.474687701072071e-09,3.166169619817083e-07,1.0674983059288934e-05,9.924789992510341e-06,2.6368255134912033e-08,1.3044325442024274e-06,4.802153341643134e-09,2.2418319645112206e-08,1.7621260894884472e-07,2.00313735376767e-07,8.527098316335469e-07,1.0526266969179687e-08,6.466532198601271e-09,7.37876575840346e-07,4.3012406081288646e-07,5.244150997896213e-07,1.093180768130253e-09,4.263054620423645e-07,1.0401564765061266e-07,2.3861090880927804e-09,1.305347296920445e-07,1.2169756757884898e-07,2.6699760624637747e-08,5.5659221231962874e-08,3.5875824533349032e-09,1.7278877351145638e-07,4.3521076520391944e-08,7.059183531055169e-07,2.5971777617428415e-08,5.7586124313502296e-08,1.9912997917259645e-09,1.6223091279243818e-06,1.6777277778601274e-05,4.5783139057675726e-07,3.389276415077802e-08,1.0998604693668312e-06,4.960237021123248e-08,1.366805975067109e-07,1.1384071463282908e-09,3.2154541713680374e-06,1.1470357463849723e-07,2.0951374324340577e-07,8.729219302949787e-08,6.758722975064302e-06,1.0632509201968787e-06,1.738663080175229e-08,3.991837002104148e-05,2.2313184189215463e-08,4.918327931591193e-07,5.912306733080186e-07,1.5950608940329403e-06,8.283622264571022e-06,3.79461582156182e-08,4.194233497401001e-06,2.0168744452320198e-09,1.930348219048028e-07,1.8624072026796057e-06,7.978797178509467e-09,3.895106459594899e-08,1.7690812148529744e-09,8.231350601128895e-10,3.2128625093719165e-07,1.706023544656432e-09,2.440472144371597e-07,9.067399053819258e-10,2.3751169919705717e-09,1.0808884454149847e-08,6.96880022132973e-07,1.1893726892253653e-08,4.456027369315052e-08,3.2024170195654733e-06,4.967734525962442e-07,1.678053877185448e-06,1.1220388174137952e-08,2.048130331999687e-09,2.9093788711520574e-08,4.308945449338353e-07,8.671803897186692e-08,9.056328309497985e-08,6.128813567762847e-10,5.711916855943855e-06,1.1112030051663169e-07,3.062352504912269e-07,1.9511592199705774e-06,2.214711230408284e-06,3.6053714325134933e-07,6.843019946245477e-07,6.972871169352857e-09,2.016451787767437e-07,2.964850693842891e-07,1.1678020328531602e-08,2.2977994618145203e-08
true_3,2.2428535885410383e-05,4.50873649526784e-08,2.6520061169321707e-07,0.9998483657836914,4.551292676069352e-09,2.8221586845234015e-08,2.4110770269203385e-08,1.3237043106073543e-07,2.515308139550143e-08,5.033151637690025e-07,1.5006682474449917e-07,8.307445568789262e-06,1.1696683088757709e-07,1.4776020407225587e-06,5.059353469505368e-08,2.0791306454270853e-08,3.0233111374400323e-06,2.2069176708328087e-08,2.2045564662676043e-07,2.02504907065304e-07,3.533129699917481e-08,7.090357456718266e-08,3.049077079708695e-08,1.792692572166743e-08,2.430838549116743e-06,9.881614460027777e-08,1.9245639748532994e-07,4.164102840320538e-09,1.1097680108207442e-08,6.278848104557255e-06,8.154447641572915e-06,2.390319195910706e-07,3.1859070048767535e-08,1.2382917702780105e-05,7.665269663448271e-07,2.352794155058291e-07,7.337699514664564e-08,2.0900836616988272e-08,3.652100133422209e-07,4.343829829167589e-08,1.8674647606076178e-07,3.8961471204856934e-07,8.161139319895483e-09,4.898894800930975e-08,1.3413641681836452e-06,1.2993992640986107e-05,3.616944610485007e-08,4.902042105570104e-10,7.243378377097542e-07,8.457000149064697e-07,2.6024767976196017e-06,2.362699206059915e-06,1.4463253705798707e-07,1.54609960389962e-08,3.5454715998639585e-06,2.2715373404480488e-07,7.089775522217678e-07,7.164910016399517e-07,8.467068823847512e-09,1.753993217334937e-08,2.831838401107234e-06,3.671114967573885e-08,2.737791874096729e-06,9.040030022333667e-07,1.5250946034939261e-06,4.093859047316073e-07,6.697185028770036e-08,1.3587465375053398e-08,1.2829221986976336e-06,3.75783015815756e-10,1.1854388048959663e-07,6.712709055278765e-09,3.505392243141614e-08,4.6231971850829723e-07,2.373789342868804e-08,7.80711939540879e-09,4.475896098199428e-09,2.1038206341472687e-06,1.4085168231758871e-06,8.849049493164785e-08,7.259150152094662e-06,1.5485849758078984e-07,4.6513974893969134e-09,3.425468094064854e-06,1.5221152693811746e-07,8.454886483377777e-06,8.173186927251663e-08,1.2337737942402782e-08,2.2305247426857022e-08,2.1493156054930296e-06,2.575804046500707e-06,4.525056596094146e-08,2.384969093327527e-07,2.630233453260189e-08,1.2589580933308753e-07,5.479642481986957e-07,9.59988210524898e-06,6.879460215714062e-06,3.6216331977811933e-07,1.3282589250707133e-08
true_4,3.6936008029897494e-08,8.891821723366888e-10,1.1993503967744346e-08,1.2596741427728375e-08,0.9999260902404785,1.3316054037204594e-08,7.589264328089484e-08,5.0926078074553516e-06,8.065389245359711e-09,1.7372892102685e-07,9.391945887671227e-09,2.1034263220087723e-09,3.3285634248869655e-09,1.5195967080217088e-06,7.610559404902517e-10,2.6497548333281884e-06,1.663456714595668e-07,1.0633835927364998e-06,8.154027675288944e-09,2.5272942139054067e-07,3.722012138496211e-07,4.561303335037792e-09,5.780131232313579e-06,1.1946556242037332e-06,1.2111738278974826e-09,1.556266397528816e-06,6.395190155217279e-08,9.951814661235403e-08,1.793134174477018e-08,8.306885490583227e-08,5.058915064637404e-09,6.8692962429395266e-09,6.265267415983544e-09,4.7173301709335647e-08,4.609657082710328e-07,6.500409455156841e-08,1.289453877006963e-07,4.409117959625064e-09,2.7581568140533363e-09,5.642891709456421e-10,5.52051631075301e-08,1.3251828079319239e-08,1.294284857067396e-06,1.2945375438278006e-08,8.682404128990129e-09,1.6646094280758916e-08,1.908663627148144e-08,3.678883047086856e-07,1.7698937426757766e-06,1.6496778698638082e-06,6.338882485579234e-06,1.1798380050720425e-08,2.1490976109816984e-08,4.192014785076026e-06,1.0595522326184437e-07,6.40130011220208e-08,2.0204154793646012e-07,2.8822739750467008e-08,3.8692184034516686e-07,9.950587909202113e-09,9.708156945009705e-09,2.800269571778813e-09,6.37019866189803e-07,1.6521192947038799e-06,2.9899990749981953e-07,7.14421616976324e-07,2.0305591874603124e-07,8.913122542253404e-07,1.2717331628664397e-05,1.4988712493391176e-08,1.6778869849076727e-07,1.7836809718119184e-07,1.642663818302026e-07,1.5929545327253436e-07,2.7287401227482633e-09,6.655353246287632e-08,3.31409992782028e-08,2.6502988692556073e-09,8.331743117651058e-08,1.371456477272659e-07,1.5925312624176513e-08,8.115610512504645e-07,3.335364908707561e-06,1.3778023344457324e-07,6.478371261664506e-08,2.2845656033609885e-08,7.176416147558484e-06,7.156793913054571e-07,9.558426654621144e-07,1.0157648944186803e-08,4.889041171907138e-09,1.569015495306303e-07,4.523489138819059e-08,2.1667238669920152e-08,6.496482995999031e-08,4.401333171699662e-06,1.3886859662193274e-08,1.1288829426803204e-08,7.326651996208966e-08,1.0998046207078005e-07
true_5,3.2656512161111095e-08,2.8685684583251714e-07,3.0290749464256805e-08,2.295288936693396e-08,5.163117222650726e-08,0.9998787641525269,1.5008453146947431e-06,3.776223334028828e-09,2.11717477327511e-07,5.202829811423726e-08,2.8188244627358472e-08,1.155394429019907e-07,9.977273229822003e-09,1.8278784708058993e-08,9.434618732484523e-06,3.8438261071860325e-06,1.111308467471872e-08,1.2689103812135727e-07,3.354205091454787e-08,1.7283613829022215e-07,1.3123423741490114e-05,5.716402711186674e-07,2.628708557494974e-07,1.9951332319578796e-07,3.583732777201476e-08,8.654884453562772e-08,3.1358413252746686e-05,7.409693836279985e-08,5.040794093247314e-08,3.5260789843505336e-08,1.645354217316708e-07,4.450292294677638e-07,5.825395277270218e-09,4.3947572692104586e-08,2.1009713080388792e-08,5.735248720384334e-09,8.669532007843372e-07,2.5273237724832143e-07,4.20080311869242e-07,1.7952737607629388e-07,1.751780445147233e-07,1.7748661207406258e-07,3.6822225411015097e-06,1.162034806156953e-07,2.0975730308236962e-07,2.5797831426643825e-07,5.6005307058626386e-09,1.1762065241782693e-06,1.0198004929407034e-07,7.260352674620663e-08,2.5298763972614324e-08,1.1633358099061297e-07,8.713216814726366e-09,1.1188951702933991e-06,4.308745005232595e-08,2.175435653839486e-08,1.5442026324308245e-07,2.3576974683692242e-07,5.633331056742463e-06,2.353084056494481e-07,5.4053185039038e-08,1.5642137441318482e-05,2.1472961009294522e-07,1.4586825969331585e-08,1.253714798643557e-09,3.285159166921403e-08,8.682624184075394e-07,2.474108100614103e-07,1.9971159304077446e-07,2.218081135652028e-06,1.209806015367576e-07,1.915976000077535e-08,3.9551480313093634e-08,2.0442655568331247e-06,5.0939338507305365e-06,1.2585668685005658e-07,1.2767220596288098e-06,7.873312313222414e-08,2.9378823818149158e-09,5.098270960957052e-08,1.1461113444966031e-06,4.046873073093593e-06,3.1974158787306806e-07,1.4517963791149668e-06,3.235660130940232e-07,2.4168221557374636e-07,7.997851980690029e-07,9.270895162671877e-09,1.5049977264425252e-07,8.167310738826927e-08,3.4628985758899944e-06,1.110748826249619e-06,3.1971072189662664e-07,7.3832659985839655e-09,3.176687926043087e-07,5.878688398297527e-07,4.104871891286166e-07,3.657692815295377e-08,2.878483655877062e-07,5.376488587671702e-09
true_6,6.436776516238751e-07,5.389386359411219e-08,6.558188658800645e-08,2.0530977806743067e-08,8.937475115544657e-08,4.223208634357434e-06,0.999834418296814,7.197916147561045e-07,5.583412843179758e-08,9.726117156105829e-08,1.1248518916318062e-07,3.2694277507516745e-08,1.5836384648082458e-08,1.5161280231268393e-08,1.772100404195953e-05,8.020238695394255e-09,2.7043094874557028e-08,1.3352424502954818e-05,1.5496649519164407e-09,1.1349754025502534e-08,2.6396378416393418e-06,1.074535589395964e-06,1.1571749780614482e-07,9.111425214314295e-08,1.1098090624273027e-07,8.767309545021362e-09,2.127153720721253e-06,2.7581443795554605e-09,9.524641519931265e-09,1.4401099406313733e-06,4.593033153810211e-08,2.2239806440893517e-08,7.211446018118295e-08,3.3337728382321075e-06,5.008187287103283e-08,8.4670564319822e-06,1.499153086115257e-07,2.1630363278291043e-08,4.812353608940612e-07,2.4820844046757884e-08,3.6311764706198346e-09,2.661018960736783e-09,5.824350637340103e-07,1.2192004760436248e-05,6.667880692035055e-10,1.2089182988006542e-08,1.0660994576028315e-06,3.0722421229256724e-07,1.755406131564996e-08,1.8858133898902452e-07,7.352023345674752e-08,1.3285632121551316e-05,1.2723100795142273e-08,1.602802228717337e-07,5.6496467948363716e-08,6.261687985897879e-07,2.3103687851744326e-08,2.8310500965744723e-06,4.195430669540201e-09,1.5549637737422017e-06,3.005870752303963e-08,6.666919944109395e-06,1.604189892034924e-09,6.47090132588346e-07,8.837179734655365e-07,2.7685308623404126e-07,8.410235352585005e-08,1.2217780067658168e-06,5.099202837755001e-09,8.002249160199426e-06,2.3812121980881784e-06,4.6200602810131386e-07,1.6235578925716254e-07,6.150950412120437e-06,8.498291208525188e-07,2.392611619939089e-08,7.812066371570836e-08,5.900692823246345e-09,6.735639601629373e-08,1.8244747934659244e-06,3.1467692451769835e-07,3.6943589520888054e-07,5.6598892115289345e-06,1.7909458165377146e-06,3.8489332609970006e-08,1.720166255836375e-05,3.925486424805058e-08,1.0465057265207633e-08,1.583864832355175e-05,2.2729164328438856e-08,2.7854440531882574e-08,8.651106497836736e-09,6.74529303523741e-08,5.306181947162258e-07,6.367740468249394e-08,4.730542855213571e-07,2.4001867586775916e-06,1.0386750126656352e-08,3.9117718841907845e-08,2.9170763582442305e-07
true_7,2.813166304349579e-07,3.1294153934879887e-09,7.989080330617071e-08,3.860092334662113e-08,1.2056199011567514e-05,1.131469584692013e-09,1.1709400951076532e-06,0.999900221824646,6.501618798893105e-09,3.5767189388025145e-07,2.6396358876468184e-08,1.1882961281628468e-08,2.769036111516243e-09,6.641071337298854e-08,1.8498782505815825e-09,1.774785296504433e-08,1.347359273040638e-07,1.9259621808487282e-07,3.6425791272165498e-09,6.468600588505069e-08,2.2054814508010168e-07,2.3599996623602237e-08,2.3747902559989598e-06,1.870566165962373e-06,4.674386655523222e-09,1.046555780703784e-06,1.705620711334177e-08,2.0336269557219566e-08,2.2913488884057642e-09,3.4484585853533645e-07,2.58574370803899e-08,2.6299915578675837e-09,1.1296746649236411e-08,9.881611973128201e-09,7.4608046816138085e-06,1.50985306390794e-06,1.0405652517420094e-07,1.0490188273593049e-08,1.5624703308958487e-08,2.95769062574891e-08,2.484825678550351e-08,1.064739585387997e-08,1.7876014624107484e-07,1.5565321120902809e-07,4.011485366106626e-09,2.1666867411340718e-08,2.0803568645533232e-07,1.0884086520945857e-08,3.114328137598932e-07,4.4419454781063905e-08,1.8406120716463192e-06,1.8912615473709593e-08,7.66365602089536e-08,3.4211957427032758e-06,3.607465615118599e-08,1.1763497695937986e-06,2.96838837954283e-08,2.468245341447073e-08,1.849989317292966e-08,1.514286651627117e-08,6.063564317315695e-09,4.448147183921947e-09,1.3627499129142961e-06,3.6818562421103707e-07,7.964149517647456e-07,3.842776095552836e-06,1.2879102939677978e-07,2.3629575025552185e-06,1.7673656316219422e-07,3.49927745446621e-07,5.441887083179608e-07,4.7736058661485004e-08,2.1311348064045887e-06,1.0260151839247555e-06,3.2058131704815196e-09,1.5184557014435995e-05,1.692624707061441e-08,3.0327946820563056e-09,1.0457333843305605e-07,1.0376457737493183e-07,1.8659253697705935e-08,1.2154878277215175e-06,9.2346306246327e-07,6.273671715462115e-08,1.1843327740734821e-07,3.8826009074455214e-08,2.0426807623152854e-06,2.714960373850772e-06,1.541939127491787e-06,1.3603654736016324e-07,4.9324249573601264e-08,3.960617078746509e-08,4.827204413970776e-09,1.4186966836859938e-06,1.1125077037377196e-07,2.2049995095585473e-05,3.0782945970031506e-08,3.327587805301846e-08,1.9672897622058372e-07,1.3703371450901614e-06
true_8,2.7976616578939684e-08,6.08926086442807e-07,1.2504829172144127e-08,1.0642466463650635e-08,1.8306408611223901e-09,1.2428803586317372e-07,1.36093181168917e-08,1.2905648771877054e-09,0.9998821020126343,4.764861841977108e-06,7.473181184991518e-09,2.6291631094466084e-09,3.0485047375350405e-08,2.2444415215261415e-09,5.556559017350082e-07,7.720502459562795e-09,1.2484522748934523e-08,7.706812077401537e-09,8.674454932133813e-08,1.7360136439492635e-08,2.2116637410363182e-08,5.571864081233002e-10,2.0494694830119897e-09,5.678470471615071e-10,2.437301736790687e-05,3.806557291596846e-09,1.876430673064533e-07,6.733559843041803e-08,2.738345905584083e-08,3.4876347143608655e-08,2.0946324639226077e-06,4.870275915891398e-08,3.4978511394001544e-06,3.703443098856951e-07,3.842313134327924e-09,3.36640293419066e-09,1.442561199382908e-07,1.7224977000296349e-06,1.2286491823942924e-07,5.99198415329738e-08,7.145124492069499e-10,1.618691314320131e-08,5.601980657132799e-09,1.1438210378855729e-09,9.142675480688922e-06,2.4793473940576405e-08,2.1878688016840897e-07,1.8400987400468694e-09,3.6321210927781067e-07,7.69340218198522e-08,7.037149973854184e-09,1.676599907796117e-07,1.5850155250518583e-06,4.270408915374446e-09,6.05538161835284e-08,4.1155217900268326e-08,9.414491586312579e-08,8.807237463770434e-07,3.0856284638502984e-08,1.8986332506187864e-08,7.514165190514177e-06,1.0304599395993819e-09,3.3775133800872936e-08,7.918686861785318e-08,3.094162792649513e-08,1.188955461861596e-10,6.969392840616706e-10,2.2009726308169775e-06,4.0875860918276885e-07,2.883694616429011e-09,1.2663350901220838e-07,1.0488600439562124e-11,6.82461092083031e-08,5.151449267160046e-10,1.651327511353884e-05,3.049385810527383e-08,1.926765889948001e-06,1.5831332689231203e-07,1.0197551247870251e-08,4.5725833786036674e-08,2.3892661715763097e-07,6.143146435988456e-09,3.5319764890573424e-08,3.145592586406565e-08,1.9477090518194018e-07,1.648092222694686e-07,1.8710651084052898e-10,9.038445547560059e-09,1.0950924433927867e-07,6.274635211411805e-07,9.430406748833775e-07,4.7574428840846394e-09,3.131972903247515e-07,2.936712206746961e-09,2.44760940404376e-07,9.757891206163549e-08,7.179982475236102e-08,3.373083018232137e-05,8.34247337877514e-09,1.2020738848761425e-09
true_9,1.5762532257213024e-07,1.0154103620152455e-05,1.6853854845066962e-07,1.5773902362070658e-07,9.275684931253636e-08,1.0843967501728002e-08,1.1078596173774713e-07,2.9900871822974295e-07,4.991110927221598e-06,0.9997259378433228,3.174827725160867e-07,8.474008836856228e-07,6.8533800856585e-08,9.130415890012955e-08,5.077640707895625e-07,1.854938957990271e-08,3.7283297160684015e-07,3.641583248281677e-07,6.065887987460883e-07,5.166655547839127e-09,7.665260426392706e-09,2.996852970227337e-07,4.999225211577141e-07,1.0021657459446942e-07,8.902573256364121e-08,1.707965395780775e-07,5.244888143352e-06,2.002948349399958e-06,2.239454261143692e-06,8.164683151790086e-08,1.314670384999772e-06,9.503251519049627e-09,2.3152811081672553e-06,9.61727408821389e-08,8.092884584698368e-09,1.6380546696836973e-08,5.595997620844173e-08,3.54119777057349e-07,7.497862775096564e-09,2.1772559932742297e-07,1.377479463826603e-07,6.23887558504066e-07,1.2658516013175358e-08,2.297134038542481e-08,4.7618501412216574e-05,9.680324808414298e-08,3.3607125260459725e-07,1.3752628369445574e-08,1.296113367743601e-07,3.706041752593592e-05,7.206725740616093e-07,1.0269987171795947e-07,2.3365029846900143e-05,1.936298019700189e-07,4.8730166781751905e-06,1.6701752869607844e-08,1.3581400253315223e-06,4.656819783122046e-07,8.193304665837786e-07,1.1619128770234965e-07,2.21185949556002e-08,2.6963869359519776e-08,4.920558183130197e-09,8.186063382709108e-08,6.55522001125064e-08,3.651804192372765e-09,8.566730436143644e-09,1.0556940566175399e-07,4.7237669775768154e-08,3.1003512646066156e-08,2.7379198286325845e-07,1.6098683497389743e-10,1.6758968968133559e-07,1.7749611558315337e-08,1.2468401564547094e-06,1.4311187896964839e-06,1.745042865763935e-08,4.304439187308162e-07,1.6274860172416084e-05,1.8043427019165392e-07,8.15085440990515e-05,5.445616402255382e-09,5.852421480767589e-08,2.3301476304027346e-08,2.783484376323031e-07,8.232249228967703e-07,2.5808294168427892e-08,3.990528085751066e-08,1.1961985535435815e-07,1.0847838893823791e-07,7.771516720822547e-06,3.99693753649899e-08,1.3204188462623279e-06,1.8826570524765884e-08,3.2842382324815844e-07,1.8696229631132155e-07,1.3699069256745133e-07,7.109659691195702e-06,8.202312642424658e-07,3.8308576222334523e-07
true_10,1.3876795712519652e-08,1.2038483987453219e-08,2.76960290648276e-05,1.3178078006603755e-07,2.513362629130711e-09,2.913686714123287e-08,1.5249268869865773e-07,2.809231292033587e-09,7.312456773433951e-08,5.546986585613922e-07,0.9998650550842285,5.422052709036507e-07,4.30876696100313e-07,1.0413293694000458e-06,1.550695927221568e-08,1.644577629633659e-08,9.396711675435654e-08,1.0689941518648993e-06,7.684637814975304e-09,1.4267520498378872e-07,2.3098216672678973e-08,8.591779987909831e-06,8.936666517911362e-08,1.6260857194083655e-07,2.483828325239301e-07,5.265553113531496e-07,8.093583403478988e-08,1.0139474397874437e-06,8.297846676441623e-08,2.1038674447027006e-07,3.905842760332234e-08,1.8627001452387049e-07,6.820508815508219e-07,1.9188464648323134e-06,2.7226857213236144e-08,1.2381117358017946e-06,9.535980893815577e-10,3.39038948027337e-08,2.6549894727168066e-08,2.4527084807601796e-09,2.506748408848125e-08,3.364096983204945e-07,5.4325388632037175e-09,4.346622972661862e-07,5.447959665616509e-07,1.7317599798616357e-08,1.3480440941293637e-07,6.594769388357236e-07,3.0998344300314784e-06,6.179662250360707e-06,5.739693733630702e-07,7.788168659317307e-06,1.4797272740452172e-07,1.1465644433883426e-08,7.702319635427557e-06,7.232021062009153e-07,6.219423909215038e-08,1.6791379948699614e-06,2.9906226473030983e-07,4.076212860582018e-07,9.105757214911137e-08,5.998590495437384e-07,1.205509914115055e-08,1.3751746053003444e-07,8.702972991159186e-06,4.335615422235151e-09,2.0535846356750653e-09,7.690944414662226e-08,2.5400357372973303e-08,4.77827484246518e-08,4.971750513504958e-07,3.3888402413140284e-06,1.084053792510531e-06,6.126381624227406e-10,4.1899293137248605e-06,1.1499770380396512e-07,1.0100004601554247e-06,7.344458481384208e-07,7.216419817268616e-06,2.0965345015611092e-07,1.3339380302568316e-06,4.017810084633311e-08,2.7065337349085894e-07,1.00504512374755e-05,1.5938418300720514e-06,2.5276533506257692e-06,1.24472139262366e-08,7.435451720994024e-08,6.795110493840184e-06,2.519144857160427e-07,1.1202271110732909e-07,3.5771702755482693e-07,2.3210705535348097e-07,1.0487726740393555e-06,2.3067123038345017e-06,5.794439772444093e-08,3.967865609411092e-07,1.2426164630596759e-06,6.909431249368936e-09,5.617669174284856e-08
true_11,3.3225269202574736e-09,3.9205296786803956e-08,1.3458108696795534e-05,1.0289451893186197e-05,6.504151661701485e-10,1.1471622940462112e-07,1.3424525935334941e-09,7.2412165152968555e-09,3.551110960842152e-09,6.367712899191247e-07,1.801294189363034e-07,0.9999054074287415,7.089790976522181e-09,1.2251831549292547e-06,7.207685257526464e-07,1.926640607052832e-07,2.400226151166862e-07,1.590115061844699e-07,5.705718919557512e-08,2.1837571750893403e-09,1.3009928689911021e-09,4.733156515612791e-07,1.7065177360109374e-07,5.940287195471683e-08,3.994734765200292e-09,6.979887075431179e-06,6.085172685743601e-07,5.514769974013234e-09,1.8870623819111643e-07,5.644636758006527e-07,3.1307487802223477e-07,2.0681809473899193e-06,4.949992060687691e-08,5.06156272450653e-09,3.219142641341932e-08,7.876871563894383e-07,2.450539149378983e-08,3.202841725169492e-08,3.661678960042991e-09,1.9216945474909153e-06,4.208392567761621e-07,7.961781989251904e-07,5.635402544612589e-08,5.096775339552551e-07,7.2978846219484694e-06,1.1978754343999753e-07,2.2830226598102854e-10,8.051437561107377e-08,2.350961914032723e-08,8.39272189523399e-08,5.197740549078844e-08,1.3118025208314066e-06,5.434606578091916e-07,5.095672217514391e-10,1.990056688327968e-07,4.702638722875463e-09,5.954527182439051e-08,1.0294415915268473e-06,3.453573071965366e-08,8.838915164233185e-07,3.282765419498901e-06,2.8849276532127988e-06,6.701768029415689e-08,3.517854807455478e-08,8.555217618777533e-07,1.4616473720252543e-07,3.51364981554525e-09,3.4955138783487882e-09,1.0014089557586203e-09,2.234195584094323e-08,2.4879018845069822e-09,3.281670046817453e-07,2.4973783041559727e-09,4.184351837466238e-06,1.421157636016801e-09,1.0675328354636804e-07,4.423006405573915e-09,3.0018833285794244e-07,6.524192485812819e-06,1.1569492386342972e-07,1.2030991456413176e-05,6.013894271461595e-09,4.4365272566793124e-10,7.985097738583136e-08,2.5671869252619217e-07,1.0581190679204155e-07,1.6268883129555434e-08,3.4185476671666493e-09,1.3361804462874716e-07,3.1640222886153424e-08,1.3172135027161858e-07,6.759523785149213e-08,1.0676064903236693e-06,1.5397896291347024e-08,2.9883381102990825e-07,2.6150550169745657e-08,5.069549843028653e-06,1.2411044281179784e-06,1.858184539571539e-08,2.2153718859385663e-08
true_12,2.2448322312129676e-08,6.284921255428344e-06,1.482435285637962e-09,1.1572126368264435e-08,4.522523328054362e-11,2.8622526571098206e-10,5.736524033572721e-10,9.715602627968778e-11,3.664812897596903e-09,6.515798567363618e-09,3.275844262518035e-09,1.771087831947682e-09,0.9999025464057922,4.625475114039546e-09,2.1457509102873473e-09,3.018378791352916e-08,1.921526759929293e-08,8.874353696342041e-09,7.004932740528602e-07,5.538186798048628e-09,7.7783342267157e-11,1.8201834484088408e-09,1.0950618190008754e-08,3.988627206297224e-09,9.058486405422173e-09,2.0672134143362442e-11,1.1233289853862516e-09,4.0854138205759227e-07,4.340029590821359e-06,7.197535296654678e-07,1.9704722298286015e-09,1.5467031821980726e-10,2.4761113763815956e-06,2.8664107531994887e-08,2.8677055396997275e-08,2.634043538840558e-10,4.355680616185964e-08,8.112132832138741e-08,2.319294534203209e-09,1.495486068314733e-09,9.788094779139556e-09,1.6567693705837883e-07,7.258127432407946e-11,1.670025895350591e-08,4.318722712781664e-09,4.595585778588429e-06,5.615738336928189e-05,2.1002936889669144e-10,3.1404074896101974e-09,3.9828496056770746e-10,2.80525358498096e-09,8.486055094181211e-07,3.138198312324647e-10,5.9075246916506785e-09,1.9167350728821475e-07,2.022352774133651e-08,1.3810591781293624e-08,6.620996941819612e-07,1.829891099758285e-10,2.0088032570697578e-08,1.2190827874292154e-05,4.186933821870298e-08,5.979493376134792e-12,5.2022709695620506e-08,2.214048722137818e-09,5.471372799270569e-10,9.164201619782375e-10,2.7647597752866737e-11,1.460934706543071e-10,7.585770345208687e-10,2.677590649202699e-10,1.2720176301161956e-10,7.995339806887714e-11,4.8891971200781814e-12,4.6023578192944115e-07,2.2613724781628264e-10,1.8990618855241337e-08,5.4253803227766184e-08,9.535646938729769e-08,2.1345397271943511e-07,3.1488859804085223e-06,5.372681119442113e-11,1.2672174420913507e-07,4.2938132216452374e-11,8.027454896364361e-07,1.0276043838075566e-07,4.4074809774086177e-11,1.2181911035469284e-09,7.677670055272756e-09,6.578051170436083e-07,7.841423621535171e-10,1.2891440803741716e-07,4.566175215714452e-11,2.771244605320744e-12,1.0433328725412139e-06,2.512621755101918e-08,2.419021782884556e-08,4.579496781786929e-09,1.7658532414088768e-08,2.7513311806615093e-07
true_13,2.973788326698923e-09,1.0164286079472618e-09,1.0126890401807032e-06,2.024706873271498e-06,6.302766450971831e-06,5.818918236144555e-09,1.1191490401074589e-08,8.550919261551826e-08,9.38559718832721e-09,1.4375977741565293e-07,1.0577506373010692e-06,3.6652969015449344e-07,2.3944906502038066e-08,0.9998919367790222,6.818302034083956e-10,7.265794188526797e-09,5.540488018596079e-06,2.541194589866791e-06,4.540964049226659e-09,1.1428182844497314e-09,1.3558788225509488e-07,1.24885612962089e-08,3.7998046309439815e-07,1.5419360011037497e-07,5.570215844130644e-09,1.081583832274191e-05,8.612040574007551e-07,1.3099894502488496e-08,1.981740282985811e-08,7.009265345914173e-07,1.571562791014003e-08,1.271354221898946e-07,1.9636743786577426e-08,8.795274197836989e-07,2.3898735435068374e-08,1.6484190723531356e-07,7.847781802183817e-08,1.4047689678164943e-09,3.878907750554106e-10,1.4835432882165378e-09,8.79352270999334e-08,1.1020074630607724e-08,1.7135903362941463e-07,1.0074110434743488e-07,3.7324417689887923e-07,1.0465277000548667e-07,3.636316581179244e-09,6.029531984808045e-09,1.5361003988800803e-06,2.07161838261527e-06,1.5918005374260247e-05,1.5420059185089485e-07,4.287861941065785e-07,1.0359771351886593e-07,1.0038916116172913e-05,1.7381042383135537e-08,1.9836633669001458e-07,9.138872769653972e-07,7.663984433747828e-07,8.971379372724186e-08,5.4949300221096564e-08,9.30080489069951e-07,2.8095863058297255e-07,1.1886521633641678e-06,2.175330564568867e-07,9.51018591877073e-07,5.1945820978005486e-09,7.98237209664876e-09,2.506449845895986e-06,2.3271959914694662e-09,1.530375470792933e-06,6.121515070844907e-06,8.47323722297233e-09,3.288725736183551e-07,5.496764821089073e-09,5.784858814195104e-08,2.0755935636884715e-08,3.2115781323227566e-07,4.529145371634513e-06,1.1295956880985614e-07,6.138337482752831e-08,2.526609250708134e-07,1.1594404725201457e-07,3.691676511152764e-06,2.4484501537358483e-08,4.035589995510236e-07,1.2647824121359008e-07,4.0073889095992854e-08,1.277912815567106e-05,2.0738522010788074e-08,2.4026036271607154e-08,8.608851942426554e-08,3.6862618912891776e-07,7.112230804295905e-09,1.9409835516626117e-08,1.7766007553987606e-09,4.064211225340841e-06,7.624698383779105e-08,7.814447755549736e-09,4.6373962447887607e-08
true_14,1.753478429122879e-08,6.648580892942846e-06,6.046398048908941e-09,8.15288370148437e-09,1.1277895284322881e-10,3.3415083180443617e-06,3.228109562769532e-06,1.26625709917505e-09,2.968297394545516e-06,2.5110836077146814e-07,2.522624553691344e-09,7.715211722825188e-07,4.130196629148486e-09,1.5968205924199452e-10,0.9999439120292664,4.2023721391615254e-08,2.0430048763842024e-09,7.337619400971107e-09,4.5073811349993775e-09,1.5874922709713246e-08,2.1952287099225032e-08,6.386336792729708e-09,1.9689579744408547e-08,2.011678468250011e-08,7.84819633281586e-07,4.288616395342615e-08,2.0730487904074835e-07,1.546710137745322e-08,1.4735531017606718e-08,1.8124428891042044e-07,1.6325827800756088e-06,2.4368187041545752e-06,2.625212118800846e-06,5.8907165367827474e-08,9.671634604302426e-10,1.0464704658375013e-08,2.904463336506069e-08,2.442974889049765e-08,5.945837528997799e-06,2.497572040738305e-06,1.138436234171536e-09,1.1260336663099224e-08,9.792803723485122e-08,8.167354081933809e-08,6.791136542005916e-08,5.9410201203036195e-09,1.3606673121557833e-08,9.35763999621031e-09,1.0672814854117973e-09,2.2810976219034274e-08,3.148497018656826e-10,7.355890261351306e-07,1.957258177753829e-08,1.767298085653124e-09,4.91806151359242e-09,5.803594937958678e-09,1.2087712164543518e-08,4.9390303047403e-07,9.745852125320198e-09,3.733240561132334e-08,2.039720783386656e-07,3.205857268540058e-08,1.910393399029431e-09,1.2224900558521767e-07,1.0928275173682778e-08,5.964236882149976e-10,5.991208951172666e-08,3.369214311987889e-07,1.275545269407985e-08,5.664717406261843e-08,5.21291099175869e-07,5.271033054476959e-10,5.956020459052525e-07,3.6053056646778714e-06,3.879464202327654e-06,1.504071311941857e-09,7.607895646799534e-09,2.7940529889747268e-08,2.89446173695751e-08,2.0636576891774894e-08,9.307294021709822e-06,3.4799128023621506e-09,1.755847200968219e-08,4.607438430781485e-09,3.175760765472546e-09,4.457914712929778e-07,1.6816372738759355e-09,1.4678518400756957e-09,6.490175508133689e-09,8.929473160890211e-09,4.277709990674339e-07,2.5209556664407273e-10,8.761755765362977e-08,4.324702018720927e-08,2.209025407040599e-09,2.506988607819949e-07,4.0795504219204304e-07,5.531453695084565e-08,4.727358504652557e-09,3.963266936857224e-10
true_15,1.2521441021817736e-05,4.2039400796056725e-06,1.808625711419154e-06,1.4980323612689972e-05,4.298667045077309e-05,6.679785201413324e-06,1.9674992302043393e-07,8.580236681154929e-06,8.977274774224497e-06,9.90392072708346e-06,3.5983910038339673e-06,2.9127160814823583e-05,1.3481910173140932e-05,5.928569066782075e-07,1.3142196166882059e-06,0.9534394145011902,2.7078460334450938e-05,2.2809266738477163e-05,1.1862996871059295e-05,0.00014387797273229808,6.858549568278249e-07,1.0061585271614604e-05,3.703416950884275e-05,3.910427039954811e-05,1.5565570947728702e-06,9.612833764549578e-07,3.299970194348134e-05,0.0002011553879128769,2.950010821223259e-05,4.78060110253864e-06,0.00014141775318421423,1.4550327250617556e-05,0.00019326896290294826,4.5387429281618097e-07,0.0029748384840786457,1.2722978226520354e-06,8.224070188589394e-05,6.509816739708185e-05,2.4668472633493366e-06,1.1787803487095516e-05,2.086911626975052e-05,0.00017653484246693552,1.9155368136125617e-05,3.7740860534540843e-06,7.051596912788227e-05,9.897016752802301e-06,2.7936588594457135e-05,2.8168584321974777e-05,9.421564755029976e-05,5.717707608710043e-06,3.2141228984983172e-06,1.2331666766840499e-05,3.1956071325112134e-05,0.00032196188112720847,2.167766069760546e-06,0.00017151996144093573,0.00024367461446672678,4.744149919133633e-06,3.0315724870888516e-05,2.1365678549045697e-05,5.5494496336905286e-05,1.915587745315861e-06,0.0007708102348260581,3.1031293019623263e-06,1.1589620044105686e-05,8.81772066350095e-05,1.8734583136392757e-05,1.6929545381572098e-05,3.915582965419162e-06,1.4194215509633068e-06,1.4647159218839079e-07,1.956045252882177e-06,4.3057640141341835e-05,7.701981417085335e-07,2.3707273157924647e-06,7.866034138714895e-06,0.0007552899187430739,9.557368684909306e-06,6.831684231656254e-07,1.1880476449732669e-05,1.4984017070673872e-05,3.980693691119086e-06,2.2327794795273803e-06,2.1514881609618897e-07,0.002552998950704932,2.8024187486153096e-06,9.649808816902805e-06,0.0009713678737170994,3.430419837968657e-06,2.2781798179494217e-05,5.5362237617373466e-05,0.030447592958807945,3.1108811526792124e-06,2.4145992938429117e-07,0.0025411280803382397,0.00039501191349700093,1.3255068552098237e-05,0.000556803890503943,0.0015942251775413752,5.384042742662132e-05
true_16,5.4306816821281245e-08,2.0124518584907491e-07,1.7634422988521692e-07,3.3110234198829858e-06,1.9997428069018497e-07,1.4633284806109259e-08,1.8356994146984107e-08,4.572451075546269e-07,7.771932786226898e-08,1.3147033541827113e-06,9.763090247361106e-08,5.17109299380536e-07,1.993155649415712e-07,7.059126801323146e-06,3.766978284858169e-09,9.471415296502528e-07,0.9997914433479309,5.00513715451234e-06,6.19037621163443e-07,1.5021970511952532e-07,2.6329976421379797e-08,2.8258868951525073e-06,4.3567933261101643e-08,4.0241047827294096e-08,1.4882215459977033e-08,4.0380004406870285e-07,3.228173682146007e-06,3.9951856933839736e-07,9.145093713414099e-07,1.0832089856194216e-06,6.762599014109583e-07,8.470703392049472e-07,3.5765654615715903e-07,2.895860689022811e-06,2.4894075068004895e-06,4.2627857510524336e-07,1.4903359897289192e-06,2.8356548682495486e-06,1.9837723641558114e-07,2.8429387384676374e-05,7.407338671328034e-07,7.489569497920456e-07,1.0958272014249815e-06,2.142327957699308e-06,2.676861754480342e-07,4.6642941242680536e-07,6.220435722070761e-08,1.8578635518906594e-08,1.2834263543481939e-05,4.66565950318909e-08,2.5364774046465755e-05,1.6617542542007868e-07,1.5946037024150428e-07,2.381314700983239e-08,1.0434825526317582e-05,2.3190611386780802e-07,8.875578600964218e-07,2.9841166906408034e-06,2.7303244110044034e-08,4.042222371936077e-06,2.484110609657364e-06,9.070076600892207e-08,9.34367380978074e-06,3.397553200557013e-06,4.201782303425716e-06,2.293983197887428e-05,1.1898283673872356e-06,4.660633212694165e-09,1.5106293176359031e-06,7.840506910383738e-09,4.809869835753489e-09,3.787095920415595e-06,9.457493455045096e-09,2.3687253047910417e-08,2.17666169533004e-08,3.9897199144434126e-07,1.2882303508376935e-06,2.1649665882250702e-07,1.3101328022457892e-06,3.319672487123171e-06,8.139215879054973e-08,1.74016733467397e-07,1.6086321608099752e-08,5.681514636535212e-08,2.779120507057087e-07,1.5682386447224417e-06,6.143979476291861e-07,1.8123446352547035e-06,1.9756416236305085e-07,5.137042649039358e-07,4.436140557118051e-07,5.6222791755544677e-08,2.249272483823006e-07,6.456404744170641e-09,3.85793839541293e-07,2.731347592543898e-07,4.5763880507365684e-07,1.1810440810222644e-05,1.247839236384607e-06,2.020392386725689e-08
true_17,4.762779326483724e-08,1.870799515302224e-08,1.1721916592932757e-07,1.7973173171981216e-08,1.3711273822991643e-06,8.253231698063246e-08,4.65142511529848e-06,7.944747437704791e-08,7.328929907401971e-09,4.965066864315304e-07,3.951062694795837e-07,1.2373084246064536e-07,1.409731993362584e-07,1.6048730913098552e-06,1.2196712084744377e-08,8.893992458069988e-07,3.283769956397009e-06,0.9998537302017212,1.1478614503346307e-08,1.9961870378892854e-08,2.1605945477176647e-08,2.2325190002447926e-05,2.946682116089505e-07,2.8063595891580917e-07,7.543164315393369e-08,4.2158003310532877e-08,2.443109406158328e-05,1.4880441767672892e-07,3.876420464621333e-07,1.2833667994982534e-07,1.8559138226237337e-08,4.3007668537597965e-09,3.111551194479034e-08,1.3340823556973191e-07,7.53649089801911e-08,1.0460552175572957e-06,3.1415567036674474e-08,1.1772050356739783e-06,1.2476808919359428e-08,2.9528555600677464e-08,5.405522784940331e-08,8.250008676213838e-08,4.581823702665133e-07,1.3302580555318855e-05,1.3526749498282697e-08,1.8602948159696098e-07,1.0652770754404628e-07,6.781688171031419e-06,1.6998388900901773e-06,5.0716067789835506e-08,1.0555913831922226e-05,2.6902679195472956e-08,6.4346208361598656e-09,4.749763320432976e-07,8.597396004006441e-07,1.3830140233039856e-07,2.408912394002982e-07,7.716173058724962e-06,9.859749461327283e-09,6.487947530331439e-07,6.0952722868989895e-09,5.12151132170402e-07,7.02410085651195e-09,1.1965910573508154e-07,1.5891030216153013e-06,5.896027687413152e-06,5.556171078779926e-09,1.006777878842513e-07,3.755888489109793e-09,7.192250706111736e-08,1.9257042183085105e-08,1.2893525536128436e-07,1.8368689680414718e-08,1.3676120147465554e-07,5.3799659838205116e-08,3.9019262487727246e-08,5.475188302739298e-08,1.2317613595769217e-08,2.6832412913790904e-07,2.2469016585091595e-06,7.746525909624324e-08,5.415755843785064e-09,3.514795920978031e-08,2.811647618727875e-06,9.396639910619342e-08,3.254783905504155e-06,2.473294102856016e-07,3.379177115903076e-08,1.891065221570898e-05,3.991565478145276e-08,4.044894907906382e-08,3.7415524900552555e-08,8.103860693609022e-09,5.730781960089359e-10,1.3518894093067502e-07,9.106021536808839e-08,1.1928707408515038e-06,8.542956919654898e-08,3.184895547292399e-07,1.4456766450621217e-07
true_18,5.563025524679688e-07,7.204428698059928e-07,1.9524865990661056e-07,1.48427034218912e-07,4.581384160928792e-09,1.2668811777416522e-08,6.541582830976722e-10,8.150058405931304e-09,9.816735513368258e-08,1.9705962017724232e-07,1.2921645975438878e-09,2.0531480515728617e-08,2.56003363574564e-06,6.24134921523023e-09,3.181957097808663e-08,7.585907724205754e-08,2.1349974588247278e-07,4.158387856278978e-09,0.9996871948242188,1.1277689736743923e-05,6.513625194770611e-10,1.2791476322604467e-08,3.9782162275514565e-06,3.011902663274668e-06,6.058564849809045e-07,2.0403092548804125e-09,5.659949842140577e-09,1.965945375559386e-05,9.78399402811192e-05,6.753054094588151e-06,1.8323235906336777e-07,5.835278926724641e-09,7.322420003674779e-08,1.4551082117009173e-08,6.952378498681355e-06,2.1639414704566207e-09,2.785135109206749e-07,5.610795597021934e-06,1.588758813397817e-08,9.378043728247576e-07,1.6110760043375194e-05,8.242407056968659e-05,5.639956413006075e-08,9.756443652975122e-09,4.813226794908587e-08,3.282702436990803e-06,5.949967771812226e-07,2.0396448974224768e-07,4.0603217144052905e-07,1.3927143527325825e-07,2.774530649674034e-08,2.8962463716197817e-07,2.518715973565122e-07,7.760059261840979e-09,1.379402334578117e-07,8.831584352719801e-08,1.3986954400024842e-05,7.001457333899452e-07,3.969631734435097e-08,5.390826451900921e-09,3.2015882425184827e-06,5.2847077824935695e-08,2.510756047513496e-09,6.814255470999342e-08,6.666247287512306e-08,4.8621080495081515e-09,3.2881422384889447e-07,1.7454799827731904e-09,2.533618204125787e-09,1.3963767919733527e-09,9.865865902014548e-10,3.3984287606259045e-10,1.3420302646949267e-09,1.734087595739453e-10,6.145265984969228e-08,1.9816354779322864e-06,3.047054164539986e-08,3.5966132827525144e-07,1.5124476249184227e-07,7.959035741578191e-08,1.2701547348115128e-05,5.703916228227968e-10,2.0315102933210483e-09,1.564091911543386e-10,5.491454430739395e-06,6.972099697577505e-08,9.819218860229739e-08,1.061151500003632e-09,1.661277670983452e-09,5.495411414813134e-07,1.5424021171384084e-08,1.1174578276040847e-06,2.5308952711355914e-09,1.795811499505362e-09,3.702554067785968e-06,1.0302028385922313e-06,4.237119100025666e-08,5.613588882624754e-08,4.168624343492411e-07,2.454222283176932e-07
true_19,9.655047961132368e-08,3.5870832970630318e-09,3.013364224813131e-09,1.5402278563669825e-07,3.1862153804240734e-08,8.78648087621059e-09,2.422521627742924e-10,1.3233446338745125e-08,3.363136258371924e-08,2.2060973048354526e-09,2.0894841412655296e-08,2.283145006387599e-09,3.6537723957508206e-08,1.5109363760146266e-10,7.916804989349657e-09,1.1283530056971358e-06,3.640324308662457e-08,1.9373327386773553e-09,4.48784794571111e-06,0.9999362230300903,1.6687977666407505e-09,7.160027681862857e-09,2.3016410111154073e-08,2.9459721773150704e-08,2.524231604184024e-06,1.171032271152228e-09,3.8132194624118654e-10,8.131818276524427e-07,9.433589909235707e-09,2.2083115425175492e-07,1.535499194460499e-08,1.1571811597832493e-07,4.7701632865937427e-08,1.2812152450081271e-09,1.4347435808303999e-06,5.3985580450444104e-08,1.60342480626241e-07,1.3868626069779566e-07,3.074187361562508e-06,5.618677505481173e-07,2.7634996513370425e-08,3.457658408478892e-07,2.3246158331602373e-09,8.73438033011098e-09,3.4087193068188526e-09,3.1750726492418835e-08,5.310276307568529e-08,1.2292652229461964e-08,6.212169267882928e-08,2.0332835415359796e-09,1.3533507647878196e-09,9.210337381659883e-09,1.0662299931851749e-09,3.0287587993171883e-09,1.6494505761244227e-09,1.8468991669351453e-08,8.730906841947217e-08,3.34938654589223e-08,1.2287595829718612e-08,8.60520710244117e-10,2.4875330950635544e-07,5.353637533289657e-10,8.264975122074247e-07,1.0448077958358226e-08,1.8143491331557016e-07,1.296766471980959e-09,4.380212885735091e-06,3.540300141935404e-08,3.299157356195792e-07,1.1073728600763388e-09,3.267640880100231e-10,2.918342900670723e-09,4.413353238419404e-08,3.651248192682033e-10,3.7938883679089486e-07,7.048607244541927e-07,2.975709094243939e-06,2.9073055429762462e-06,2.9410556212638994e-09,1.1467049532143392e-08,6.971247756837329e-08,2.204649689474536e-07,2.175480204869018e-07,5.374821143711017e-10,5.330476824383368e-07,8.767160331046853e-09,2.703355050925893e-07,5.634529429698887e-07,1.8255548184242798e-09,4.407985976229156e-09,5.5569273627043e-09,1.2458329479159147e-07,3.4348296429342895e-10,5.545832593156774e-08,6.905834197823424e-07,3.1759114790474996e-05,4.7667074731805315e-09,1.058981382584534e-07,1.791919324034552e-08,1.5140681597358707e-08
true_20,1.356912626704343e-08,5.008242709436672e-08,5.653578227793332e-08,5.377706315812247e-07,2.0263446458557155e-06,3.997177554992959e-05,1.738456376187969e-06,3.736552685040806e-07,4.927031227452972e-07,8.069328316651081e-08,8.392215988806129e-08,2.747827032578698e-08,1.1124139831508728e-08,1.140504309660173e-06,3.3524378295624047e-07,1.8651226696420053e-07,1.7313742262103915e-07,1.719958078183481e-07,4.366811801048698e-09,1.3292546441334707e-07,0.9997394680976868,1.1478047845514538e-08,8.153359090101731e-07,3.2703263741495903e-07,5.16655873639138e-08,1.8038501536921103e-07,2.946471113318694e-06,1.5609448666964454e-07,1.4987742158467654e-09,5.442827273327566e-07,6.64853629928075e-08,1.3237944074262487e-07,1.8458383266306555e-08,9.093204425880685e-06,1.8179022163167247e-06,1.7010820840823726e-07,6.582892808637553e-08,8.277032037540266e-08,2.1213114109741582e-07,9.877879847408622e-08,5.069124231482647e-09,8.248323268844615e-08,1.2039379726047628e-05,7.202172014331154e-07,1.1244731012993725e-07,4.9294392567844625e-08,5.724642093696275e-09,1.5304410183603068e-08,1.5311209722312924e-07,4.217786795379652e-07,1.8804803403327242e-07,1.9363639580660674e-07,2.1819761997221576e-08,1.8980331617513002e-07,6.025902621331625e-07,3.543286553053804e-08,4.1326857491696956e-09,9.536186951208947e-08,2.303955170646077e-06,3.221535749275972e-08,4.981401389159146e-07,5.147887350176461e-06,1.0773781013995176e-06,2.31504984071762e-07,5.6791704672320975e-09,7.203306267911103e-06,2.88721118124613e-08,5.082947041046282e-07,6.131213012849912e-05,1.1915517461602576e-05,1.5796127627254464e-05,2.8030643761667307e-07,6.388443694049784e-07,3.1585568649461493e-06,1.6532143263248145e-06,6.817389248681138e-07,1.3837424717166869e-07,2.8521628792077536e-07,7.883050301416006e-08,3.552802496642471e-08,5.094675543659832e-07,1.7413518662579008e-06,2.5128693437181937e-07,9.009947461890988e-06,1.8991455874584062e-07,1.2978069889868493e-06,3.487353126274684e-07,2.0985885385016445e-07,9.724427400215063e-06,1.8167459359119675e-07,2.9037259992037434e-06,3.629700540130898e-09,5.495520554177347e-07,7.377046529200015e-08,2.342590761372776e-07,2.0394948307966843e-07,4.038883707835339e-05,5.0402974238750176e-08,1.9412728136103397e-07,1.0839696784614716e-07
true_21,1.4122683467121533e-07,2.466466071382456e-07,2.4660114377184073e-06,6.605549174309999e-08,8.518176386473897e-09,4.249794187671796e-07,4.782332894137653e-07,1.6337773445229686e-07,5.3861651139186506e-08,3.5525467865227256e-06,1.1353277841408271e-05,2.5685396849439712e-06,5.788855261812387e-08,4.831502309343705e-08,4.109274343022662e-08,3.452157955052826e-07,5.028849955124315e-06,4.5386717829387635e-05,3.663646097606943e-08,3.527042480300224e-08,8.023883779628704e-09,0.9998350143432617,4.699123223872448e-07,3.8581271155635477e-07,1.5113199580696346e-08,8.245152827157654e-08,1.8072933016810566e-06,2.142466684063038e-07,7.193073656708293e-07,1.436315812952671e-07,4.412628129557561e-08,4.672006639339088e-07,3.695883421528379e-08,9.199526118663925e-08,4.220069627081102e-08,4.096623797522625e-06,8.168674980879587e-08,2.3312013581744395e-06,7.084327791062606e-08,6.484614232249442e-07,2.0415459403011482e-06,9.400961289429688e-07,2.2043313663289155e-07,2.1904245386394905e-06,9.559769154066089e-08,7.56122133793724e-08,1.422593811639672e-07,2.2017989977030084e-05,4.549854537572173e-08,2.5787343815864006e-08,1.0485715392860584e-05,3.847580103411019e-07,6.0669449908346e-08,2.511474690436444e-07,3.544272431099671e-07,1.2946974266014877e-06,1.981883741564161e-07,1.6840355954172992e-07,1.3803221676766952e-08,5.335657533578342e-06,2.2183250791840692e-08,1.574595785314159e-06,3.27100551089643e-08,2.7123613577373362e-08,5.283700375002809e-07,6.063247610654798e-07,1.864481546931529e-08,9.500942255158407e-09,4.0420350400083294e-10,4.108452230866533e-06,1.5593526825341542e-07,8.552636927561252e-07,2.279182353959186e-07,5.106792144715655e-08,3.457882655766298e-07,3.585476520129305e-07,2.6865299318501457e-08,6.591070356165574e-09,1.597242999196169e-06,3.7026516110927332e-06,5.47401782569068e-07,4.0806872902976465e-07,1.8683205382785673e-07,3.4293552175768127e-07,4.2821528722924995e-07,1.5724641571068787e-06,7.786973583279178e-06,7.361752096812779e-08,1.8991825072589563e-06,3.1800212241250847e-07,8.14014015304565e-07,1.3886231045034947e-06,1.8259061107528396e-06,1.671122191737595e-07,5.516214400813624e-07,1.4501884493256512e-07,8.35671301047114e-08,8.359655225831375e-07,4.639250050786359e-07,2.392088731539843e-07
true_22,2.1690289031539578e-07,4.864367042500817e-08,9.636572713134228e-07,7.429046888773883e-08,2.922987550846301e-05,3.4574250662444683e-07,1.58275156536547e-07,1.1837438250950072e-05,4.2398212940497615e-08,1.9966390141235024e-07,3.9119873918025405e-07,3.9020119402266573e-07,2.3623321965260402e-07,6.195870128067327e-07,4.306697576339502e-07,5.156101906322874e-06,5.3814090961168404e-08,7.996770250429108e-07,9.25944641494425e-06,6.621543207074865e-07,1.4422256526813726e-06,4.1353982282998913e-07,0.49473080039024353,0.5048802495002747,4.167532807741736e-08,3.0417920697800582e-06,1.4778950685467862e-07,1.7230486264452338e-05,5.480477739183698e-06,6.756326001777779e-06,1.240734803786836e-08,1.4307290996384836e-07,6.493142734598223e-08,8.953171715120334e-08,2.7137779397889972e-05,2.054846817145517e-07,2.2820305645154804e-08,2.2776207231345325e-07,4.197817915496671e-08,7.544977620455029e-08,2.4380931790801696e-05,2.151380613213405e-06,1.5551810065517202e-05,1.6444170114482404e-07,4.4365660301082244e-07,1.3165112022761605e-07,3.0860229571771924e-07,1.7013424439937808e-05,9.151871154244873e-07,8.801578587736003e-06,8.679929806021391e-07,1.3727552072850813e-07,3.768227543332614e-07,9.296703865402378e-06,2.1689456275453267e-07,1.068432811734965e-05,4.6265690798463766e-06,2.2116361719781708e-07,2.2150038603285793e-06,1.0430908048419951e-07,7.917049629213579e-07,5.167818244444788e-07,3.9315847288889927e-07,3.7302021382856765e-07,1.1779982145299073e-07,1.258160637007677e-06,6.105511829446186e-07,4.1815559370661504e-07,1.0720786747242528e-07,4.321481355873402e-06,7.587005939058145e-07,2.678496457519941e-06,1.912574361995212e-06,2.401985511824023e-06,4.8796685803154105e-08,3.6631067814596463e-06,7.175083993615772e-08,1.987326747610041e-08,2.6267734938301146e-06,6.042065479050507e-07,5.21991569257807e-06,1.3406057064457855e-07,5.219251306698425e-07,4.866564040639787e-08,2.6172708658123156e-06,8.985779942349836e-08,3.648846904980019e-05,2.0097827473364305e-06,6.645566372753819e-07,1.6974929906155012e-07,4.642361517426252e-08,5.783876986242831e-06,2.479668523847067e-07,5.160600267117843e-07,2.2902790988155175e-06,3.2605198612145614e-06,1.0291365697412402e-06,1.2159242501752487e-08,1.0696407116483897e-05,7.118521170923486e-05
true_23,2.390549980191281e-07,3.978503926305166e-08,1.1089916824857937e-06,8.275880247765599e-08,1.963413888006471e-05,3.2498525115443044e-07,1.7019888787217496e-07,1.1152650586154778e-05,4.126585650965353e-08,1.539073792855561e-07,4.234174468820129e-07,5.196762913328712e-07,1.9957417407567846e-07,6.02787281422934e-07,4.215322348954942e-07,3.533679318934446e-06,4.925117380594202e-08,7.366356840066146e-07,8.759411684877705e-06,6.156510607979726e-07,1.3361429864744423e-06,5.014549628867826e-07,0.5017632246017456,0.4978850483894348,4.657502472582564e-08,2.4578866941737942e-06,1.3194598125210177e-07,1.1258742233621888e-05,3.531602033035597e-06,7.667980753467418e-06,1.303341967684446e-08,1.5434520150847675e-07,6.643972483288962e-08,8.561423925357303e-08,2.6929221348837018e-05,2.2056801185499353e-07,1.9547119478602326e-08,2.470150093358825e-07,4.680184773064866e-08,7.554506709084308e-08,2.1799947717227042e-05,2.6076963877130765e-06,1.3621230209537316e-05,1.83080857141249e-07,4.338110670687456e-07,1.2968361318144161e-07,3.059656705772795e-07,1.6754200260038488e-05,7.595037914143177e-07,7.578129498142516e-06,7.912937576293189e-07,1.6956057891093224e-07,3.6491979926722706e-07,6.512395884783473e-06,1.879638062973754e-07,9.253574717149604e-06,3.6961132536816876e-06,2.2514277020491136e-07,1.598325980012305e-06,1.1453952453166494e-07,8.612295232524048e-07,6.354964625643333e-07,4.046420940539974e-07,3.0829932029519114e-07,1.2457570619517355e-07,1.2011216767859878e-06,5.136815843798104e-07,4.001734339453833e-07,9.048644500353475e-08,5.094173047837103e-06,7.84843336987251e-07,3.0464825613307767e-06,1.8121265838999534e-06,2.627951516842586e-06,5.509953027171832e-08,3.3952987905649934e-06,6.68529764880077e-08,2.2946091249309575e-08,2.625616389195784e-06,6.205960971783497e-07,5.079089078208199e-06,1.3927021313975274e-07,4.966215669810481e-07,4.9446782668383094e-08,2.5701035610836698e-06,8.474167145777756e-08,3.3192809496540576e-05,1.962935812116484e-06,6.461510224653466e-07,1.6012077708182915e-07,4.4033775736807e-08,5.120960395288421e-06,2.6845265210795333e-07,6.428878123188042e-07,2.2156061731948284e-06,2.6698046440287726e-06,1.0825098115674336e-06,1.2595997134212666e-08,1.0665417903510388e-05,6.924867921043187e-05
true_24,4.952695462634438e-07,2.8199468715683906e-07,1.2096723622789796e-09,9.099694580072537e-07,1.0193564048410764e-10,1.3163036882701817e-08,1.0764610536284636e-08,5.714967388215086e-10,1.477553178119706e-05,1.0644457404396235e-07,6.911562877576216e-08,1.56904196302321e-08,3.815175091403944e-07,1.2636592883197295e-09,4.81799418139417e-07,3.302699669305298e-09,3.4793234959806796e-09,3.450881891353674e-08,8.70522569584864e-07,1.3112843362250715e-06,3.1494676311361047e-10,5.144010106761243e-09,3.441176232854559e-09,2.9120850175701207e-09,0.9999244809150696,1.726566667414886e-09,2.3309686625339054e-08,1.5344976134201715e-07,9.881317453164229e-08,5.87090767112386e-07,1.136660671363643e-06,7.836398481231299e-07,2.507317276467802e-06,1.7855143141787266e-07,3.472513654401155e-08,1.5056980107175377e-09,3.691916816705998e-08,4.6331620069395285e-06,1.460789690099773e-06,5.4203631805194163e-08,5.261877045192875e-10,3.2817254691508424e-08,1.7489958092919977e-10,2.5638808853756245e-09,8.416573393787985e-08,6.410721198335523e-07,8.89517195901135e-07,5.75684333536941e-10,1.4145177473778858e-08,3.159651029704946e-08,2.0181070148339586e-09,2.2688030298922968e-07,2.4850361768358198e-08,1.3709159363273216e-09,1.58684283491084e-08,1.720418252304512e-09,2.7218954201657652e-08,2.1140958494925144e-07,8.096563419712766e-09,1.2624216116918774e-09,1.8058644855045713e-06,1.48969026003698e-09,4.7722723550691626e-09,2.517358055342811e-08,8.634671644358605e-08,2.422491374165503e-10,2.5661709202040583e-08,6.113260724305292e-07,5.7782465034961206e-08,4.5549120031296297e-10,2.7603513785834366e-07,4.559789351654686e-11,8.51416892544421e-09,7.822524850098489e-10,1.6067493561422452e-05,1.3902483608774219e-08,1.701758236549722e-07,1.0081357686431147e-05,9.176068971328277e-08,6.065353996831391e-09,9.24694745663146e-07,2.7985440631539404e-09,1.420005624197529e-08,3.579168605938321e-08,1.3767294149147347e-07,1.1821670398148854e-07,3.4453484509811005e-09,4.4570803936494485e-08,3.3783020825239873e-09,1.0108676633535651e-06,7.816851166353445e-08,3.886728272561868e-09,1.1219560835940001e-09,5.997068175389586e-09,1.3825129485667276e-07,1.754625174044122e-07,4.582528561059007e-07,9.288215551350731e-06,7.2317858368364796e-09,4.48803980646062e-08
true_25,2.466310489168677e-09,7.377269639619044e-08,1.4458062196354149e-06,7.09616188032669e-08,1.00255840607133e-06,4.2117104470662525e-08,6.366287941261817e-09,2.2817348508397117e-06,4.7267491254388005e-08,7.32824503302254e-07,1.402294742547383e-06,1.0321399713575374e-05,2.1493666846339465e-09,9.672608030086849e-06,3.1960926349938745e-08,3.4018475503216905e-07,2.317693486020289e-07,2.8203891133671277e-07,8.115450533807689e-09,5.050517337679139e-09,4.010728460457358e-08,4.8927187634717484e-08,2.470663048370625e-06,1.3796450275549432e-06,9.88031434445702e-09,0.9998856782913208,3.410812610127323e-07,1.1400487665014225e-06,2.2583267877962498e-07,2.34343620064692e-08,2.4457543190692377e-07,4.635275274722517e-07,1.09161113925893e-07,3.660009539885323e-08,5.7148783483285115e-09,6.946106623217929e-08,6.577306699284691e-09,5.1374842158224965e-09,2.442213986597608e-09,5.311716222422547e-08,1.5582122259161224e-08,9.894838726154376e-09,8.035274845497042e-07,3.746109555891053e-08,8.470537977700587e-07,6.248824568899636e-09,1.9107644355642606e-09,1.1002721578279306e-07,1.8800367342919344e-06,1.002833141683368e-05,5.019468062528176e-06,6.212827230456242e-08,1.272243252969929e-06,4.765639403103705e-07,5.40975520380016e-07,2.2695699541941394e-08,1.2025250839542423e-07,9.062515573532437e-07,1.4034005289431661e-05,1.4622249189244485e-08,1.7684181230492868e-08,2.371094076636382e-08,4.777481308337883e-07,7.2887560236267745e-06,9.372307658850332e-07,4.6170595169314765e-07,3.2285885254168534e-07,7.937543955449655e-07,2.6879320103034843e-06,1.4289977912085305e-07,9.237957101504435e-07,5.195356607146095e-07,3.5238172131357715e-06,6.620711019422743e-07,2.124814102444361e-09,7.721488373135799e-07,8.523863925802289e-08,4.204251524697611e-08,1.4321206435852218e-05,1.189390346212349e-07,1.0365107527832151e-07,3.4007763360932586e-07,2.488181394255662e-07,5.618493332804064e-07,9.143666801492145e-08,1.821753130570869e-07,2.927972673205659e-06,5.273703322927759e-07,2.0644172309403075e-06,1.336885731006987e-07,1.4566100503543566e-07,4.845383472229514e-08,1.1449416348341401e-07,2.4271125198538357e-07,3.749179811052272e-08,2.821893474447279e-07,1.4616225030295027e-07,9.902383908411139e-07,4.180451096402749e-09,2.4403608023249035e-08
true_26,1.341395439169446e-08,2.3196366782940459e-07,7.570696070047234e-09,6.930109464065026e-08,1.8259280309962378e-08,2.3735554350423627e-05,5.465298045237432e-07,4.525740671112999e-09,2.8570761401169875e-07,2.9159468795114662e-06,3.7226353555297464e-08,2.9642876597790746e-07,5.2078572565505965e-09,9.297326641899417e-07,2.1551402085151494e-07,9.741401072460576e-07,4.353373242338421e-06,1.8895123503170907e-05,2.035310808778945e-09,9.712926019034285e-10,1.7726245005178498e-07,8.059293463702488e-07,6.697742804817608e-08,7.003983881759268e-08,1.31033797146074e-08,1.000901193037862e-07,0.9998566508293152,6.941876762311949e-08,1.643271296813964e-08,1.1309334801978821e-08,2.983072704410006e-07,7.4445729580929765e-09,9.772894316029124e-08,6.33231707070081e-07,8.715193899888618e-09,2.804042864568146e-08,1.3626682004996837e-07,9.267792222544813e-08,3.556652306002661e-09,1.276659276072678e-07,5.117788077768637e-07,1.7037981692169524e-08,2.312813012395054e-05,1.9837254967569606e-06,1.2865183407484437e-07,1.9127044836864115e-08,7.880527341797006e-09,1.658261261638927e-08,6.093892352510011e-06,3.4795630199369043e-07,2.115292318194406e-06,6.030100507814495e-08,2.1423514340312977e-07,3.8024680293347046e-08,2.7394844437367283e-06,2.8611481184270815e-08,1.8825671688205148e-08,3.0697799502377165e-06,4.127025121647421e-08,1.1792234545282554e-05,4.6436401390792525e-08,2.256517035448269e-07,2.1141313766293024e-07,2.073705474003873e-07,1.5627533045403652e-08,3.835171469290799e-07,5.8477311881688365e-09,2.8329131041004985e-08,2.7685141290589854e-08,5.799192237532225e-08,1.9824607733198718e-08,2.21684226531238e-09,4.04734157299913e-09,4.189163007595198e-07,9.08999822968326e-07,2.9828057801495333e-09,1.570280403484503e-07,1.2209310007449403e-08,3.4634744849881827e-08,1.2447211702237837e-05,3.0331791549542686e-06,8.769652559692531e-09,2.0161433411658436e-08,7.472131073882338e-07,4.248972373943616e-08,5.683948529622285e-06,5.1907981912791e-08,3.699247130839467e-09,2.3225261429615784e-06,7.495167153592774e-09,3.979801476816647e-06,3.180183938411574e-08,8.231235142375226e-07,2.915054864160993e-10,2.6979330769449916e-08,6.520738082826938e-08,1.7658303477219306e-06,4.631037882063538e-07,3.674280151244602e-07,8.558050268447914e-09
true_27,2.3227144083648454e-06,8.296693704323843e-05,5.843616008860408e-07,3.1818859724808135e-07,4.569158988942945e-07,8.579248600426581e-08,2.0381678567105155e-08,1.4442694862282224e-07,2.4610867512819823e-06,2.3625842004548758e-05,3.8796611079305876e-07,1.906422824049514e-07,0.0007353487308137119,1.3216732952514576e-07,6.762463726772694e-07,2.4177401428460144e-05,2.1810371890751412e-06,1.772824134604889e-06,0.01995440199971199,9.620851415093057e-06,2.826401512834309e-08,6.422268370442907e-07,0.0001662142458371818,5.5894273828016594e-05,1.0819936733241775e-06,7.130903441066039e-07,1.795728223896731e-07,0.911949634552002,0.06533120572566986,9.317333933722693e-06,1.5655908782719052e-06,1.7243473848793656e-07,2.4421427951892838e-05,3.1417286550095014e-07,7.638675015186891e-06,1.1152015133575333e-07,1.9784934011113364e-06,1.944992800417822e-05,1.91597749221728e-07,2.9570574042736553e-06,4.7798581363167614e-05,0.0001266274048248306,8.708148868663557e-08,1.6881156739145808e-07,1.3432572814053856e-05,1.6493333532707766e-05,9.887981286738068e-05,6.6303059611527715e-06,9.001157195598353e-06,4.39288351117284e-06,3.0309167868836084e-06,3.335864676046185e-06,4.43851877207635e-06,4.113550858164672e-06,1.165903995570261e-05,7.878997166699264e-06,0.0002328522241441533,1.662879549257923e-05,3.502642357489094e-06,2.3816639327378653e-07,1.1737746717699338e-05,3.1363899211100943e-07,1.916011704850007e-08,7.250479825415823e-07,5.287114390739589e-07,2.973655099935968e-08,7.691284736210946e-06,1.307261783267677e-07,8.734093626117101e-08,1.1643557940033133e-07,2.4597550662974754e-08,2.1015598150597725e-08,9.716475233290112e-07,6.557148601871177e-09,2.9592920327559114e-06,1.9921400962630287e-05,2.343424512218917e-06,3.95059851143742e-06,1.8985372207680484e-06,5.22522532264702e-06,5.3918811317998916e-05,1.4482202104204589e-08,2.1625523913826328e-06,5.051843832148961e-09,0.0003469779039733112,1.2462633094401099e-06,1.031691908792709e-06,9.174320325655572e-07,1.1649329678675713e-07,3.837026270048227e-06,1.990028550835632e-07,0.00010428719542687759,1.949524630617816e-08,6.968542631824448e-09,0.00019271775090601295,4.87958786834497e-05,2.603560460556764e-07,2.486650373612065e-06,5.424574737844523e-06,0.00015013238589745015
true_28,1.0970039511448704e-05,3.433311212575063e-05,9.742901966092177e-06,2.0880795545963338e-06,4.0825983887771145e-05,1.1821256293842453e-06,8.829550779410056e-07,2.7541613235371187e-05,4.083786734554451e-06,4.9653033784125e-05,3.3360181532771094e-06,1.0737405773397768e-06,0.0007090787403285503,3.2496486710442696e-06,8.92911259597895e-07,3.120712790405378e-05,4.705580977315549e-06,5.618072009383468e-06,0.020441219210624695,4.6924713387852535e-05,2.848292069757008e-06,4.78196079711779e-06,0.006801019422709942,0.002770409919321537,4.311395969125442e-06,3.744644800462993e-06,9.46539501001098e-07,0.006950834300369024,0.9248465299606323,7.592709152959287e-05,2.363120302106836e-06,5.257514885670389e-07,1.7724956705933437e-05,2.400352741460665e-06,0.0011607545893639326,3.6007149901706725e-06,1.1809031093434896e-05,2.658178891579155e-05,5.149424850969808e-07,7.088621259754291e-06,9.411699284100905e-05,0.00021225360978860408,7.052490786918497e-07,4.1293933463748544e-06,2.8485266739153303e-05,7.207734597614035e-05,0.00016153676551766694,2.6675130357034504e-05,1.2535344467323739e-05,3.5032608138863e-05,1.4780265701119788e-05,2.3326547307078727e-05,2.121750367223285e-05,0.00022761034779250622,2.673497328942176e-05,1.618831265659537e-05,0.00016697144019417465,3.618849586928263e-05,3.796540840994567e-05,3.823385668511037e-06,7.300892320927233e-05,1.8616574379848316e-05,7.80359300733835e-07,3.283962314526434e-06,5.020718162995763e-06,1.8058823343380936e-06,8.124615123961121e-05,2.662879069248447e-06,4.923858227812161e-07,1.0630150427459739e-05,4.74149601359386e-07,1.8078674202115508e-06,5.518279976968188e-06,3.8117690337458043e-07,3.590030246414244e-06,0.003380242735147476,1.0159037628909573e-05,1.4408629795070738e-05,2.479371687513776e-05,1.6705515008652583e-05,8.103728760033846e-05,6.713563038829307e-07,1.4808499145146925e-05,1.5358476446181157e-07,0.002139235381036997,4.227916633681161e-06,3.6081517464481294e-05,5.4074749641586095e-05,5.529116606339812e-06,3.3607222576392815e-05,4.874441401625518e-07,0.0023698308505117893,2.769510842881573e-07,3.442274305598403e-07,0.0014030130114406347,0.0001421035558450967,8.680743121658452e-06,4.944450665789191e-06,3.246657070121728e-05,0.02466711960732937
true_29,2.6900703232968226e-05,6.762112207070459e-06,1.3699816008738708e-05,9.622367360861972e-05,2.246798203486833e-06,5.43914711670368e-06,2.1594583813566715e-05,4.118002379982499e-06,3.23064268741291e-05,2.6480952328711282e-06,1.452809101465391e-05,3.247544736950658e-05,0.00013248338655102998,7.76234628574457e-06,0.00012926543422508985,3.0865660392009886e-06,1.0634910722728819e-05,2.277862904520589e-06,0.0001403942733304575,3.1966967071639374e-05,3.665966460175696e-06,7.191129498096416e-06,4.6618453779956326e-05,3.967175507568754e-05,0.0002896806108765304,7.935003054626577e-07,2.9499028642021585e-06,1.882279320852831e-06,8.15206476545427e-06,0.9322572946548462,1.1942233868467156e-05,1.2668851923081093e-05,2.072618190140929e-05,0.00012730331218335778,0.00015054683899506927,2.3826913093216717e-05,5.039968527853489e-06,2.1744857804151252e-05,4.27352060796693e-05,3.6549186006595846e-06,3.5884227145288605e-06,2.5152472517220303e-05,2.028178869295516e-06,3.154957084916532e-05,9.337994924862869e-06,6.026068513165228e-05,7.923053999547847e-06,2.1430025753943482e-06,8.915396392694674e-06,1.0377475518907886e-06,1.0209308811681694e-06,0.0025286145973950624,2.685416120584705e-06,1.9845340375468368e-06,1.9381825495656813e-06,3.491459210636094e-05,3.8329260860336944e-05,0.00010371931421104819,5.2749488332892724e-08,7.288885626621777e-06,0.058756954967975616,2.0060871975147165e-05,6.77297794027254e-06,2.7241005227551796e-05,0.00010497395123820752,1.449059618607862e-05,1.8261811192132882e-06,1.7740601379045984e-06,1.9598815015342552e-06,4.6197300207495573e-07,1.843441896198783e-05,4.65313860331662e-05,2.1713890419050585e-06,2.1665535314241424e-05,4.6998204197734594e-05,7.881657211328275e-07,6.498824859590968e-06,1.5551502656308003e-05,3.217370976926759e-05,2.226111428171862e-05,0.003612972330302,2.808426643241546e-06,4.613511464413023e-06,1.0144469342776574e-05,2.533271981519647e-05,2.8410207960405387e-05,3.7493814488698263e-06,4.215084175029915e-07,2.0517577468126547e-06,6.5620793066045735e-06,7.13048223133228e-07,9.976408819056815e-07,8.531577805115376e-06,8.456553041469306e-05,3.283550904598087e-05,0.00014334081788547337,0.00017711946566123515,5.086822966404725e-06,2.679454701137729e-05,5.894573405385017e-06
true_30,2.6183410227531567e-05,1.6323827367159538e-05,3.6449723239684317e-09,2.1594405552605167e-06,3.355363764612207e-10,9.712207038603538e-09,9.428502423247664e-09,1.9152690544643747e-09,9.006552090795594e-07,1.7921387325259275e-06,2.2493797935396742e-09,1.491487893190424e-07,5.0213799340781406e-08,3.2296909591167378e-09,1.974958195205545e-06,6.678094450762728e-07,3.065803610979856e-08,9.77113767675064e-09,6.318302325780678e-08,7.626895559553759e-09,1.132170607265337e-10,1.9254435823512495e-09,1.0121894433723355e-09,4.5706141649226595e-10,5.262196509647765e-07,2.1748501666252196e-08,7.630294618365951e-08,3.724093744494894e-08,4.0506879628310344e-08,1.0270436945347683e-07,0.9993488192558289,4.331460274897836e-07,0.00043835066026076674,2.5934522085435674e-08,5.7003504139174765e-09,2.2327313609071808e-10,3.0870120326653705e-07,2.2063485971557384e-07,1.3013757893531874e-07,1.4210745291620697e-07,1.0342929179785187e-08,2.342966638479993e-07,3.299298612091661e-09,4.2266196098594833e-10,2.9304901545401663e-06,1.2611504871529178e-06,1.258141821836034e-07,3.891478250750424e-09,8.421775277156485e-09,6.621846182497393e-08,1.0898775215650858e-08,4.419397896526789e-07,0.00011342993093421683,6.771198002297751e-08,1.927787529609759e-08,1.79033854408317e-08,8.784053306953865e-08,3.686125538138185e-08,2.5011853921341753e-08,8.083405056424908e-09,9.125025712819479e-07,1.15735043770826e-09,1.016965853750662e-07,2.4985666868815315e-08,3.23137001601026e-08,2.327812165248133e-09,6.60760779425118e-09,6.676489761048288e-07,2.024165723923943e-08,2.183474290262666e-09,1.0440153630497662e-07,6.995434786993826e-11,1.4791576177231036e-06,2.721768588287432e-08,1.0169179631702718e-07,1.877510147352268e-09,4.249807172840292e-09,6.946944495211937e-07,3.7620836224050436e-08,2.6512252393473545e-09,6.093847559895949e-07,8.104895421467972e-09,8.538497908716636e-09,2.9236403520371823e-08,1.1670066690783187e-08,2.2542128590430366e-06,5.404886538329379e-10,4.837907852106582e-09,3.484858179803041e-09,3.423601810936816e-06,1.3611604572361102e-06,2.4600755210713032e-08,9.837142300739288e-08,4.909789463880543e-09,5.139629610795282e-09,7.694408736824698e-07,3.671515713676854e-08,2.8630438464460894e-05,5.46028964265588e-08,1.4013525895251178e-09
true_31,9.543956736024484e-09,4.323006663753404e-08,7.222148212804314e-08,1.5814785570000822e-07,1.8423188530292123e-09,3.454848140904687e-08,1.1601637428526601e-09,4.554623789232437e-09,1.7239358385268133e-07,2.2817960854126795e-08,6.550886411105239e-08,3.7897302718192805e-06,1.3924650765773094e-08,6.048450984508236e-08,9.98297764454037e-07,8.013194019440562e-07,1.333369823441899e-07,4.864590952280423e-09,9.86363968280557e-09,2.802715926009114e-07,1.152712370000586e-09,7.823846459587003e-08,2.411353783315917e-08,8.158415276682263e-09,7.504298764615669e-07,9.80536015049438e-07,4.876073766979516e-09,6.173038258339147e-08,2.289765355101281e-08,8.14005431948317e-08,2.7539058464753907e-06,0.9999496340751648,2.2089291178417625e-06,5.2550745976986946e-09,6.442474109746854e-09,6.294310139765003e-08,3.87043883165461e-06,5.725474849782586e-08,2.239986969243546e-07,8.243730007961858e-06,6.846818791927944e-07,1.4087689237385348e-08,2.204558979812532e-09,7.600748364033905e-10,5.500920678969123e-07,5.806294467447515e-08,4.625147376202676e-09,7.918401934148278e-08,3.887882460418268e-09,6.146921638361391e-09,1.3277644539400058e-09,1.1861295661219629e-06,1.526036328414193e-07,1.4709662821132952e-08,2.9493398834290474e-09,8.65311022835158e-09,5.744042752553469e-08,3.538188053653357e-08,1.8266662848986925e-08,4.1353646906827635e-07,3.772850902805658e-07,1.0850589760025287e-08,3.6497403925750405e-06,2.10202362183054e-08,4.072976480529178e-07,2.0857739979618373e-09,9.316502769252111e-07,5.958188609156423e-08,1.6808385794320202e-08,9.388065436155557e-09,8.264618145403801e-08,6.160643124530907e-07,4.36765958511387e-07,7.723882049504027e-07,3.726297848061222e-08,3.163773953929194e-08,5.92411240063484e-08,7.372632353508379e-07,1.0210811751676374e-07,1.7488790415853828e-09,1.576366770450477e-07,3.863290203298675e-07,5.677124903513686e-08,2.1569576347246766e-08,2.1113610415568473e-08,1.8397641188272473e-09,2.4059152892164093e-08,7.90237209002953e-08,4.314271162542127e-09,1.0458725441253591e-08,1.4272009352112036e-08,2.403200483058754e-07,1.9227400116506033e-06,2.6573465561341436e-07,2.567617229942698e-08,4.4982499503021245e-07,9.278527102196676e-08,8.862711183610372e-06,2.9158213621371942e-09,4.441223833140384e-09
true_32,4.3236096303189697e-07,3.2328876841347665e-05,2.474927152107398e-09,2.6574392464340235e-08,2.5945985360209534e-09,1.7774895999522755e-09,1.6852268913680746e-08,1.2406612404092243e-09,8.871395948517602e-06,7.995706255314872e-06,1.8592496076053067e-07,5.783907752743289e-08,1.1430243830545805e-05,5.0003365892337115e-09,1.5490310261156992e-06,1.983421043405542e-06,9.604147699349141e-09,4.362765793075596e-08,7.566620752186282e-08,1.0124172433734202e-07,6.174439848294355e-10,6.915351402625447e-09,1.720053965925672e-08,1.3229557005445258e-08,2.4552659851906355e-06,2.770846663224802e-08,6.324431467419345e-08,1.0059657142846845e-05,2.560709901899827e-07,8.921765726199737e-08,8.309991972055286e-05,3.2546444117542705e-07,0.9994842410087585,2.279404576199795e-08,1.843102914733663e-08,5.134373814996707e-09,1.6225446586304315e-07,9.418967010788037e-07,5.62905420053994e-08,1.2538197147193841e-08,6.3358500668186934e-09,6.823730558380703e-08,1.2829948659032198e-08,2.274535448876236e-09,2.0741251773870317e-06,1.1027187163392682e-08,0.0002880073734559119,6.5098455515055775e-09,8.955843178171108e-09,1.0486699864031834e-07,1.0583523391005656e-08,3.4502343169151573e-06,8.391752999159507e-06,3.210610088899557e-08,2.07851329037112e-07,1.1214241624202259e-07,5.467442321105409e-08,1.9350450486399495e-07,2.0948716539237466e-08,9.283891877487349e-09,4.542832812148845e-06,1.5827289479020124e-09,7.200277707397618e-09,1.1752995021652168e-07,5.5523212694197355e-08,1.2710745789235034e-09,2.2078510131251505e-09,1.077504521163064e-06,2.8990623235358726e-08,2.316578928684976e-09,2.438295609863417e-07,1.9186993660547103e-10,7.029523203527788e-06,1.7021702936048655e-09,1.2925590453960467e-05,2.1288326657042944e-09,7.356847930850563e-08,1.0523248192839674e-06,1.5279570675374998e-07,1.7580133260253206e-07,3.1752435916132526e-06,7.252979883354271e-10,5.06599326399737e-06,2.179468827634423e-09,1.7383601402798377e-07,2.2496442397823557e-06,2.491830353168467e-10,1.2054547937623283e-07,5.181506779194933e-08,7.266946226991422e-07,1.8873917895234626e-07,6.73873543632908e-08,2.033489110431219e-08,1.8584698224799467e-09,1.4241571477668913e-07,1.882421429399983e-06,8.170129461859688e-08,8.704104402568191e-06,3.253038372008632e-08,7.135498947263841e-08
true_33,7.988744243903056e-08,3.1623272889191867e-07,2.798862794861634e-07,2.3554379367851652e-05,3.4426304029722132e-09,5.2303704478617874e-08,3.2462412491440773e-06,1.1107028630163995e-09,5.22928303325898e-07,1.256648829439655e-07,6.075131864236027e-07,5.4934519155835915e-09,7.500779730662543e-08,4.6132126385600714e-07,5.564780991562657e-08,4.0977918280837855e-10,2.5727151751198107e-06,2.7145963699126696e-08,4.805488451609108e-09,2.5093707112233687e-09,5.238042831479106e-06,3.0799299111095024e-08,1.4504090373179679e-08,7.51496553874631e-09,6.651233093180053e-07,1.102716229439693e-08,4.936617870043847e-07,2.8723641243288967e-09,1.7794207218813085e-09,1.2905585435873945e-06,6.911051997349205e-08,2.8252475914314346e-08,1.5193325708651173e-08,0.9998586773872375,5.778351663821013e-08,2.579944080594032e-08,7.449832306605231e-09,2.3040328755996597e-08,3.641910382157221e-07,2.9486053598759554e-09,2.0249069088151828e-09,1.4432162132038684e-08,5.047762741128281e-08,1.193792797948845e-07,1.1000159894081207e-08,2.3627794831782012e-08,1.0855099041862104e-08,5.61356572337246e-10,3.96065445329441e-07,1.5183447885647183e-06,3.7435729609569535e-06,8.423556209891103e-06,7.024076431605408e-09,1.4129597492029689e-09,7.428719072777312e-06,8.599853629220888e-08,7.321161454854064e-09,2.053291154879844e-06,3.2743447953009763e-09,6.980983613402714e-08,6.795860372221796e-07,9.43512787898726e-08,1.0167352293422027e-08,7.021790224825963e-06,3.813173918842949e-07,5.0609713753146934e-08,4.811233189627728e-09,2.8353270842274014e-09,4.4265680116950534e-06,2.9191888906154873e-09,1.8177408946939977e-06,2.4586466196296897e-08,2.466663318045903e-09,1.0532349214997794e-08,4.717548108601477e-06,7.472324148327658e-11,1.9194899003593946e-09,1.1188876491985411e-08,1.0514739869904588e-06,1.3480582765623694e-06,1.123053380069905e-06,5.591776286451022e-08,2.829765932688133e-08,3.49439642377547e-06,7.569985527311474e-09,2.678738019312732e-05,4.231587968916983e-09,4.5122403036224057e-10,4.2118372789445857e-07,7.720677785982843e-08,2.0539957859000424e-06,1.7407918440071057e-09,1.481060962760239e-06,3.226056577432246e-08,1.6017679627111647e-08,4.29548352443021e-09,1.9635735952761024e-05,1.7091659287871153e-07,8.664843065275818e-09,8.368693515947712e-10
true_34,7.048992642921803e-07,1.006685046434086e-08,7.330195472832202e-08,2.4739085802139016e-06,9.779075753613142e-07,1.5884898729723318e-08,9.087032459831335e-09,5.219634658715222e-06,1.6435361516187186e-08,5.009020043189594e-08,2.2451903447517907e-08,1.393394484239252e-07,1.5981237311279983e-06,4.4196251991479585e-08,2.481067129522785e-09,2.910723924287595e-05,3.6884205201204168e-06,2.9259007305881823e-07,1.989031079574488e-05,5.901926215301501e-06,1.378583505129427e-07,3.718400520824616e-08,5.303445504978299e-06,6.378695161401993e-06,7.722850625668798e-08,4.361508931793878e-09,7.83227633860406e-08,3.244365984755859e-07,4.955654162586143e-07,5.54237612959696e-06,7.60141674049919e-08,7.132649582075601e-09,3.7874644931434887e-07,7.63649055102178e-08,0.9990188479423523,3.452473862353145e-08,3.0137675821606535e-07,2.146482074749656e-05,1.5597514391174627e-08,9.717813043153001e-08,1.6626935916974617e-07,9.54763436311623e-07,6.105291276981006e-07,2.101200379911461e-06,5.9493338255833805e-08,4.098013164366421e-07,5.706550041395531e-07,1.9978831033995448e-08,8.140629006447853e-07,7.09159024836481e-08,3.66600616530377e-08,2.1004777295274835e-07,1.0740884448523502e-07,1.5699328059781692e-06,1.1252709697373575e-07,5.258610826786025e-07,1.1682082003972027e-06,3.1499754982178274e-07,3.316511154594082e-08,3.278289995023442e-08,1.2939100088260602e-05,6.563734018527612e-07,8.00258476374438e-06,1.8972690440932638e-07,2.459075290062174e-07,0.00014546571765094995,2.212409526691772e-07,2.4335503212569165e-07,5.796099600274829e-08,7.202439977760378e-09,1.238812519233079e-08,7.410375957306314e-08,9.840967152285884e-08,3.94421206806328e-08,6.563083410071613e-09,4.512908162723761e-06,7.457875881300424e-07,2.1212527201441844e-07,2.9125482114977785e-07,2.927440050370933e-07,8.860772027219355e-07,6.344269110059031e-08,4.560356980931601e-09,1.2144565353366943e-08,3.179377381457016e-05,2.0390184829466307e-07,6.209095317899482e-07,3.983711576438509e-05,4.534413022838635e-08,5.1279871513543185e-06,1.2273441996057954e-07,1.1695245120790787e-05,3.176910512436848e-09,3.3849949510056376e-09,5.038745439378545e-05,1.5748018995509483e-06,2.314745870535262e-05,1.247850462959832e-07,0.0005133288213983178,6.907515398779651e-06
true_35,4.233588057900306e-08,8.202875712015611e-09,7.378295094895293e-07,1.4667195102902042e-07,2.7842318672810507e-07,6.22094109559157e-09,1.3256715192255797e-06,3.0791466087976005e-06,1.5998262270500163e-08,2.45143034760531e-08,2.5440808713028673e-06,5.515354928320448e-07,6.790784823351714e-09,6.645393568760483e-08,1.861273979386624e-08,2.7913383604527553e-08,9.091025390262075e-07,1.2070654520357493e-06,2.00809191497342e-09,1.1567107094379026e-06,1.0109967973903622e-07,9.15381133381743e-06,9.93940716398356e-08,4.933770725301656e-08,6.14372686058573e-09,1.4216109889275685e-07,5.332886843234519e-08,6.0062490092605e-08,2.250650865676107e-08,8.310199746119906e-07,2.730568438025216e-09,3.7667297192456317e-07,2.5223389599204893e-08,1.2745113053824753e-07,1.6607535258117423e-07,0.9998990297317505,3.7244626582833007e-07,1.4523836355806452e-08,1.2415100059115503e-07,1.2795901227491413e-07,2.5156913352475385e-07,1.2622814793417092e-08,7.68390364669358e-08,1.1716151675500441e-05,1.323965204136357e-08,4.52274484530335e-09,2.2778786501476134e-07,3.6045696560904616e-07,1.5520609508712369e-07,1.7996255152752383e-08,3.165291957429872e-07,6.403379302355461e-07,1.0163089925185886e-08,4.506054906983081e-08,2.4567313516854483e-07,3.923704753105994e-06,6.927393769728951e-09,1.5320723889544752e-07,1.9860088573686596e-10,1.0562338275121874e-06,2.785338892863365e-07,2.143607780169532e-08,1.8844470162093785e-07,8.987514092950732e-07,1.640340269659646e-05,4.3012250898755156e-06,9.63726023428535e-08,1.238236961853545e-07,6.899413929062348e-09,3.3658377418532837e-08,4.674791664882605e-09,4.530290425464045e-06,8.121625114654307e-07,1.345151986242854e-06,1.3793955311314221e-08,7.918898745629122e-07,9.975313020049725e-08,1.0185667420614664e-08,4.2807442923731287e-07,2.980789304274367e-06,2.302073909277169e-08,2.017585529756616e-06,8.816595254756976e-06,1.7876578795039677e-06,6.516672357292919e-08,2.750144176388858e-06,8.045276445045602e-08,1.0300345820724033e-07,2.210034381278092e-06,5.252781676290397e-08,1.955116424312564e-08,6.708899746854513e-08,6.265191387910818e-08,1.682800530034001e-06,6.327427826136045e-08,4.119297955185175e-06,6.107428873747267e-08,7.761541098716407e-08,3.0633544589875328e-09,2.310580384801142e-07
true_36,8.550601648948941e-08,1.3786720387543028e-07,2.166641532852509e-09,5.4868888099690594e-08,1.6222035981172667e-07,7.649256161812445e-08,1.3623408179341823e-08,1.0979567832691828e-07,6.115271276030398e-07,1.3549559696457436e-07,7.097767928954113e-10,1.8876558982583447e-08,3.142814364309743e-07,8.362064107814149e-08,1.0943991490819371e-08,1.3123519693181152e-06,3.046348524549103e-07,2.251919184459439e-08,2.85170699498849e-07,5.322945071384311e-07,2.6338899949962524e-09,1.2162798768144967e-08,3.854542907077985e-09,8.282663443992533e-10,6.763318793900908e-08,3.039827944917306e-09,1.0604330924479655e-07,1.4494422551081243e-08,3.6041235773609515e-08,9.252956090222142e-08,9.854720701696351e-07,1.5571940821246244e-06,1.2363941550574964e-06,1.0715154097340474e-08,7.331590268222499e-08,3.024305783583259e-08,0.9998823404312134,9.76040951172763e-07,2.0413656898199406e-07,1.6753599538787967e-06,4.0244094634545036e-07,3.98866717432611e-09,9.965626546204476e-09,4.604351122594608e-09,1.1879666317327064e-07,2.2355236524163047e-06,5.61055628622853e-07,8.909236015597344e-08,7.713137684106641e-09,8.315625521504444e-09,1.4505749490467679e-08,5.4065282029114314e-08,6.655876916283887e-08,1.6177340285139508e-06,2.0153533952793623e-08,5.33538413449719e-09,3.5101908224532963e-07,1.755115697221754e-08,4.83633293413277e-08,7.124152148207941e-07,3.910900545633922e-07,8.849379895536913e-08,7.655189619981684e-06,2.955455897790671e-07,4.464587632924122e-08,7.917016375813546e-08,3.060804374399595e-05,1.279378523122432e-07,9.004228473941112e-08,6.813052344512016e-09,4.538913245255571e-09,6.5746297295277145e-09,3.1189995031155604e-09,1.8683667235563917e-07,1.0596885147151625e-07,6.693143745906127e-07,2.6894244001596235e-05,6.770532081645797e-07,5.646223932842531e-09,1.0388892945911721e-07,1.3094203943353477e-08,2.177815076720435e-06,2.248516921099508e-06,5.233509181579166e-09,2.4260617692561937e-07,1.9315416821541476e-08,2.553580031872116e-07,4.0900289377532317e-07,2.224610184953235e-08,2.767232487599358e-08,1.0302768416181607e-08,2.3184344172477722e-05,2.103479062043334e-07,5.923132562202227e-08,1.5916438655949605e-07,1.5337170680140844e-06,5.387758239550067e-09,1.3517835668608313e-06,1.7692181941697527e-08,2.5166183803548847e-08
true_37,2.1336911970593064e-07,4.948949936078861e-06,1.9044978927240663e-08,2.62679442641911e-08,7.4493620161319996e-09,5.817471304681021e-08,1.5431982358649066e-09,1.0566438390924304e-08,1.331329485765309e-06,1.6500521837770066e-07,1.0010789530667807e-08,5.404335112757508e-08,5.980572268526885e-07,8.419364649903116e-10,2.1624666501907086e-08,1.1588829238462495e-06,7.987449635038502e-07,4.1378083892595896e-07,1.3907301763538271e-05,6.005053023727669e-07,1.4758237298906351e-08,8.779685458648601e-07,3.974134443751609e-08,4.457043800698557e-08,2.3130814952310175e-06,1.7018884079789132e-09,1.412474688322618e-07,1.5446150882780785e-06,2.19348680730036e-06,6.063921205168299e-07,2.715702862587932e-07,1.3293937684011325e-07,1.3681484460903448e-06,1.7659726125884845e-08,4.825588803214487e-06,2.0034824910197813e-09,5.407595722317637e-07,0.9999311566352844,1.4410410358323134e-06,2.912659056164557e-06,2.7168800542654026e-08,2.009658828683314e-06,2.9936018108855933e-07,8.208947122056998e-08,7.891108566582261e-08,4.7369721301038226e-07,5.276154411149037e-07,3.5683569876709953e-06,1.836555725276412e-07,5.146261194965973e-09,7.568995386009192e-08,2.546754629406678e-08,1.0959357865658603e-07,5.437038375077918e-09,1.2821246286875976e-07,5.830700189335403e-08,3.397258012682869e-07,4.277666576513184e-08,1.613199707151125e-08,1.3345936800135405e-08,2.579744887043489e-06,1.3068057747034345e-08,1.860989407020952e-08,1.2778261115897749e-08,1.6156100457465072e-08,1.9854965671584068e-07,4.4174953472975176e-08,9.274457823948978e-08,1.2007424388116306e-08,2.9742906804131053e-08,2.1457079668607548e-08,1.511480163252088e-09,5.283499859842777e-09,1.3451769698136218e-09,2.4143682821886614e-06,3.290453207682731e-07,1.8646414901013486e-06,9.52023242462019e-07,1.0475873502002742e-08,1.3685630051440967e-07,4.514437179636843e-08,2.9075282181878492e-09,2.4750437255249835e-09,2.3168413854079972e-09,1.247187014996598e-06,6.128647811465271e-08,1.2425982731656404e-07,3.897711451372743e-07,5.464095842455663e-09,1.0367588174631237e-06,6.780461490052403e-07,1.7271585761591268e-07,1.4460274755379032e-08,1.1648561226706988e-08,1.2907538575746003e-06,6.089793203045701e-08,2.7968052762616935e-08,1.8683640234939958e-07,3.1016454613563837e-06,3.8980729755166976e-08
true_38,3.4245658753206953e-07,3.826143256446812e-06,3.176656049319604e-09,2.172296262870077e-07,2.1506660341508166e-10,3.9734935342039535e-08,7.247892597206373e-08,4.158544175680845e-09,1.4433842920880124e-07,6.537243191218067e-09,6.548598552313933e-09,1.0165841501930117e-08,4.856564217448067e-08,1.681548789100873e-10,2.5819499569479376e-06,1.638603386311388e-08,5.628299959425931e-08,7.051088601883748e-09,1.3863550307746664e-09,4.258077751728706e-06,1.0396187022365666e-08,1.5568533129339812e-08,6.538022345736749e-10,8.867296896752919e-10,2.636736553540686e-06,5.134830893815945e-10,5.160942784243616e-09,9.813311052653262e-09,1.5378557094436474e-08,2.718560665471159e-07,1.2550769667996065e-07,4.5753637323286966e-07,1.2378562530557247e-07,1.9224334835143964e-07,2.379599850499403e-09,2.47622118365598e-08,1.1780728215171621e-07,7.107795454430743e-07,0.999958336353302,1.2563926929942681e-06,2.7012625469780005e-10,2.452977980738069e-07,1.1376981579047651e-09,1.953299317847268e-07,3.2741460653795684e-09,8.967665365844368e-08,4.045564310217742e-07,5.203989683622012e-09,1.7760228843144432e-08,3.386211089306812e-09,4.815645215927589e-09,1.5187086432888464e-07,4.512673845713522e-10,4.311328238859602e-10,3.0035376852310947e-08,2.1616759493525706e-09,3.951909377519769e-08,6.808949137848685e-08,2.3200550813839982e-08,1.3376654450780734e-08,2.0547409462778887e-07,6.288742415705428e-09,3.2943784589178904e-08,2.98669782239358e-08,6.094153093272325e-08,3.1771801856095294e-10,9.826950190472417e-06,1.1029154478592318e-07,4.772775810124585e-07,5.1562740743804625e-09,4.758042848607147e-09,6.354949344533622e-10,6.4718603809410524e-09,1.1315694159463874e-08,6.072374162613414e-06,3.9636747217741686e-09,8.879061965672008e-07,2.559004087743233e-06,2.183162539637351e-09,2.040600932673442e-08,3.06559506668691e-08,8.540563101178122e-08,3.720924013350668e-08,5.397467361945019e-09,2.2037019320464424e-08,5.181706086432314e-08,8.592345501767795e-09,5.695332561117539e-08,2.1532771121712813e-09,7.221446196581383e-08,1.3865324035577942e-06,9.746183859959956e-10,3.0789970573152914e-09,3.7355754045620415e-08,2.3183931219250553e-08,4.3897529167225e-07,1.909056690507782e-09,1.4081582833114226e-07,1.8648027122480926e-08,4.777468642913618e-09
true_39,7.826680636924266e-09,9.428013981960248e-06,3.5061637504441023e-07,1.2155784823164595e-08,3.635785561506566e-10,3.4302278351106e-08,7.83525688774489e-09,4.9054101225465274e-08,1.4194972663972294e-07,6.898044944136927e-07,1.5925017970985778e-09,7.257593210852065e-07,4.6059334124493034e-08,1.9720365340702983e-09,1.3889277852285886e-06,9.193377792371393e-08,1.8053691519526183e-06,4.350936322339294e-08,2.5765280042833183e-06,5.340667712516733e-07,8.652362382122192e-09,1.4659150338047766e-07,6.735421465009495e-08,4.14848280172464e-08,4.363479177982299e-08,2.370809681906394e-08,1.828226601219285e-07,1.0823264346981887e-06,4.121986307836778e-07,6.557610987556473e-08,1.6410378123055125e-07,3.458793344179867e-06,1.5883131254668115e-08,4.469089098790846e-09,2.1220134982513628e-08,1.5104523853892715e-08,5.329838586476399e-06,2.966887677757768e-06,1.8924122286989586e-06,0.9999380111694336,2.0144032077951124e-06,1.3788345540888258e-06,3.7070058134247574e-09,2.0178318038688303e-07,1.1848406700210035e-08,6.617589178858907e-07,1.225398182924664e-08,5.843151740236863e-08,7.0706418497934465e-09,1.3850967039985562e-09,3.157824890465122e-09,4.224231275884449e-08,1.2146384165134805e-07,1.1337257799226563e-09,1.4078010224238824e-07,1.404747540512119e-09,1.521658710146312e-08,3.4395517900520645e-07,1.9397002404275554e-07,8.237834663304966e-07,1.0683724127602545e-07,9.115128563053077e-08,1.73952514614939e-08,8.118311711768911e-08,2.2085984596742492e-08,5.796518820488927e-10,3.2833740988280624e-06,6.90752210985579e-09,7.155699144334449e-09,5.514512849913444e-06,4.373563733395258e-09,5.705325101246217e-09,9.785408039419963e-10,4.40490097730617e-08,5.331139618647285e-08,6.793064585508546e-06,4.521963248294014e-08,1.724714309148112e-07,8.591342748331954e-07,3.795459591060535e-08,1.9585463633120526e-06,1.8486137065565345e-08,2.561957090918554e-09,6.479079772692131e-11,1.0853550236333831e-07,7.038239768775156e-09,3.213407921975886e-07,5.949057779730538e-08,2.027720036323899e-08,5.514609213719268e-08,5.7316810853080824e-08,2.672481080878697e-08,5.844062656024107e-08,4.685039023399895e-09,1.040965003085148e-07,4.825926112062007e-07,3.039712836994113e-08,1.5786814628881984e-06,1.0789819704370984e-08,2.4448240765195806e-08
true_40,1.0047368732557516e-06,5.716573241443257e-07,3.5146817936038133e-06,4.954582095706428e-07,1.8020122638517933e-07,2.7828124871120963e-07,5.511538780922365e-09,1.1913297015553326e-07,3.446560725706149e-08,6.993720376158308e-07,1.2711341312865443e-08,3.361453195793729e-07,2.867042496745853e-07,1.1483199102713115e-07,4.362022920645359e-08,1.5531792314504855e-06,4.2793399757101724e-07,6.585533895986373e-08,7.11087923264131e-05,5.140294661032385e-07,4.250645613268489e-09,1.175483816950873e-06,2.000060339923948e-05,1.1630936569417827e-05,7.920985645171186e-09,1.8754068520365763e-08,2.2171420255290286e-07,1.0939710364255006e-06,4.618142668277869e-07,2.0036934245126758e-07,1.392860582427602e-07,5.17094576935051e-06,3.5588662683494476e-08,2.6001988118196095e-08,2.7826575887957006e-07,3.450503527346882e-07,4.457312752492726e-05,1.23574480426214e-07,1.6197608587731338e-08,1.260988756257575e-05,0.9997121691703796,2.127640527760377e-06,7.079642045937362e-07,6.429605292623819e-09,2.211124012774235e-07,2.848275244105025e-06,2.871195761144918e-07,5.785441771877231e-06,1.2537040561255708e-07,9.594749883490294e-08,7.558952574981959e-07,6.013208349031629e-07,3.1617838658348774e-07,1.0001988357544178e-06,6.295466619121726e-07,4.192924279777799e-06,9.504941772320308e-06,8.172933974037733e-08,6.872586766348832e-08,1.160852775683452e-06,9.42076923138302e-08,1.7518780737191264e-07,1.1743922812001983e-07,1.5574887868297083e-07,7.664036161258991e-08,4.058712121945973e-08,1.14757301616919e-06,1.7825007025962236e-09,2.241178576056768e-09,1.022515760951137e-07,4.782977125472598e-09,2.545193567016213e-08,5.7664584218741766e-09,2.0877818585063324e-08,4.2449336490335554e-08,1.8136731227968994e-07,1.1800891819291337e-08,1.4983541518631682e-08,3.6766650168829074e-07,7.673993422940839e-07,3.900512638210785e-06,1.229406052516424e-07,1.269386586955079e-07,2.348266914253827e-09,6.745910923200427e-07,5.104961431356969e-08,4.557354714052053e-06,1.2627656698072087e-09,7.701267890070085e-08,1.1245757747246898e-07,2.1748265055521188e-07,4.9467820645077154e-05,8.783854354987852e-06,4.2761779894817664e-08,5.36687480234832e-07,5.058675924374256e-06,4.445657353358001e-08,1.2531980075891624e-07,4.076412096765125e-07,9.928673705417168e-08
true_41,6.145425686554518e-06,2.6710938982432708e-05,2.2709737095283344e-06,1.8008992128670798e-06,5.373170779421343e-07,5.708294565920369e-07,3.4015840810752707e-08,2.6635777317096654e-07,4.337491645856062e-07,1.3712537111132406e-05,4.5424809513860964e-07,2.311205662408611e-06,4.675728996517137e-05,9.999043015795905e-08,9.141505756815604e-07,5.329456143954303e-06,1.511444111201854e-06,6.005881232340471e-07,0.010061591863632202,1.4298997484729625e-05,1.6696887428224727e-07,3.176395011905697e-06,5.497451638802886e-05,4.021187123726122e-05,6.998137678237981e-07,8.263835127308994e-08,1.9512216908879054e-07,0.008957406505942345,0.00033856331720016897,2.979495002364274e-05,1.390131501466385e-06,8.850453525610646e-08,9.571624559612246e-07,1.3886212002489629e-07,1.0746854059107136e-05,7.701525817083166e-08,1.1030891755581251e-07,1.0375048077548854e-05,1.6334008705598535e-06,5.650357252307003e-06,4.830350371776149e-05,0.9794003367424011,1.2359319612187392e-07,5.399917313297919e-07,1.8968837594002252e-06,2.8885517167509533e-05,7.715354513493367e-06,6.393518674485676e-07,5.2628138291765936e-06,1.105233195630717e-06,2.2373246792994905e-06,3.827442014880944e-06,2.557914513090509e-06,4.1289996488558245e-07,3.008038220286835e-06,1.159144517259847e-06,1.614506618352607e-05,2.710487478907453e-06,7.525984983658418e-06,9.594718619609921e-08,6.068484253773931e-06,2.9190782697696704e-06,2.2707478564143457e-08,9.04274983781761e-08,1.501369553125187e-07,6.513159434007321e-08,3.4011679872492095e-07,8.437466902933011e-08,5.064276251687261e-07,1.079379444490769e-06,7.400593915463105e-08,7.699297555063822e-08,5.227994961387594e-07,3.0097901060344157e-08,2.96288226309116e-06,6.337359081953764e-05,1.9547114504803176e-07,4.281437213649042e-06,4.524878931988496e-06,4.483604811866826e-07,9.128860256168991e-05,1.2130783488828456e-07,2.4543234644625045e-07,1.575993380242835e-08,0.00023825897369533777,1.2219550171721494e-06,3.2061695947049884e-06,2.267887140305902e-07,4.7153140059208454e-08,7.964032192830928e-06,1.5810252307346673e-06,2.1698563159588957e-06,6.539906394209538e-08,7.437529259135545e-09,0.0002634610573295504,5.4994150559650734e-05,3.2367785252063186e-07,1.9670735582622e-06,4.487549085752107e-05,2.2857329895487055e-05
true_42,1.540836080948793e-08,3.538392689961256e-08,1.4758475330722831e-08,1.1855129322668745e-08,9.920535148921772e-07,4.4879681126985815e-07,3.1040890746680816e-08,2.6575594347377773e-07,2.101354468209138e-08,1.2379482328128688e-08,2.780901287025017e-09,5.6684221760860964e-08,1.518666969957394e-09,6.229747384622897e-08,1.6295868476845499e-07,6.256769211177016e-06,6.347560201902525e-07,2.1588371623693092e-07,3.3468701587935357e-08,3.460212738559676e-08,8.686025694260024e-07,4.76857842102163e-08,2.7753112590289675e-06,2.293468696734635e-06,6.439252464573997e-10,5.477114655150217e-07,6.436701369239017e-06,1.7115961981062355e-08,8.194597778121704e-10,3.400261405772653e-08,1.2760700940361858e-08,8.980789445445225e-09,9.297917102912834e-08,5.433834004975324e-08,3.526702982981078e-07,2.175038815721564e-08,2.421347389258699e-08,9.17687970058978e-08,2.327670944879401e-09,1.3219981553902471e-08,3.316067989089788e-07,1.019399853419145e-08,0.9999396204948425,2.53006987804838e-07,6.492032245120072e-09,3.1619093454615665e-10,4.358810912208355e-08,8.517128549101471e-07,5.178544597583823e-07,5.184884912523557e-07,4.2329506868554745e-06,1.4921090141228888e-08,4.725385860382403e-09,2.3934692450211514e-08,1.0050282384099773e-07,7.514069579883653e-07,4.057798008716418e-08,1.1429815316432723e-07,9.401963652067025e-09,1.0220038859642955e-07,4.8535774510582996e-08,1.3389238162631045e-08,1.3942650411991053e-07,6.491179192380514e-06,3.247959767804787e-08,1.0062534784083255e-05,8.084485969561683e-09,2.4268425047324627e-09,1.3583385793936031e-07,8.846846810683928e-08,1.2991661435535207e-07,2.4453811420244165e-08,1.148088557556548e-07,2.118375519444271e-08,2.9704935400332033e-08,1.564388618646717e-09,5.500746524944589e-09,3.9938902185454594e-10,2.58117616169784e-08,5.898308700125199e-06,5.92427056744782e-07,1.509099867291752e-08,5.0605329704467295e-08,6.707249866622078e-09,3.458573871739645e-08,7.250199587360839e-07,1.1194011051429698e-07,1.7987680234199388e-09,2.3923114440549398e-06,2.286619782410071e-08,1.3035829624641337e-06,2.3202499921382014e-09,2.756258368208364e-07,4.96789027693012e-08,2.852971547895322e-08,1.730626735252372e-07,9.8354476563145e-08,4.072203019234166e-09,2.4681995114406163e-07,4.529511488104987e-10
true_43,3.6820967608264255e-08,6.047702072464745e-08,1.2961464790350874e-06,3.085704634031572e-07,9.007665724425351e-09,9.367575160013075e-08,1.0904183909588028e-05,1.1731786031532465e-07,2.96505975327932e-09,2.0423282620640748e-08,4.948215064359829e-07,1.2025275282212533e-06,2.988617211485689e-07,3.902591672044764e-08,1.1440823755037854e-06,4.7253628565613326e-08,4.441556939127622e-06,1.712969060463365e-05,3.9598141654551e-08,1.3628260830955696e-07,8.480399316113107e-08,1.8472613874109811e-06,1.2083330602763453e-07,1.6667067370690347e-07,9.213086293868855e-09,1.47298990782474e-08,4.648164576792624e-06,1.1322295101479085e-08,8.135425844102429e-08,8.858526598487515e-06,9.110315168925354e-09,3.4301574913797594e-09,1.0913216996755182e-08,5.588134399658884e-07,2.9886787160648964e-06,1.3292553376231808e-05,1.5774377359889513e-08,5.999134486955882e-07,1.3073605487079476e-06,1.2573600542964414e-06,9.04190766704005e-09,1.1891516749074071e-07,1.029733311952441e-06,0.9998432993888855,1.5233547756565713e-08,1.0731396571372898e-07,4.681049503574286e-08,8.299944909140322e-08,3.1427970270669903e-07,2.492499717732244e-08,4.9435197269076525e-08,1.0391122486907989e-06,3.1026345936879807e-09,7.317544348239835e-09,1.554981622575724e-06,1.479669151649432e-07,9.8623750943716e-08,2.3677964691160014e-06,2.1409702899433114e-09,4.430871740623843e-06,1.1912663921975764e-06,1.0134470358025283e-05,1.664923643396321e-09,3.760946469810733e-07,2.336284751436324e-06,1.5514557162532583e-05,1.1510299202655006e-07,5.784616119441921e-10,5.304672257011589e-10,2.734137183324492e-07,4.348082782712481e-09,3.5242749163444387e-07,3.3136113852805238e-09,1.6879336044439697e-06,5.301681760272459e-09,3.1096487163040365e-08,1.4106316825746035e-07,2.9800384382383527e-08,1.221238903781341e-06,1.6785834304755554e-05,1.0114056294696638e-06,3.3562592705038696e-09,2.003009313966686e-09,1.1886222495149923e-07,1.564123294883757e-06,5.336570211511571e-06,9.217059471211542e-08,1.2057159715084254e-08,3.8701438143107225e-07,2.2351184014723913e-08,7.049212058518606e-08,8.854138755509666e-09,8.50149017850299e-09,2.355511341534111e-08,1.6505360918017686e-06,4.8645183881035337e-08,8.969664122560062e-06,1.2227052259561333e-08,1.7011800537147792e-06,3.15967952246865e-07
true_44,3.176057816745015e-08,4.494916083785938e-08,3.5418597832403975e-08,1.5876936458880664e-06,3.839169870900605e-09,1.895847745458923e-08,2.4237339912858147e-10,1.9208439283602274e-09,9.792389391805045e-06,2.103851511492394e-05,5.28407952060661e-07,2.443709036015207e-06,5.72545445720607e-07,1.3023239375797857e-07,3.273065729558766e-08,2.0421084911959042e-07,5.7517024032449626e-08,3.1510875686535655e-08,7.58421236923823e-08,2.2329073701143898e-08,3.1193660987582916e-09,3.2899272195408003e-09,1.0613048573304695e-07,1.5104586026382094e-08,9.502726072696532e-08,1.7203629454343172e-07,5.301053462858363e-08,4.719312073575566e-06,2.010053776757559e-06,1.549304471382129e-07,4.390204594528768e-06,1.0425607399611181e-07,2.3405762021866394e-06,3.282994853748278e-08,2.8114584438299062e-08,5.507337696997183e-09,2.6351310467020994e-08,6.816097908313168e-08,2.7760700405110583e-09,6.490110227019841e-09,4.632846106744637e-09,9.80171108722061e-08,7.375427490963204e-10,9.317438376399423e-09,0.9998737573623657,1.0443001201565494e-06,4.183809210189793e-08,3.065848019900841e-09,1.9748597424040781e-07,7.12432779437222e-07,2.015914368769245e-08,8.985518462623077e-08,1.6247769963229075e-05,8.810799556613347e-08,3.381447413630667e-06,3.195175324322008e-08,1.1723295756382868e-07,6.239437198019004e-07,4.438386440597242e-07,9.964738367784776e-09,1.4440983250096906e-05,5.550158022060714e-08,1.3450627989186614e-07,4.6934225395034446e-09,1.3742162074947828e-08,2.4000383902489375e-09,6.531030716239172e-10,1.254539760964235e-08,7.678953295453539e-08,1.1829892621051386e-09,1.853310949151421e-09,7.641407506753239e-10,1.0171927300461903e-07,1.5486483206927915e-08,1.862034615385255e-08,1.5183523771611362e-07,2.2905332741629536e-07,2.077178578474559e-05,1.0987321275024442e-07,6.090701276662003e-09,3.008290605066577e-06,9.128998890162165e-09,1.093256063455783e-08,2.0718820792353654e-07,2.284168203914305e-06,1.0380824733147165e-07,4.5482964616816446e-10,7.328389983740635e-08,5.6268788739544107e-08,5.2481709644780494e-08,1.6486207243815443e-07,3.9318359768003575e-07,1.268861069547711e-07,7.29353910600139e-10,6.284406595113978e-07,2.6290328136724384e-08,5.867191816832928e-07,8.037582119868603e-06,7.846772120956302e-08,2.339283611263454e-07
true_45,1.5094976788532222e-06,3.4366661338935955e-07,4.159926803026792e-08,1.0345812370360363e-05,7.563306647639934e-10,7.456126382976436e-08,2.158277556674193e-09,8.959344377501566e-10,2.3421220518571317e-08,5.074092612744607e-08,5.207068554113903e-09,3.930222902681635e-08,0.0009833319345489144,7.135826507465026e-08,1.3362578599185326e-08,5.116888956990806e-08,1.3332794424059102e-07,4.857080426745597e-08,1.3272307342049317e-06,2.6444462619679143e-08,1.3089394013121591e-09,1.350248624021333e-08,6.2950862300681365e-09,1.5168785116870254e-09,3.0218168944884383e-07,3.0391389405082236e-10,1.7981182764970072e-08,4.667472097708014e-08,4.284472197468858e-06,1.7518916592962341e-06,2.142850689779152e-06,2.7232804455934456e-08,5.204667985481137e-08,4.1035825404378556e-08,8.239635462814476e-08,1.1171488178973732e-09,6.903384928591549e-06,1.1778892172742417e-07,9.413058421614551e-08,5.339342692423088e-07,5.916364784752659e-07,9.960094757843763e-07,5.0516708871573e-11,2.945247601360279e-08,5.032665626458765e-07,0.9989597201347351,6.916581014593248e-07,6.198235702470356e-09,2.8727782819260028e-08,3.0547422369409105e-09,1.5734887170992806e-08,4.481422308799665e-07,5.990939744293655e-09,8.110911835501611e-07,2.2842216651497438e-07,6.50030163029669e-09,1.5854459434194723e-06,2.0322677301010117e-06,1.4216015031820461e-09,1.1001804978150176e-07,7.057945367705543e-06,2.2580952929729392e-07,1.5220598115206485e-09,3.3056395398745053e-09,1.7418692266346625e-08,1.0078397005841566e-09,3.181524732553953e-07,1.8763182674241818e-10,5.789956958324183e-09,6.894423254522053e-09,5.808689085284868e-10,1.2033203322658892e-09,1.8413973124076222e-10,3.21269766345722e-09,5.314644724307982e-08,3.5309430046481793e-08,9.608096718238812e-08,9.268794087802235e-07,6.990727996480928e-08,2.275002852769603e-09,1.493448394285224e-06,2.3790384773292317e-08,4.156741617578064e-09,4.413272414183211e-09,2.2818214802100556e-06,1.6802911773083906e-07,1.4021163785571389e-08,5.631207500300661e-09,2.2403428445727513e-08,1.8792701439451776e-06,2.8434135046495612e-09,1.3115683259457e-06,4.112000961953299e-09,2.6298369731891924e-11,1.6390519022024819e-06,1.0619105239584314e-07,1.943256791037129e-07,2.47599189151515e-07,4.105141471200113e-08,1.3294544487507665e-07
true_46,2.506393320800271e-05,4.052204189974873e-07,1.034055063797723e-10,4.339968828759311e-09,1.6763588295276577e-09,1.8961599651534655e-11,1.9160427910946964e-08,6.049115430784013e-09,1.4124475811172488e-08,2.2583911629681097e-08,2.613623983904745e-09,1.2473945487645466e-10,0.00010115564509760588,5.344683584596055e-10,1.5861919555604231e-09,5.58353647761578e-08,1.9710264531624944e-09,1.5003312370254207e-08,5.655916268665351e-08,1.5621388627096167e-08,6.652873391077563e-11,2.815022437374637e-09,1.469539334664205e-08,1.3249616515054186e-08,3.097981249311488e-08,1.0961425343791742e-11,3.882597021664935e-10,3.620038171447959e-07,5.990663964894338e-08,1.7363888105137448e-08,3.948559701427712e-09,2.0749776896700212e-10,2.407148713245988e-05,6.415580067198334e-09,4.576765633146351e-09,4.703761824487174e-09,3.0407772300122815e-08,7.80372673148122e-08,1.1088907569956064e-08,1.1174491193477465e-10,2.4467880166412215e-08,3.678742288570902e-08,1.0706152631101418e-09,7.959854997352522e-10,8.446508492632177e-10,2.2237680141756755e-08,0.9998329281806946,7.349670871903413e-10,6.285491682689326e-09,3.660621583634338e-09,1.1165949587166324e-07,1.2596333931469417e-07,5.477379438900698e-09,1.4479039300852037e-08,3.525101277546128e-08,8.644320814710227e-07,1.9152034624880798e-08,2.667662180044772e-08,1.4002281278902018e-10,8.411725760382183e-10,2.68046846940706e-07,2.2930404797172343e-10,5.587884668867282e-11,7.329456508387011e-08,9.880563922592955e-09,1.2178985597799397e-09,7.350231534530849e-10,4.971031142275706e-09,7.546503977273744e-10,1.7799720031241861e-10,1.7316337252992753e-09,1.2679636854362464e-11,1.651152459203331e-08,8.479840094000046e-12,8.760954415265587e-07,2.3668120241460144e-10,7.51478967941921e-09,4.597672020878463e-09,5.338679720523487e-09,2.1449713472065923e-07,6.921499817735821e-08,2.2827517653922769e-10,7.920101779745892e-06,1.0960350682598374e-11,1.633952564361607e-07,3.055669850482445e-08,3.8006601338347323e-11,3.5238283402350135e-09,2.8189978351633727e-08,3.0466667340078857e-06,4.012534304820292e-09,4.6016445764962555e-08,6.814468433979926e-11,1.9407911042157444e-11,1.434442395975566e-07,1.0734630677688983e-06,4.861685498624979e-10,4.243963847017085e-09,1.7895022352831802e-08,1.4690280636386888e-07
true_47,2.102376228663161e-08,2.4106928009359763e-08,4.432795321918093e-06,6.491261972385587e-10,9.357985391034163e-07,2.3607201171671477e-07,3.1808628619955925e-08,1.1690549861498312e-08,4.720765112153913e-09,7.537677149116462e-09,3.6968401673220797e-07,1.7472966362674924e-07,1.2803593740784436e-08,1.1385202114411186e-08,2.1052557030998287e-08,3.860940978483995e-06,3.570496431848369e-08,5.3915609896648675e-06,4.074924504493538e-07,1.5132204111978353e-07,4.034780065609311e-09,8.824073120194953e-06,7.9084102253546e-06,9.489404874329921e-06,1.2464889120877842e-09,6.855685796836042e-08,6.757750981023491e-08,3.2692202722728325e-08,2.4788639620965114e-06,7.593311579512374e-08,3.180935737034929e-09,2.1912009628977103e-07,1.3033016443841916e-08,7.36500771481019e-09,3.459344455336577e-08,2.2289950152298843e-07,6.278059316855433e-08,1.9471226551104337e-06,3.261896708295353e-08,1.1707286518003457e-07,2.1635526081809076e-06,4.363198513601674e-08,1.5378484476968879e-06,2.2751683204091933e-08,5.5182396430097924e-09,1.8347643404581504e-08,1.3191526093692119e-08,0.9999221563339233,2.1413958961602475e-07,2.559774614496746e-08,1.2505746838087362e-07,1.8818688829469465e-07,5.8384013179590966e-09,8.583171506870713e-08,3.757275024440787e-08,1.8003348145612108e-07,2.9076607006572885e-06,7.573642051283969e-07,1.1987918924205587e-07,7.173292715378921e-07,1.4449247132120036e-08,7.148933889311593e-08,9.649108179132782e-09,5.509897249567075e-08,1.7072239870685735e-06,1.4930956027114917e-08,5.291684601615998e-07,3.4021633155134623e-07,8.3712448084583e-10,8.687821946296026e-07,1.7895681603263824e-09,1.804250700843113e-06,2.1840261155148255e-08,2.0207853168585643e-08,2.6718433687733523e-08,2.1946159733943205e-07,1.2995467386645032e-06,1.1080832917897965e-09,1.2975881702459446e-08,8.22677606038269e-08,2.5572353123948233e-08,2.793080966512207e-08,1.2344409583420202e-07,7.597949824855732e-09,7.18705962299282e-07,2.2065975713303487e-08,2.3914171833894216e-06,1.2297173945796658e-08,2.1417768039100338e-06,2.4789565955529724e-08,5.986115603207054e-09,6.6829916249844246e-06,1.518745591511106e-07,8.790743777353782e-07,4.740103918265959e-07,2.3169912211074006e-08,2.4905821849330323e-09,5.7196767322409414e-09,1.2848952124500101e-08,1.4460582065112249e-08
true_48,1.5755531990180316e-07,3.519597724377377e-09,1.1223745843835786e-07,1.953662120968147e-07,4.4541994270730356e-07,1.0149968687755972e-07,4.074040660384526e-09,7.914965749478142e-08,6.70482222631108e-07,1.1869978067124975e-07,1.1118753491246025e-06,9.9538874920313e-09,7.309647287456755e-08,3.118982476735255e-07,6.856064604932044e-09,2.9743844720542256e-07,8.303185495606158e-06,1.0736605418060208e-06,6.656101732005482e-07,2.690172493657883e-07,5.630358401731428e-08,4.758166305407485e-09,4.777905360242585e-07,8.00044915649778e-07,3.9734636914090515e-08,1.7420262565792655e-07,1.8318856973564834e-06,3.150068323520827e-06,5.808042828903126e-07,2.129519600657659e-07,1.6126691093631962e-08,3.3057692139237815e-09,6.6115193320115395e-09,9.628972748032538e-07,8.152920827342314e-07,3.072177179319624e-08,3.1875539985293244e-09,9.685644641876934e-08,6.153047849011273e-08,3.2038134367695648e-09,5.5267161513938845e-08,2.336302713956684e-06,7.77237232796324e-07,1.4725770824952633e-07,1.379961247494066e-07,1.83791954100343e-07,1.7735906965299364e-07,8.208385082753011e-08,0.9997954368591309,1.598228482180275e-05,2.728526851569768e-05,3.872126441706314e-08,4.1136321016210786e-08,1.2419238082372885e-08,2.682472540982417e-06,5.5761978728696704e-05,1.3932522051618434e-06,1.1707150406436995e-05,3.656964508991223e-08,1.4096654510353801e-08,2.1066200872610352e-07,1.8412495972341958e-09,2.4271676579701307e-07,1.972565087271505e-06,1.1481848559924401e-05,3.244209523245445e-08,2.219072214870721e-08,2.485415393493895e-07,1.3697778740606736e-05,8.472993140440366e-11,2.078743843725306e-09,7.396394607894763e-09,9.353962582281383e-08,7.086993214500126e-10,3.0507840165228117e-07,3.8709934813141444e-08,8.081833584583364e-06,1.4971572426247803e-08,8.377845261975381e-08,5.180993412068347e-07,3.496946305858728e-07,5.249152668085344e-09,7.180742223056313e-09,1.3543989041409077e-07,6.10590086580487e-06,3.3670596621959703e-07,1.5596805624795707e-08,2.6071946823691405e-09,3.8981664829407237e-07,2.4342821802747494e-07,1.0436175301720141e-07,6.051395473605226e-08,1.6886648745995103e-09,3.143962867824257e-09,1.518879162176745e-05,2.077437784464564e-06,1.004173366681016e-08,2.163199752658329e-07,1.255529014088097e-07,2.3791308922938015e-09
true_49,9.076387641471229e-08,4.089933014483904e-08,2.637053967191605e-06,5.289211344461364e-07,2.0772117750311736e-06,1.8840916027329513e-07,1.7428641285732738e-07,1.4314214524802082e-07,2.855188085959526e-07,0.0001257228577742353,9.486052476859186e-06,6.390125122379686e-07,1.4890085608953996e-08,2.1300143089320045e-06,7.458302775376069e-08,1.3704593015972932e-07,6.199409341434148e-08,2.0710547232738463e-07,8.591453592998732e-07,2.7381938494386304e-08,4.877559831584222e-07,8.91458018514868e-09,2.0270375898689963e-05,8.657081707497127e-06,9.907356712801629e-08,8.024630915315356e-06,2.545594497860293e-06,9.875775504042394e-07,6.226239293027902e-07,8.693956488059484e-08,1.8302787907487073e-07,8.340099277859281e-09,1.853865398970811e-07,3.3342155347781954e-06,8.977624332828782e-08,1.3735409254422848e-08,2.2862889359487326e-09,2.022374090415724e-08,8.670749451766824e-09,1.0541636452643388e-09,9.872313455616677e-08,1.632321300348849e-07,2.9683303637284553e-06,2.8292763687431943e-08,3.4637000680959318e-06,1.880250088959201e-08,1.5581068169012724e-07,6.642257233124838e-08,3.850908251479268e-05,0.9996047019958496,2.9101584004820324e-06,5.835736374137923e-07,1.6809764929348603e-05,1.4264887227000145e-07,8.38202322483994e-06,3.6647801948674896e-07,9.761649835127173e-07,3.0565981887775706e-06,1.035713739838684e-05,3.4579773711129747e-08,1.7700369170370323e-08,2.67058567260392e-07,2.4879037496816636e-08,1.780063939804677e-06,1.0609396667859983e-06,2.650488895028502e-08,8.741709223158978e-08,3.629988896136638e-07,6.026894880051259e-06,6.9461294494033154e-09,5.82125665005151e-07,8.5649656256237e-09,6.071909410820808e-07,9.147858470726078e-09,3.003771382736886e-07,4.0455248040416336e-07,7.002202551120718e-08,4.113859972676437e-07,1.7390630091540515e-05,5.479715241563099e-07,5.7351822761120275e-05,2.12750741468426e-08,7.245118638365966e-08,1.236089246958727e-06,2.9909035674791085e-06,1.8095767018166953e-06,3.0293357156097045e-08,2.0713784465442586e-08,8.199845979106613e-06,1.1276337374965806e-07,8.959086699178442e-06,1.9835886178043438e-07,1.694403408691869e-07,5.462961638613706e-08,2.592386408650782e-06,1.6589430629210256e-07,4.999559450880042e-07,1.4820932392467512e-07,1.685875190560182e-07,3.1899375585453527e-07
true_50,6.77178888963681e-07,3.4301609730391647e-07,7.453326134054805e-08,2.319388130445077e-07,4.174568402959267e-06,6.927977747039904e-09,1.6331966889993055e-08,8.677484402141999e-07,2.725864689523405e-08,1.8085129340761341e-06,6.832501071585284e-07,2.2453146897305487e-08,1.0737751665601536e-07,7.750720214971807e-06,2.553432576490877e-09,1.1647608744169702e-07,1.1730402547982521e-05,1.3918461263529025e-05,2.6081101722752464e-08,2.1421748819250297e-09,2.2806974087075105e-08,9.823719665291719e-06,6.43519683762861e-07,5.236848892309354e-07,2.328482517910402e-09,4.474012257560389e-06,5.132438332111633e-07,1.1235019883315545e-06,3.6909040090904455e-07,3.479716426113555e-08,5.740619002381209e-08,6.041015687685558e-09,6.628272330999607e-08,2.7393132313591195e-06,8.880893354046293e-09,8.730880551865994e-08,2.6384602946905034e-08,4.095768346701334e-08,7.414006297778997e-09,3.072737175813245e-09,1.09358086319844e-06,5.967320930722053e-07,4.848785010835854e-06,1.4360918676459278e-08,2.7430161253505503e-08,3.70631028090429e-08,1.2722297242362401e-06,4.432762921169342e-07,2.357165067223832e-05,1.409929836881929e-06,0.9998553991317749,1.4925997504633415e-07,8.782680360752693e-09,9.882713811748545e-07,7.386195647995919e-06,4.777210961037781e-06,1.2529446848930093e-06,4.924445420328993e-07,3.4426502537598935e-08,1.7211606362366183e-08,1.0544945361345981e-08,4.110628726294863e-09,5.569489758272539e-08,1.0426463632029481e-05,3.982653140610637e-07,6.085098220864893e-07,7.391247613952601e-09,2.346614458303975e-08,4.930459454044467e-07,1.2179187436345273e-08,3.8233764598771813e-07,1.5451610124728177e-07,1.8915945076969365e-07,1.8188037742561391e-09,1.9468981804493524e-07,1.737753230202088e-08,5.706686678763617e-09,8.06999689295651e-10,7.434780968651467e-07,4.037908183818217e-06,8.844227750159916e-08,3.099395939898386e-08,1.2878248298875405e-06,6.099879215071269e-07,8.077100943637561e-08,1.74335980318574e-06,1.9698352389241336e-06,8.022960074072216e-09,5.720398803532589e-06,1.4861968793411506e-06,4.390762171624374e-07,7.661379441969984e-08,1.3884066163427633e-07,1.0863972832453328e-08,5.144089954001174e-08,1.2963438393853721e-06,5.120647905698661e-09,1.6130749713738624e-07,6.538145669310325e-08,1.6641632072378343e-08
true_51,2.975749566758168e-07,1.6112710454763146e-06,1.8151180483982898e-05,5.589182592302677e-07,2.4808646248430932e-09,1.3811212795644678e-07,1.9660657926579006e-05,6.587355549925178e-09,1.8655185840543709e-06,6.646967563028738e-07,3.07633017655462e-05,2.6104007702087983e-06,6.427314474422019e-06,2.4983506818898604e-07,4.412763246364193e-06,1.5999773950170493e-07,1.3009149313347734e-07,1.708210390916065e-07,1.7019496567627357e-07,4.797682962021099e-08,2.1821486839712634e-08,2.322416094102664e-06,7.925707734557363e-08,9.63736752623845e-08,1.202895987262309e-06,1.2034422525175614e-07,2.151065956468301e-07,3.311674490191763e-08,6.474250540122739e-07,9.995621439884417e-06,1.8292896584171103e-06,1.9966842046414968e-06,2.3980172045412473e-05,1.677376167208422e-05,1.468478849631083e-08,7.861763151595369e-07,2.571801474005042e-07,1.3694405609498972e-08,5.885407858841063e-07,5.324972818243623e-08,4.5346268962020986e-07,2.2813443933955568e-07,1.999437770905388e-08,4.077406572378095e-07,8.295700126836891e-08,7.996912643193355e-08,1.590072656654229e-06,1.4408774973162508e-07,7.374070776222652e-08,6.915912535987445e-07,2.8328517487352656e-07,0.9996808171272278,1.4212753285391955e-06,6.211583780668661e-08,1.5874329619691707e-06,1.427491042704787e-06,2.1932055460638367e-07,5.651584615407046e-06,1.994586362741302e-08,3.005827238666825e-05,2.058400696114404e-06,2.961791096822708e-06,2.378226060528732e-09,3.6097123938816367e-06,1.2780643373844214e-05,5.587534879225586e-09,6.150641240765253e-08,5.173243522449411e-08,7.695790671391478e-09,4.214750219944108e-07,9.814104942051927e-07,4.6326425717779784e-07,2.9535880230469047e-07,6.941559771433958e-09,4.742794317280641e-06,4.340937387325994e-09,1.0788915005832678e-07,3.1630938224225247e-07,6.6857232923211996e-06,4.2971637412847485e-06,2.5602679670555517e-05,5.853170748082448e-08,2.9174573228374356e-06,9.412204349246167e-07,5.320016498444602e-07,1.882857395685278e-05,7.65808039204785e-09,4.698955891058176e-09,5.657233032252407e-06,1.3517011439034832e-06,5.325483698470634e-07,5.030322540733323e-07,1.5944122424116358e-05,4.293348411010811e-06,1.1699077049343032e-06,1.9755320863623638e-06,2.5327885850856546e-06,2.6698703550209757e-06,3.813449467315877e-08,1.3903004969506583e-07
true_52,9.910215936770328e-08,4.636529808976775e-07,7.024604542493762e-07,3.5741173576298024e-08,4.398139630268361e-09,6.659910956052784e-10,3.892405953109801e-09,2.6417840359727052e-08,8.4754822182731e-07,1.43438201121171e-05,7.791732059558854e-08,2.2838057134322298e-07,2.926774378408936e-09,2.7543123337636644e-07,5.030774019587625e-09,1.0014051810003366e-08,3.4433995210747526e-08,4.399411945854581e-09,6.573661437414557e-08,5.197479668872518e-10,4.1632022829141135e-10,1.6421241033626188e-09,2.8451307088062094e-08,2.0629496333413044e-08,2.4651958252519535e-09,2.950582143057545e-07,1.1502542207608712e-07,1.9172168208569929e-07,4.5840568674293536e-08,1.6108764100408735e-08,7.2494963205826934e-06,7.158135417739686e-09,4.719199296232546e-06,3.3518516850961078e-09,3.6537444181306e-09,3.3780254149462507e-09,7.924241707257806e-09,4.722530633216593e-08,1.4313347729277837e-10,4.2786986398368754e-08,5.099195732327644e-08,9.915597587450975e-08,3.6724707719315575e-09,8.778507920581546e-10,5.491668616741663e-06,4.371816242354498e-09,5.911023137628035e-08,1.776023772492863e-09,5.841776129500431e-08,9.483580356572929e-07,5.769493327534292e-09,3.023915269295685e-07,0.9999481439590454,2.3536916859967505e-09,5.978718945698347e-06,2.2856887937905412e-08,7.601919982391792e-09,2.482615535370769e-08,1.5274202951331972e-06,1.5513590412297162e-08,5.315775908343312e-08,2.5565526584614418e-08,9.385116683802153e-09,9.129323075285356e-08,5.5471765847414645e-08,1.2679226557565926e-09,2.0344267936955873e-10,1.1707000879823681e-07,1.3980328894547256e-08,1.7151155162764553e-08,2.3206990107382808e-08,3.75704523047915e-10,1.7682064878954407e-07,5.120319279683372e-09,3.2137843497537233e-09,1.9441377219209244e-07,4.030218825334941e-09,4.145536536270811e-07,8.902148920242325e-07,5.3565885060891105e-09,6.744286338289385e-07,1.7356487358455297e-09,3.322413899553567e-09,5.773789446550381e-09,3.899271661111925e-08,2.5907013423420722e-08,9.604854689371223e-10,2.591516778949199e-09,7.94929917447007e-08,1.6876151676115114e-07,1.072441619953679e-07,5.332173458327816e-08,1.3271069576603622e-07,2.1909598579838985e-09,2.5953974969183946e-08,1.486806588957279e-08,1.7605410462806503e-08,3.7613292533933418e-06,9.742141315882691e-09,7.819767233741004e-08
true_53,3.06571507735498e-07,3.890184618882131e-09,8.757752745225389e-09,2.5521931235061857e-09,2.1230284801276866e-06,7.343872709952848e-08,2.8582132216570244e-08,5.78395088268735e-07,5.080411646929406e-09,4.1420270235903445e-07,3.2360685242593945e-09,8.683350150029412e-10,3.746032106732855e-08,4.237491069147836e-08,1.1888735551579543e-09,1.4980597370595206e-05,8.421953801018844e-09,2.557126776991936e-07,8.912317994713703e-09,4.954458177053311e-09,2.195875481447729e-09,4.3068624222541985e-08,5.278685648590908e-07,1.889139156219244e-07,3.187950736727174e-10,1.5896743832399807e-07,3.412284854675818e-08,1.156594997553384e-08,1.0887073642606993e-07,2.2802774779506763e-08,1.005025609401855e-07,7.365499321565494e-09,2.3852194885876088e-08,9.466837980198761e-09,1.5023775290501362e-07,5.815977921486137e-09,4.084409738425165e-06,6.856230028162713e-10,3.882847376956988e-10,1.1150298462325736e-09,1.1137380084846882e-07,3.675890480892008e-09,2.297820955732277e-08,2.9628961506489304e-09,7.577249050427781e-08,5.512428060683305e-07,1.4217995669696393e-07,4.931682084929889e-08,1.8073322394229763e-08,5.4160715023954253e-08,2.6697699695432675e-07,1.9778282123184e-08,1.0162736430174846e-08,0.9999383687973022,5.639174460725371e-09,4.1841866504910286e-07,8.141729267663322e-06,6.57070486909106e-08,1.7883225567061345e-08,2.2589428994024274e-08,6.281899000981639e-09,2.5891035093650316e-08,8.452539077552501e-07,2.2009858824389994e-08,2.0895946306609403e-08,2.728067443058535e-07,5.209119535720674e-06,7.771070897888421e-08,2.346392635743655e-09,5.744892117576228e-09,1.3807155418987804e-08,1.7097679938515853e-09,1.4630005580329453e-06,7.943012292344065e-08,8.549163044158092e-10,4.3854259956788155e-07,8.582340171869873e-08,2.842255319990272e-10,6.794065310344877e-09,1.0549253914859946e-08,3.1418707635566534e-08,7.431401058966003e-07,7.082505248945381e-07,1.0307576125967444e-08,2.9353151376199094e-07,3.16623314233766e-08,6.379352726071374e-07,8.895608516468201e-07,9.202370421235173e-08,4.0588471250657676e-08,3.192084152559005e-09,8.40694883663673e-06,3.331070530521174e-08,1.5849566992187647e-08,7.040348748432734e-08,1.6142934100571438e-06,2.5978028617146265e-08,6.864697699171529e-09,4.981976417184342e-06,4.480100557202604e-08
true_54,7.214425501445021e-09,9.8318660093355e-06,1.68892765941564e-05,1.2929052672916441e-06,3.3434584878477835e-08,1.2298961848955514e-08,3.1125512833796165e-08,5.652403345379753e-08,9.930808886338127e-08,1.0344503607484512e-05,9.937390132108703e-06,1.3070388149571954e-07,2.375178155489266e-06,5.853154561918927e-06,2.385684094718954e-09,1.8991780592614305e-08,1.9978080672444776e-05,2.9132322652003495e-06,9.143342083461903e-08,7.495677856184102e-09,2.548107715938386e-07,7.174315186375679e-08,2.202460507305659e-07,2.3459715237095224e-07,3.207577536912254e-09,6.801499239372788e-07,2.106584815919632e-06,2.823228442139225e-06,1.2918829952468514e-06,6.586001433106503e-08,3.734437115099354e-08,2.822462263907255e-09,1.6468230512600712e-07,8.512064596288837e-06,3.8484593289922486e-08,2.144192450259652e-07,1.609693001114465e-08,4.516925855568843e-07,3.2160137664050126e-08,2.338823605896323e-07,2.3167019946868095e-07,5.186611815588549e-07,6.460844304001512e-08,2.4945452423708048e-06,1.6318119833158562e-06,9.38063422495361e-08,1.1105534980515586e-07,3.997497444174769e-08,7.556081072834786e-06,3.0343921935127582e-06,1.0565807315288112e-05,4.740954011595022e-07,2.1246828509902116e-06,1.1373034070061294e-08,0.9998064041137695,5.6102578582795104e-08,1.6877795161462927e-08,1.6634960502415197e-06,2.159326322725974e-05,1.1715408021473195e-07,2.8358707382381e-08,3.5572574574871396e-07,2.3418718075873812e-09,9.56940539253992e-07,2.9954071578686126e-07,6.438422417431866e-08,1.2106592173211084e-08,4.549193022285181e-09,5.772320719188428e-07,2.5484297339062323e-08,1.72514216245645e-08,2.2861774695570602e-08,2.438516721881001e-09,1.1039287262093467e-09,2.9095298259562696e-07,2.4513141738680133e-07,1.1720464598852232e-08,3.6037022255186457e-06,3.454062152741244e-06,8.718432582099922e-06,1.2453189128791564e-06,4.109109053018756e-09,6.450062528529088e-08,3.614208594626689e-07,2.521371413877205e-07,5.390468231780687e-06,1.4276484883168905e-08,5.118108603596738e-09,3.7554559639829677e-06,9.201475847930851e-08,1.2181202691863291e-05,7.693532779740053e-07,2.3176137631253368e-07,3.996876163370189e-09,1.795982598196133e-07,4.67746090748733e-08,3.4990247854693735e-07,1.9215860902477289e-07,1.8622992925543258e-08,3.1089378182969085e-08
true_55,2.678104010556126e-06,1.5616917536931396e-08,3.682767868440351e-08,3.1345300044449687e-07,3.095939149488913e-08,2.2029840174297988e-09,8.375568683050005e-08,2.501408744137734e-06,1.3878448612558714e-07,3.785078206419712e-08,2.5906260248120816e-07,5.118876433840569e-09,4.451972657193437e-08,6.785179973434197e-09,2.238258289821715e-08,4.2385181586723775e-07,1.0195824273750986e-07,7.616964126100356e-08,1.445821737888764e-07,2.3787006853126513e-07,3.1780018616700545e-09,1.2430828633114288e-07,2.3311727090913337e-06,3.1067756935954094e-06,1.4028946004884801e-08,1.2618244227269315e-08,7.74175212825412e-09,3.3308634783679736e-07,1.2037189023317296e-08,1.186353301818599e-06,7.254576672721669e-08,2.990507397271358e-09,2.9837940473953495e-07,2.1167454633541638e-07,7.560123549410491e-07,8.345855349034537e-07,2.041362190396967e-09,3.440815632416161e-08,1.4275697068910631e-08,1.024270557259399e-09,1.4198027429301874e-06,3.790545832771386e-08,1.7437287169741467e-06,3.531738457240863e-08,1.1743575356604197e-07,1.1193368010253835e-08,6.921099156897981e-06,5.497101440710139e-08,1.8783481209538877e-05,3.4721728070508107e-07,1.3742028386332095e-06,1.8884360031279357e-07,1.6296732496812183e-07,2.609083935567469e-07,4.4401623711110005e-08,0.9999246597290039,3.7826534935447853e-06,1.90121092202844e-08,1.256875298283333e-10,1.3562376111053709e-08,3.407610904559988e-07,3.4482558475268377e-10,2.331239556951914e-08,1.6668624311932945e-06,8.590003517383593e-07,7.681972533646331e-07,7.668079504696834e-10,1.5931728825080427e-08,1.017433515215771e-08,1.0030483110767818e-09,7.22875341807594e-08,1.1117087694856309e-08,9.111108738579787e-06,1.931958593104355e-09,2.2058273430047848e-08,1.2113434699756453e-09,2.0456020877190895e-08,5.652018852941865e-10,2.4348343785618454e-08,5.229525186223327e-07,1.6357191157112538e-07,7.879753738393447e-09,6.960154053103906e-08,1.172648023128886e-08,2.6518603135627927e-07,4.06870810820692e-07,2.56707854973115e-09,4.546486742640354e-09,3.721045231941389e-07,5.516005785466405e-07,4.1776542047955445e-07,2.2923370579519542e-07,6.212754044554458e-08,5.538014988815121e-07,3.9684445596321893e-07,4.8187566790147685e-06,2.212037664151012e-08,2.0108151588260625e-08,1.5713698076069704e-06,1.3868296733221541e-08
true_56,1.093225546355825e-05,3.378472399617749e-07,8.372709885406948e-07,3.7824149785592454e-06,7.575473546239664e-07,1.5772610595377046e-07,3.124136682686185e-08,2.5582249918443267e-07,2.0477868645230046e-07,1.8194399444837472e-06,5.141703240951756e-08,6.349225856183693e-08,8.312423460665741e-07,3.258911078773963e-07,2.839381920693995e-07,2.6017467462224886e-05,2.7532239528227365e-06,8.529577826266177e-07,4.192698179394938e-05,3.6708274819829967e-06,2.9054978423204147e-09,4.7510678768958314e-07,1.8546982119005406e-06,1.4730244402016979e-06,2.2065573546115047e-07,1.2808418148324563e-07,1.5628472738171695e-07,7.858419337480882e-08,1.658686414884869e-05,8.701197657501325e-06,9.316991054220125e-07,2.8397244022926316e-07,2.893573025630758e-07,2.2977215508035442e-07,1.925420747284079e-06,2.650009456317548e-08,7.510046771130874e-07,4.931122248308384e-07,6.609067213503295e-07,1.1887948403455084e-07,5.415454324975144e-06,2.1394646410044516e-06,3.415097182823956e-07,1.2598232501659368e-07,4.2230499275319744e-07,7.84029998612823e-06,2.0242598566255765e-06,7.160855375332176e-07,1.5490302303078352e-06,7.079135571075312e-07,1.8881595451603062e-06,5.967900733594433e-07,1.3391696995768143e-07,6.389785266947001e-05,1.6372406719256105e-07,1.2482310012273956e-05,0.9977176785469055,7.590152790726279e-07,9.050851446090746e-08,2.93736491130403e-07,2.1886239665036555e-06,8.25336172738389e-08,1.0460438488735235e-06,2.666572527232347e-07,6.198355322339921e-07,2.5285262950092147e-07,1.1429614460212179e-05,3.4545955429621245e-08,1.1028240542998446e-08,4.454324464830961e-09,3.47737270089965e-08,1.144069639025247e-08,2.389217002018995e-07,1.9213064916812073e-08,5.67873641443839e-08,4.5070800069879624e-07,1.1026590982510243e-05,1.0042574416502248e-07,1.1887951956168763e-07,1.3103816343118524e-07,2.9197994990681764e-06,1.5623417226606762e-08,1.0000942296528592e-08,7.559584958016785e-09,5.244874955678824e-06,8.287629782444128e-08,1.8701355202210834e-06,4.47879244802607e-07,2.663165687977198e-08,7.652360181964468e-06,4.4208269400769495e-07,9.259934813599102e-06,6.807248098539276e-08,1.2886459899164038e-08,3.247986342103104e-06,2.8322115213086363e-06,4.143565206504718e-07,9.234823892256827e-07,0.0019858123268932104,1.2073370214693568e-07
true_57,1.5632330985226872e-07,7.715824494880508e-07,7.981594762895838e-07,3.093606437687413e-07,3.947299376250157e-09,1.0651210686773993e-06,4.215385615680134e-06,6.998837509542e-09,4.69904625788331e-06,8.772123010203359e-07,8.751069913159881e-07,7.100634888956847e-07,8.848454854160082e-06,4.023730184599117e-07,7.875169103499502e-06,1.945405045944426e-07,1.0374205885455012e-05,3.1745166779728606e-05,1.3539331575884717e-06,5.425928293334437e-07,3.7506335814896374e-08,5.918186118947233e-08,1.6507701161572186e-07,1.9720782518106716e-07,6.618411703129823e-07,1.873912367500452e-07,9.234210665454157e-06,1.8304498894394783e-07,2.4045739337452687e-05,1.6579622297285823e-06,3.6934858371751034e-07,5.6894805311458185e-08,8.509620101904147e-07,1.9954744857386686e-05,3.411305158351752e-07,2.1701626451431366e-07,1.9250087746058853e-07,2.527879701119673e-07,5.7920817653212e-07,1.41789701046946e-06,1.9552922836396647e-08,1.5421534271808923e-07,2.621742964947771e-07,6.217242571437964e-06,6.106243404246925e-07,5.310515916789882e-06,9.172202339868818e-07,2.4776770715106977e-06,3.7346813769545406e-05,1.8022099084191723e-06,5.350953529159597e-07,6.347810085571837e-06,2.0076372564403755e-08,3.102973877844306e-08,3.7138402149139438e-06,3.7457045465316696e-08,1.2743608976961696e-06,0.9996007680892944,1.895506684945758e-08,8.612789315520786e-06,4.717240699392278e-06,1.5377383988379734e-06,1.5464955538391223e-08,4.8671927288523875e-06,4.2652922275010496e-05,6.811816888330213e-09,8.359483217645902e-06,1.8013692226759304e-07,1.3022030032061593e-07,4.026975730653248e-08,4.651078633344241e-09,7.187220063542554e-08,1.3072423143967171e-08,2.481060867864926e-08,2.2924725726625184e-06,2.064832358428248e-07,1.1525473382789642e-05,2.3198447252070764e-07,5.375160071707796e-06,3.3283874927292345e-06,2.5359078790643252e-05,2.6733616209639877e-08,1.6404825942117895e-07,1.0796101435062155e-07,2.0473207769100554e-06,3.9421032852260396e-05,7.951337366307598e-09,1.2706943053331088e-08,2.0456875063246116e-05,6.053454626453458e-07,8.780850890843794e-08,7.813731883743458e-08,9.274268464309898e-09,9.51873513344026e-09,2.546485575294355e-06,2.3429356588167138e-07,9.47596890910063e-06,6.158356313790136e-07,2.2767668639289695e-08,4.4745259941691984e-08
true_58,3.962472128193895e-09,2.429783990010037e-06,1.8923167317552725e-06,2.7491262599710353e-08,4.5713241547673533e-07,4.938897859574354e-07,3.906562628941401e-09,3.002641335569933e-08,2.5585014995499478e-08,5.659123871737393e-07,2.8724076628350304e-07,2.2195365545485402e-07,7.232558374425935e-08,3.57733540568006e-07,1.5639162853631206e-08,4.726651241071522e-06,1.0005932082890467e-08,1.4656177427241346e-07,1.7916518402216752e-07,3.198228881728937e-08,3.5680102428159444e-07,4.2419716628216975e-09,1.3005798109588795e-06,1.5684411209804239e-06,2.228972917350802e-08,7.1609706537856255e-06,1.4068983489323728e-07,3.0564574444724713e-06,2.3345480713032885e-06,6.477536285132146e-09,1.6895278065476305e-07,3.563260264627388e-08,8.368355963739305e-08,8.651197092035545e-09,9.500923603411593e-09,2.0913626386231954e-10,9.681942358952256e-09,4.937094644219542e-08,4.0236642462332384e-08,1.5477658621421142e-07,1.5806396191919703e-08,1.2782794556187582e-06,2.1852546439049547e-08,9.298330994056414e-09,6.693394993817492e-07,4.3390723902803074e-08,1.750907152597847e-08,8.696156328369398e-08,1.0121316051936446e-07,1.7421732536604395e-06,5.116017831596764e-08,1.1211228923002636e-07,7.994947736733593e-06,1.1912571551420115e-07,1.5881263607298024e-05,1.162168028479016e-09,3.426008632345656e-08,3.667249970362718e-08,0.9999210238456726,1.476635702601925e-08,9.559956382076962e-09,4.691024969361024e-06,1.3420070388292515e-08,1.5812872788956156e-07,2.8981688160456542e-09,2.4796498188095484e-09,3.06657881310457e-07,2.927208129221981e-07,4.133942638873123e-06,1.0475367844264838e-06,1.2382778891151247e-07,3.981891705251428e-09,8.236268200789709e-08,5.6152007488208255e-09,4.357659832976424e-08,2.3031382170302095e-06,3.500972667325186e-08,1.7041944602169679e-06,9.115415622318324e-08,5.438944850055805e-09,1.2538994269561954e-06,7.486587350058471e-09,2.4556754851801088e-08,3.455851782518948e-08,3.793845735344803e-07,7.115653399836219e-09,9.83483587901901e-08,1.0201408429111325e-07,7.85584518325777e-07,5.0423790298737e-07,2.554601678639301e-06,6.794252840336412e-07,5.244870138199076e-08,1.3397490894462294e-09,1.5034248690426466e-07,1.7885170677800488e-07,2.465810666762991e-08,7.598259088581472e-08,4.571803202679803e-08,2.5238756506951177e-07
true_59,1.2590400721990136e-08,1.990186717648612e-07,8.438028089585714e-06,1.2391426551516815e-08,1.1577743208590618e-09,2.577640998424613e-07,5.088191983304569e-07,1.8210213337255254e-09,3.4779819912955645e-08,7.562871218169676e-08,1.7243399952349137e-07,1.5101390999916475e-06,5.778193923333674e-08,9.292753588852065e-08,4.73277559365215e-08,8.343151591816422e-08,1.4160443697619485e-06,3.336456870783877e-07,2.2310691960569784e-08,4.5516932445366365e-09,5.53387002888428e-10,3.281715862613055e-06,2.286397560169462e-08,2.165252865893308e-08,1.7955311681916442e-09,3.9556513620198075e-09,6.4906444094958715e-06,1.4839167672420217e-09,2.3140498228713113e-07,4.931550279252406e-08,4.177955048589865e-08,5.152819539944176e-07,1.4475790344192774e-08,1.3328779857602058e-07,6.490277648651954e-09,9.160859093526597e-08,7.2971755571416e-07,1.1720916681667859e-08,2.1285385898295317e-08,2.3620116280653747e-06,2.2742608507542172e-06,9.623273733438964e-09,5.6265264447574737e-08,1.8003290733759059e-06,1.749191902433722e-08,2.3172646024249843e-08,1.3108814478357544e-08,3.148964822230482e-07,4.10816696216898e-08,1.4785120683313835e-08,7.5619119854764e-09,1.0364875379309524e-05,7.042748251251396e-08,3.771556844611723e-09,1.7449448819206737e-07,2.2089347240239476e-08,1.1458780591055984e-07,1.8292503227712587e-06,3.1076432094323536e-08,0.9999232292175293,4.328324365587832e-08,1.0149310583074111e-05,2.4379229301985106e-08,7.18954851208764e-08,4.7040953177202027e-07,2.4975652657133196e-09,4.0305445736521506e-07,1.3736074500059203e-09,7.779143301744895e-11,2.3777788555889856e-06,7.409937108349141e-10,2.3511707070156262e-07,3.393732239675984e-10,5.711144446252092e-09,6.77661446957245e-08,4.679056786471847e-08,1.5863009821259766e-06,1.0067883415842971e-08,8.033045162392227e-08,3.996922259830171e-06,1.6860567484400235e-06,1.3388114616930125e-08,1.6610471220701584e-08,4.659334251755354e-09,5.1714444282424665e-08,8.227597447785229e-08,2.425928791183196e-09,2.884601002506315e-09,2.280960416101152e-06,1.555829420851751e-08,3.480221835161501e-07,2.7652786229737103e-06,4.852610800298862e-06,6.438447996970353e-08,9.896240271700663e-08,1.2027075335652171e-08,1.4582008134311764e-07,2.1724454768445867e-07,8.13401968002836e-09,5.311621364967323e-08
true_60,1.6417285451097996e-06,8.62099386722548e-06,8.405415314882703e-07,1.7937465599970892e-05,6.67502462192715e-08,4.428603119777108e-07,2.8059182000106375e-07,5.737523878224238e-08,4.2926047171931714e-05,4.6187273028408526e-07,9.928528470481979e-07,8.659938430355396e-06,0.010546019300818443,8.629184549135971e-07,7.657248715986498e-06,3.1130807656154502e-06,2.864738007701817e-06,1.535199203317461e-07,5.034670539316721e-05,3.7846323266421678e-06,9.897760122612453e-08,1.4741402765139355e-07,2.6529985461820615e-06,8.577250127927982e-07,2.211322498624213e-05,2.1544913408888533e-08,5.301998271534103e-07,1.665532522565627e-06,2.1422700228868052e-05,0.009975639171898365,7.677976100239903e-06,1.68811970979732e-06,0.00012066667841281742,1.1592624105105642e-05,3.109391764155589e-05,1.4600952908949694e-06,6.228309757716488e-06,8.872153557604179e-06,2.3918892111396417e-06,6.911782861607207e-07,4.0873578655009624e-07,2.2783469830756076e-06,6.190839485498145e-08,3.7028316910436843e-06,3.904263940057717e-05,0.00011476634244900197,2.4126888092723675e-05,6.000492192015372e-08,1.5085422546690097e-06,7.603636476005704e-08,7.149797198735541e-08,0.00029529177118092775,7.038504463707795e-07,4.011299097328447e-07,8.496540431224275e-07,5.72715543967206e-06,4.527015335042961e-06,5.7027140428544953e-05,9.611606621717783e-09,5.483868335431907e-06,0.977796733379364,5.6412327467114665e-06,6.068608513487561e-07,3.3685869311739225e-06,6.765147645637626e-06,4.266271957931167e-07,2.321704641872202e-07,8.775473503419562e-08,9.880118057026266e-08,2.9301887138899474e-08,8.712988375236819e-08,4.6762755800955347e-07,7.450121586316527e-08,1.9588485145050072e-07,8.342062756128144e-06,6.544504316252642e-08,9.304029845225159e-06,6.745524387952173e-06,3.635862185547012e-06,8.930827789299656e-06,0.0004609511233866215,6.938371654996445e-08,1.2197434671179508e-06,1.671809144454528e-07,5.4070271289674565e-05,6.0605616454267874e-06,5.7860358282368907e-08,1.9728699385268555e-07,4.968557050233358e-07,5.5531954785692506e-06,5.7822241217309056e-08,2.426467972327373e-06,3.5623349958768813e-07,1.011555212926396e-07,4.934820026392117e-05,1.4036400898476131e-05,5.38138956471812e-05,1.9041925042984076e-05,4.239774170855526e-06,4.458223884284962e-06
true_61,1.345456457357841e-08,1.093650325856288e-07,9.40919289860176e-06,8.852323674091167e-08,1.6178297812530218e-08,6.180312630021945e-05,3.2420459774584742e-06,9.634050890383605e-09,2.1594170895866682e-09,3.3446045932805646e-08,3.834462063423416e-07,9.500550731900148e-06,1.5284829260053812e-06,4.158847787039122e-06,2.2467425253580586e-07,2.605438282898831e-07,1.7503741389646166e-07,5.239146503299708e-07,5.027572456128837e-07,2.19224034481158e-08,2.5616441234888043e-06,4.422895472089294e-06,5.253488666312478e-07,4.360118452950701e-07,3.755235233882104e-09,6.7590688601626425e-09,9.47127148265281e-07,1.358722023780956e-08,4.271575164693786e-07,1.5320580359912128e-06,1.8644922050725654e-08,1.5853160562073754e-07,4.504988826425915e-09,1.4662073510862683e-07,9.243209433407173e-07,3.27637152963689e-08,1.6234074564636103e-06,9.91233051195195e-08,4.104692408191113e-08,6.577565727639012e-07,4.4877333493786864e-07,4.357906675522827e-07,7.043232130854449e-08,6.991258032940095e-06,1.553757726924232e-07,5.393313244894671e-07,1.1443458625137737e-08,1.315719799777071e-07,3.461909869884039e-09,4.3876195121583805e-08,1.7806689456278946e-08,8.102973879431374e-06,1.3590742753422091e-07,4.2373240916049326e-08,7.595186843900592e-07,2.2680066713576252e-09,4.63840521547354e-08,5.197289283387363e-07,2.4077635316643864e-05,1.380594494548859e-05,5.097828079669853e-07,0.9997819662094116,9.03859120882089e-09,5.1186027860694594e-08,8.15057443759315e-09,1.7903809634844947e-07,2.626044022235874e-07,1.999211907133258e-09,2.1451780352066407e-09,1.3535014659282751e-05,1.1256749132826371e-07,1.244194436367252e-06,1.4357377509099933e-09,6.520393753817189e-07,5.3104848518614745e-08,7.220743327707169e-07,5.360153565447945e-08,3.2042970588008757e-07,4.0876571461012645e-07,1.3755797567682748e-07,1.394000901200343e-05,1.4637285516982956e-07,2.451143110704379e-08,1.1953909506701166e-06,1.5729499409644632e-06,1.0883216106094551e-07,4.944552642882627e-07,6.876496261298826e-09,1.1875657719429e-06,7.375132327069878e-08,1.2032236895720416e-07,3.351756049596588e-06,5.770652933279052e-07,4.084717453167741e-09,1.9078017885476584e-06,2.065861970379501e-08,1.0817234397109132e-05,1.3152856581655215e-08,2.656871060935373e-07,9.138137784248102e-07
true_62,3.06568864516521e-07,3.4833553819169083e-09,1.4873291931394306e-08,4.68522102892166e-06,3.580690588478319e-07,1.5389693430734042e-07,1.963386342396234e-09,1.2029329354845686e-06,2.060449105556472e-06,1.8810796120760642e-07,3.7559946264309474e-08,3.460540369815135e-07,8.652347172066754e-10,2.199590483087377e-07,2.6087027649168704e-08,1.5799161701579578e-05,8.023313853300351e-07,1.6939027958073893e-08,4.2714347614492e-08,6.681800186925102e-06,1.0444178855095743e-07,1.6378766787283894e-08,1.0401262073855833e-07,8.998075884392165e-08,6.04326885422779e-07,5.380819629863254e-07,1.9559942643354589e-07,3.0072079937326635e-08,5.211899800627862e-09,2.932326310656208e-07,1.58699658641126e-05,5.01066188007826e-06,2.8129994689152227e-07,1.7109459804487415e-07,5.9381309256423265e-06,5.769858191229105e-08,6.9512643676716834e-06,8.777193727382837e-08,1.3354279815303016e-07,1.3950418065178383e-07,2.401455390099727e-08,2.6528013563620334e-08,1.5102190786819847e-07,2.26289875726593e-09,3.5610555642051622e-06,7.290746850685537e-08,5.739214881117505e-09,1.6289700255356365e-08,1.993555542867398e-06,2.4519070507267315e-07,1.4013808424806484e-07,2.3665986503829117e-08,7.659676271032367e-07,1.3333169590623584e-06,1.1908408481531296e-08,1.5911560069525876e-07,3.1085974683264794e-07,1.0122998617134726e-07,9.781141585563091e-08,6.317209511053079e-08,1.960097961273277e-06,3.903890988254943e-09,0.9997714757919312,4.246616640557477e-07,3.2810561378937564e-07,7.106517045940564e-07,1.0237536116619594e-06,2.7266296456218697e-05,7.730732249910943e-06,1.4810351833816071e-09,1.7946624097930908e-07,5.2788283966265226e-08,7.330816970352316e-06,2.541382400522707e-06,6.856942746935601e-08,2.1172486412979197e-06,8.826134944683872e-06,6.76656554787769e-07,1.359495183095305e-08,6.319578638169787e-09,1.4349843979744037e-07,4.516253284236882e-06,1.1442905645253632e-07,1.1776728570112027e-06,1.081374563227655e-07,3.803711123850917e-08,2.1528433080675313e-07,1.1136246939713601e-05,2.5902807010425022e-08,1.469216215355118e-07,3.3507558327983133e-07,1.6961896562861511e-06,4.927859436065773e-07,3.7899678773101186e-07,9.730020877896095e-08,3.26288909491268e-06,1.0110863968293415e-06,6.316130748018622e-05,5.440530230771401e-07,1.5601870018144837e-08
true_63,1.3345045601909078e-07,1.3551149891100067e-07,1.868761643208927e-07,3.834073254438408e-07,5.775278850705945e-07,1.3474010351899324e-08,2.68500571110053e-07,3.7611848711094353e-06,3.0246104643083527e-07,2.006267507681514e-08,2.4930665531996965e-08,1.0913254300248809e-07,7.696061032902435e-08,7.855688863855903e-07,1.7636713778301782e-07,1.1668479515947183e-07,4.159179752605269e-06,1.879189142073301e-07,4.938814868182817e-07,1.2861791276463919e-07,5.2547996176599554e-08,3.221077404802486e-09,9.431208525256807e-08,1.4746217402716866e-07,1.0629902646996925e-07,1.343999792879913e-05,2.284844384803364e-07,3.309171603405048e-08,1.7085044490272594e-08,3.703503068663849e-07,7.388842249156369e-08,7.762059084370776e-08,5.4098080681797e-08,5.33204001840204e-06,3.981515419582138e-07,2.978975714995613e-07,3.620435222728702e-07,3.732665021516368e-08,5.627058641266558e-08,2.977853057473112e-07,5.308404382731169e-08,1.4569147666065874e-08,1.1825552974187303e-05,2.602436666165886e-07,3.7432110744362035e-09,6.391179141473913e-09,2.090424402467761e-07,3.313065377597013e-08,8.70660187501926e-06,8.926238592721347e-07,1.0047539035440423e-05,6.549345243911375e-07,2.0710137960122665e-07,6.230916227423222e-09,7.213696449070994e-07,2.5886479306791443e-06,4.8890221648889565e-08,2.530117171772872e-06,3.6647996637384495e-08,7.648607436294697e-08,5.478707976180885e-07,1.0684577667063877e-08,5.600107328973536e-07,0.9998747706413269,2.1641373677994125e-05,1.4895039157636347e-06,3.741940020063339e-07,5.989132887407322e-07,4.041941338073229e-06,8.936119400004827e-09,1.2044816912748502e-06,1.2048340636283683e-07,1.374415177224364e-07,2.151221956125937e-08,2.465751514080239e-08,3.752805710632856e-08,9.068889283980752e-08,1.554226747302323e-09,4.820499270863365e-06,6.213817869138438e-06,5.963918283669045e-07,4.0427659087072243e-07,7.085036486387253e-07,6.696188137311765e-08,7.60093570306708e-08,7.90874310041545e-07,1.9885014523879363e-07,1.7451986522587504e-08,1.1433570534791215e-06,3.467016085778596e-06,4.7654310719735804e-08,1.4717263852048745e-08,1.6708678884924666e-08,4.3888493905797077e-07,1.6074737629878655e-07,1.4497804841084871e-06,1.50378895114045e-07,1.073595512934844e-06,8.491086944673043e-09,1.279605976733933e-09
true_64,6.639398861807422e-07,2.0278934087514244e-09,7.88979832577752e-06,6.983730713727709e-07,4.0354962038691156e-07,2.3758137679408264e-09,8.153623411999433e-07,1.3096948805468855e-06,5.5532041187689174e-08,1.5964300814630406e-07,3.627395926741883e-06,2.677258635230828e-06,4.584891044601136e-08,1.2859946707521885e-07,4.045201507096863e-08,9.464945094350696e-08,4.73061027150834e-06,4.421034191182116e-06,1.8197501105987612e-07,6.796565799049858e-07,5.666929148162581e-10,2.9043201266176766e-07,4.1932757710583246e-08,5.027309413208059e-08,1.537333247370043e-07,8.470034345009481e-07,9.915312659813935e-08,7.990597516993603e-09,2.9588912653366606e-08,3.1665308597439434e-06,1.1569709101877379e-07,3.7826885090908036e-07,6.986479661463818e-07,4.6425989808085433e-07,5.72488261241233e-07,2.3907128706923686e-05,7.917106614740987e-08,5.1857409033573276e-08,9.37882091989195e-08,7.94588714825295e-08,8.512002835914245e-08,2.7689088355487e-08,1.8875181240218808e-07,4.1318044168292545e-06,9.893919461489986e-09,3.7488742776758954e-08,5.79019911128853e-07,7.870652552810498e-06,2.1054471289971843e-05,7.769500598442391e-07,9.875178648144356e-07,7.013454251136864e-06,1.4349390653478622e-07,2.249374020379946e-08,3.2747396971899434e-07,1.230863631462853e-06,9.501073918727343e-07,1.7863636458059773e-05,7.081509822981502e-10,8.964756261775619e-07,3.255616149999696e-07,4.911578699307029e-09,4.366484631646017e-07,8.389475624426268e-06,0.9998224377632141,2.9034143267381296e-07,2.94438507353334e-07,2.491186705810833e-06,4.26912460937956e-09,6.664594431882165e-10,7.473539120894657e-09,1.1958788945776178e-06,1.1290880763681344e-07,1.6548403891647467e-07,3.6886159904270244e-08,1.4034216455627302e-08,9.9431724720489e-07,8.970686415921136e-09,2.398042624918162e-06,1.1943580830120482e-05,6.910110528224322e-07,4.131941011564777e-08,2.2313852809929813e-07,6.131385532626155e-08,1.0377455055277096e-06,4.940721964885597e-07,6.326099111220174e-08,6.692606469016482e-09,4.56130379689057e-07,8.484932578767257e-08,6.032794264143604e-09,6.625019182138203e-07,1.8156248060563485e-08,8.563134542782791e-06,2.956430307676783e-06,7.476139671780402e-06,1.5605735370627372e-07,1.4726999779668404e-06,4.291093258501633e-09,7.273640356686428e-09
true_65,1.4949648630135925e-07,6.0441864846438875e-09,9.280173962622484e-09,8.629338594801084e-07,2.0962645521649392e-06,3.4804259030352114e-08,2.2582779024560296e-07,1.2329190212767571e-05,5.298928407171388e-09,4.668871511626094e-08,8.303440601764578e-09,7.238881494231464e-07,1.3124827447086318e-08,1.891121996777656e-06,1.0640153647045736e-08,3.0678353368784883e-07,1.0072905752167571e-05,6.049318926670821e-06,3.164530681942779e-08,1.3130024179019983e-08,8.422595669799193e-07,2.636990927840088e-07,5.175598971618456e-07,4.821728225579136e-07,1.0165819297469625e-08,3.4589677966323507e-07,1.3956657767266734e-06,1.1185788295620114e-08,2.9020039704619194e-09,8.389300091948826e-06,7.008920732687329e-08,1.8955649494500904e-08,7.98726560446994e-08,1.3526037889732834e-07,4.0052589611150324e-05,2.9966090551170055e-06,5.591714966612926e-07,1.0717683380789822e-06,5.348886666922681e-09,1.8458214512406812e-08,3.529691383619138e-08,1.3410188515194932e-08,5.389365105656907e-05,1.1431142411311157e-05,3.983715402000598e-08,1.7829792753332185e-08,2.716546632086647e-08,3.299468431805508e-08,1.2256244019681617e-07,2.856452319122127e-08,2.0115760435146512e-06,5.5316888847301016e-08,4.054127344943481e-08,4.530850787887175e-07,6.101798533109104e-08,1.7779175323084928e-06,6.084727033339732e-08,5.8260798851961226e-08,1.2571185203924529e-09,7.429927961766225e-08,2.06690901904949e-06,2.874301969768567e-07,1.577791749696189e-06,3.7335544220695738e-06,2.2375570551957935e-07,0.9997845888137817,1.2361074830380403e-08,2.661285591898377e-08,2.3368212254126774e-08,7.6615208399744e-08,6.088451982577681e-07,4.197203907096991e-06,2.0164300451597228e-07,9.663506716606207e-06,4.275902742989501e-09,3.354762867502359e-08,5.03375119365046e-08,8.703316289881968e-09,5.779967864327773e-07,1.7418045672457083e-06,2.723039393970339e-08,4.698285067661345e-07,3.2754581269500704e-08,2.3479303763451753e-06,1.8177171057232044e-07,1.7112588466261514e-06,1.9632693692983594e-06,2.5753301997610833e-06,8.772973956183705e-07,3.0949465212870564e-07,1.6725047657928371e-07,6.407838526456544e-08,8.856896016595783e-08,3.441984475216486e-08,1.821114778977062e-07,7.331277629418764e-08,8.458975571556948e-06,1.4735725528680632e-07,7.727192496531643e-06,4.670889666158473e-07
true_66,4.36851657070747e-08,2.598333708192513e-07,1.6611981124015074e-08,9.143934498467843e-09,2.6371603567554303e-08,4.0922330413195596e-08,9.606158535291343e-09,7.854181660604809e-08,3.772007595159721e-09,3.3356336359702254e-08,1.6475830699747007e-09,2.4100070827870468e-09,1.8664490397668487e-08,7.886166386583682e-09,4.4453070557892715e-08,5.090108174954366e-07,3.628428828506003e-07,2.0119676591434654e-08,1.8502802845432598e-07,4.946528406435391e-06,5.577906136977617e-09,1.195006937848575e-08,3.75734323654342e-08,3.462650610686069e-08,1.9108920668031715e-08,1.7139215913175576e-07,1.5525479568623268e-08,1.396823323673857e-09,4.141248155065114e-06,4.2001182976036944e-08,1.2523662107355449e-08,5.665268076882057e-07,1.4827227445834978e-08,2.0313814630412708e-08,7.519004441292054e-08,8.105883964049099e-09,7.901072422100697e-06,4.428242661447257e-08,4.339451152191032e-06,1.9470342067506863e-06,7.768187870738075e-09,4.808735187822322e-09,8.954226693447254e-09,3.684102622969476e-08,4.957360744128891e-09,1.5591592728014803e-07,3.902173162373401e-08,1.5323084312512947e-07,2.4344036120282908e-08,5.76035361632421e-08,9.913766696456605e-09,6.288605192139585e-08,2.9832232240067924e-09,7.475230745512818e-07,1.535226701321335e-08,9.213909635263917e-10,1.7573681816429598e-06,8.870997589838225e-07,4.294607549581997e-07,1.153516464569293e-07,2.2556793766170813e-08,4.440386902615501e-08,7.41227381695353e-07,2.4227176709246123e-07,1.094359376452303e-07,2.3642146018687527e-09,0.9999529719352722,1.310556818623354e-08,9.947169843371739e-08,2.240918917095769e-08,3.207716037234576e-10,3.2765634649933872e-09,7.83771625378904e-09,2.5001156700454885e-08,1.5542021003511763e-08,1.6155557887032046e-06,4.443553279998014e-06,5.8422813253855566e-08,2.3584368236129194e-08,1.7738857494009608e-08,2.463171711042378e-08,1.8558833403403696e-07,2.0316549864674016e-07,7.681834612860428e-10,4.472889258977375e-08,2.007813648674528e-08,5.0099861255148426e-06,2.67224777417141e-06,1.3939872367529915e-08,9.951319768219946e-09,6.714453881784266e-09,3.7509602179852664e-07,1.6936485547347502e-09,4.772727635327101e-08,3.584829499914122e-08,2.1530381388856767e-07,4.7344470566201835e-09,3.6279061976784988e-09,3.358557520982686e-08,1.0036660569312517e-07
true_67,1.439232448774419e-07,1.7394409468352023e-08,9.681185630938671e-09,5.042120498899294e-09,3.0495061764668208e-06,2.8331760404398665e-07,8.897899306248291e-07,1.4693727052872418e-06,2.860688482542173e-06,7.728037587639847e-08,4.227497996112106e-08,3.2399782412539935e-08,2.0584591808869845e-09,7.710184490861138e-09,7.959681624924997e-08,3.932144920781866e-07,5.345278442092649e-09,6.910792080816464e-07,8.560242292787734e-09,2.378332055741339e-07,1.2391141979151143e-07,1.9219715596818787e-08,9.066648232192165e-08,1.3588103797701478e-07,1.0761052635643864e-06,3.2654776305207633e-07,2.73366424607957e-07,1.2751465305882448e-07,3.5357611949393686e-08,3.853514840557182e-08,1.8715805936153629e-06,4.850143113799277e-07,1.0332920510336407e-06,1.7241163163816964e-08,5.739237849411438e-07,1.0828443919308484e-07,1.4125031100320484e-07,7.039674301267951e-07,4.850975301451399e-07,3.176281637706779e-08,1.3196923553948636e-09,1.0988793874844305e-08,9.273784407071162e-09,3.680688420715228e-09,1.9473141321668663e-08,9.295360037242517e-09,1.236508637703082e-07,2.327184347450384e-06,1.0241529935228755e-06,2.861131065401423e-07,7.064356566388597e-08,5.519387968888623e-08,5.564590424000926e-07,7.288571737262828e-07,1.0565154084929418e-08,1.2519517156306392e-07,6.233365468233387e-08,1.0800929572951645e-07,9.092780715036497e-07,3.4227049638957396e-08,6.172304267693107e-08,5.000861502679754e-09,1.4439603546634316e-05,4.6880950321792625e-07,2.168202172470046e-06,1.3411254329298572e-08,1.2400266768963775e-07,0.9999175071716309,4.717083470495709e-07,2.9025050807263142e-08,2.9906854592809395e-07,8.461166345341553e-08,6.713791663059965e-06,2.73310689635764e-07,3.0685495744364744e-07,3.905598532583099e-06,7.631683729414362e-06,3.72174149276816e-08,8.114353633459359e-09,3.772884227259965e-09,1.1467453653324355e-08,6.055926746739715e-07,2.0813827177335043e-06,7.948005986690987e-07,2.3745391786178516e-07,1.6190975671293018e-08,3.529493497467229e-08,2.4565601961512584e-06,5.096437121210329e-07,1.3082576515444089e-06,4.115792506809157e-08,2.4502146516169887e-06,8.059434009055622e-09,3.00252423812708e-07,3.218135304905445e-07,4.778592483489774e-06,4.524995844690238e-08,4.801610430149594e-06,1.5058356339636703e-08,1.1891891205095817e-07
true_68,7.17095701929793e-07,1.2715204888991138e-07,1.3126685871611699e-07,9.434452294954099e-06,4.0849499782780185e-06,1.5796383934230107e-07,1.015490536104835e-08,6.002886721034884e-07,2.662282440724084e-06,3.901194816080533e-07,4.2621650209184736e-07,2.444071185436769e-07,6.524286533249324e-08,1.6506240854141652e-06,2.682622834981885e-07,9.320294225290127e-07,2.488785412424477e-06,2.2345643557741823e-08,2.016946183402979e-07,7.4874283200188074e-06,1.0307068805559538e-05,1.015816541993786e-09,4.530849651018798e-07,5.461504315462662e-07,2.5620952328608837e-06,8.761964636505581e-06,9.50398160171062e-08,1.3118085462338058e-06,1.0864192745430046e-07,4.792281060872483e-07,2.539129809520091e-06,3.5923002883464505e-07,3.2028216878643434e-07,4.913707471132511e-06,2.6269226509612054e-06,1.3361554529467412e-08,8.114852079188495e-08,2.011905735344044e-07,5.097947905596811e-06,1.0360312074908506e-07,4.582097812289021e-09,2.0142074390605558e-06,3.891053097504482e-07,2.6547880338512186e-08,1.6507183318026364e-06,9.889247394312406e-07,7.620793951446103e-08,7.633337517631844e-09,8.81854648469016e-05,2.8891834517708048e-05,1.5782159152877284e-06,1.4744179566150706e-07,5.082862912786368e-07,4.015350540953477e-08,1.646100486141222e-06,1.571300316527413e-07,3.681319427073504e-08,2.9954819638078334e-06,2.5826439014053904e-05,3.035005580187544e-09,4.487825719934335e-07,2.1634452451735342e-08,6.272665814321954e-06,7.894296686572488e-06,4.0609543816572113e-07,6.206671798736352e-08,1.4016543445904972e-06,2.3459795102098724e-06,0.9996659159660339,1.1027648127992506e-08,7.166231625888031e-07,7.006681101984213e-08,3.9849774111644365e-06,7.717473238244565e-08,6.265353817980213e-07,2.178630211346899e-06,2.171529331462807e-06,5.311472341418266e-05,5.592372644969146e-07,1.829840456935017e-08,8.310323096338834e-07,4.153443114773836e-06,7.246232485158544e-07,1.121781679103151e-06,5.054288294559228e-07,4.901100965071237e-07,4.105134010501388e-08,3.919667051377473e-06,8.581284305364534e-07,8.521810741513036e-07,2.8079314233764308e-06,3.0524496708039806e-08,7.40291739020904e-08,2.0972963454823912e-07,6.654970547970152e-07,5.12136011820985e-06,3.007376960795227e-07,6.841335675744631e-07,1.9408506801710246e-08,3.4989874109214725e-08
true_69,8.550846253285727e-09,9.807758942770306e-06,2.5613957177483826e-07,2.9276057134097755e-09,1.6420264259409123e-08,3.2989664759952575e-06,1.5758929521325626e-06,5.116010015626671e-07,3.2462601495808485e-08,3.2497001711817575e-07,9.506945275461476e-08,1.374498452832995e-07,6.345516823103026e-08,1.6396175084310016e-08,3.0631355230070767e-07,4.2362852781252514e-08,1.4592278496650124e-08,1.2635314305953216e-07,1.5150483534398518e-08,9.192676841962566e-09,1.1896499927388504e-05,4.697312760981731e-06,3.680449708554079e-06,2.490040287739248e-06,5.652539769585019e-09,7.457016693024343e-08,6.43681801193452e-07,9.57839603188404e-08,3.620395432335499e-07,5.505389566451413e-08,2.938251597583985e-08,2.0709555315079342e-07,1.6413718384455933e-08,1.0647638326588549e-08,1.5313919021764377e-08,2.9655641498038676e-08,7.395671275389759e-08,4.3702307550574915e-08,3.509748935925927e-08,6.020823093422223e-06,1.2513054059581918e-07,1.4927681490917166e-07,1.836035181668194e-07,1.9324518518715195e-07,2.2421584588983023e-08,1.4794881053603604e-07,2.433336376839179e-08,9.647783372201957e-07,6.311345890352982e-10,9.457489014152998e-09,1.3448181235276024e-08,3.0038989962122287e-07,1.8970031590015424e-07,1.9214087387808831e-07,1.0112282922136728e-07,4.8139394692725546e-09,9.759276942133965e-09,1.2363602763798553e-07,3.449501718932879e-06,8.748188520257827e-06,1.9811796647672963e-08,1.2697960301011335e-05,7.658123912790415e-09,1.4246543500462394e-08,2.1692621032798343e-09,8.527072381525613e-09,2.885695664645027e-07,1.8296436365972113e-08,2.7966780002941505e-09,0.9998742341995239,8.726750593268662e-07,2.982598914513801e-07,5.791839541302579e-08,2.5201268272212474e-07,2.3347220690084214e-07,1.9311013602418825e-05,5.031239425079548e-08,1.2924687098347931e-08,1.5433025168931636e-07,4.4224599093922734e-08,1.1545652114364202e-06,1.0813623418926e-07,3.4425187322995043e-07,1.9294413178272407e-08,4.066695566962153e-07,1.180618625085117e-07,5.4579586503678e-06,1.552219117684217e-07,8.818065907689743e-06,1.509253735321181e-07,8.829500330875817e-08,5.4659249570931934e-08,8.763639129938383e-07,1.4944262716198864e-07,2.254649444921597e-07,5.05040240739163e-08,2.40967693798666e-07,6.793671047944372e-08,3.6519359980502486e-08,1.0804537851072382e-05
true_70,2.5520026269987284e-07,5.122030870552408e-07,5.4140922856049656e-08,2.3152942674187216e-07,1.7088163417611213e-07,6.583298954865313e-07,2.1028711216786178e-06,7.664492045478255e-07,5.433728347270517e-06,5.296184554026695e-06,6.202481586115027e-07,1.7851129996415693e-07,3.014308092019746e-08,1.8281207303516567e-06,6.028139068803284e-06,3.861973496555038e-08,2.0647300758014353e-08,7.07699854274324e-08,2.7810433067543272e-08,1.1982749015260197e-08,6.667380603175843e-06,7.750813892926089e-07,7.505037729060859e-07,3.7728554502791667e-07,1.8500595615478233e-06,2.942049150078674e-06,2.5609196541154233e-07,7.136456758871645e-08,2.753377748021535e-09,2.114981498380075e-06,4.431719389685895e-06,6.039731033524731e-06,2.7433100058260607e-06,1.2153844863860286e-06,4.094702177326326e-08,1.1371735553211693e-08,1.242453890881734e-07,3.8226579590627807e-07,1.4360421118908562e-07,1.327347973756332e-07,4.3386812365042715e-08,7.034856963628044e-08,3.711502927217225e-07,5.279749526465594e-09,3.516039370765611e-08,1.9244756899183812e-08,8.292924746911012e-08,9.408373102814949e-08,1.4413345184038917e-08,5.435872481029946e-07,1.2740396186927683e-06,1.5489938505197642e-06,1.0556125289440388e-06,2.4776988993835403e-07,7.503406607156649e-08,1.9450139632226637e-07,2.2553656719992432e-07,3.114637792123176e-08,3.209332248843566e-07,4.060570546471354e-08,1.1747336259304575e-07,2.4479678017996775e-07,1.9763334080380446e-07,2.2188899038155796e-06,5.8671844271884765e-08,1.237337698967167e-07,1.3139208832058102e-08,2.7201249395147897e-06,5.891310479455569e-07,3.184238039466436e-06,0.9998437166213989,2.007388957281364e-07,1.3521082109946292e-05,1.4400824284166447e-06,1.5105123566172551e-05,2.8572747723387693e-08,6.522611784021137e-09,1.276262793226124e-07,4.82909945276333e-06,4.127344155335777e-08,4.9100576688942965e-06,1.9907479043013154e-07,4.0985455029840523e-07,1.416465579495707e-06,2.660322628855738e-08,2.9214737651273026e-07,5.56112979666068e-07,3.606447052106887e-08,8.368906492250971e-07,2.274340204166947e-06,6.785119239793858e-07,1.0774990677475671e-08,1.5017816622275859e-05,1.7706390281091444e-05,5.940966119055702e-08,1.204615074357207e-07,2.260619794469676e-06,2.8844565349572804e-06,1.2139589955495467e-07,2.162424372897931e-08
true_71,7.928844247828692e-09,1.0049415744006751e-09,1.1724677051461185e-06,2.2884840689130215e-08,9.679442882770672e-07,7.269550650335077e-08,8.622442493333438e-08,1.1489652251839289e-07,5.04438313342348e-09,3.85817067183325e-09,1.2211346984258853e-05,9.420142532690079e-07,2.7293504345493602e-08,1.6035437511163764e-05,2.6801862951231215e-09,3.596771591674042e-08,2.113831214956008e-06,5.817656187900866e-07,5.027438021443231e-09,7.77551889541428e-08,1.5106846262824547e-07,4.865094979322748e-06,2.8117935926275095e-06,2.260806468257215e-06,1.2055904718977217e-08,2.061633495031856e-06,4.567159095358875e-08,6.144340147784533e-08,2.7804407665144026e-08,5.636457444779808e-06,2.969508638983598e-09,1.323640208283905e-05,2.917347785569291e-08,6.476691538637169e-08,2.320067835626105e-07,8.188342690118589e-06,9.78431415887826e-08,4.870035041903975e-08,2.997892067924113e-08,6.583420741890222e-08,1.2370756508062186e-07,2.7917854694692323e-08,1.434143257483811e-07,2.598528112685017e-07,1.1314915226989797e-08,1.5125497299095514e-08,2.575599955534358e-09,8.431406058662105e-06,1.29463543885322e-07,2.51028779985063e-08,3.051151509225747e-07,6.073859140087734e-07,7.497150456003965e-09,3.757603650456076e-08,4.5297966266844014e-08,1.375615568122157e-07,7.166176629880283e-08,2.2567822099972545e-07,7.15779293614105e-08,4.4433818402467296e-06,4.984385668649338e-07,1.0516042721064878e-06,1.0807784747157712e-06,7.370922361360499e-08,1.9255328425060725e-06,1.81210430127976e-06,3.767103606833189e-08,2.208658145264053e-07,9.806289114067113e-08,1.105309593185666e-06,1.5719510315648222e-07,0.9998613595962524,1.944842296097704e-07,7.317404993045784e-07,2.1181602249953357e-08,1.3827693692292087e-06,5.5971058827708475e-06,1.610483479907998e-07,4.4016670130986313e-07,3.95255774776615e-08,1.4753981147919148e-08,6.668014066235628e-06,7.408534088426677e-07,1.336764580628369e-05,4.959600801157649e-07,6.226700577371957e-08,2.820600855102384e-07,1.8620323771756375e-06,2.9931725293863565e-06,4.219690907802942e-08,1.6573548089482415e-09,8.912530802263063e-07,1.1451971886344836e-06,2.423726073175203e-06,7.264297323672508e-07,4.439159084768107e-08,2.8451182743083336e-07,2.0705969916434697e-07,6.064373447856042e-09,3.4316425967517716e-07
true_72,6.72568063464496e-08,1.697330453964696e-08,2.1973478592229867e-09,4.825305044420247e-09,5.804707114975827e-08,7.347331631990528e-09,1.5888501181393622e-08,1.2238706403877586e-07,1.553611070903571e-07,3.704391815517738e-07,6.549963700308581e-07,2.4457284197865192e-08,1.1247187625684774e-09,8.964398112709659e-10,8.328544254254666e-07,2.1603566437988775e-06,6.532075991216857e-10,1.7648982719720152e-08,2.2770589580556333e-10,7.178148564435105e-08,5.327083840711566e-08,2.5280337823119226e-08,3.6174540696265467e-07,1.8193449591308308e-07,9.115469268294873e-09,2.2523522602568846e-06,2.124035614059494e-09,7.417605729642673e-07,3.7052814150229096e-09,1.111477399007299e-08,1.5084301594470162e-06,3.027820980605611e-07,1.965963383554481e-05,3.1698010882763583e-09,1.6630783861160126e-08,1.1876230843199664e-07,1.171232666408173e-09,1.69551506168375e-09,5.349298781709422e-09,4.350494131610816e-10,2.7791946521915634e-10,1.060990140189233e-08,5.929296165163578e-08,1.6301416883024444e-09,5.386412453844969e-07,2.2898691276473926e-10,1.6946671621553833e-07,2.8072047797422783e-08,3.397862258225359e-08,3.33419933440382e-07,1.2771067758876598e-08,9.16597144851039e-08,1.6340006823156727e-06,2.245097221020842e-06,4.65993688081312e-09,1.4120038258624845e-06,4.417388677069312e-09,1.8654395361750176e-08,2.6088391891221363e-08,6.488456993913871e-10,9.482933549520567e-09,9.376341925104725e-10,4.6265927267086226e-07,3.594694319986047e-08,5.5054329095582943e-08,5.621602028327288e-08,2.2971973212548846e-09,1.303299632127164e-05,1.937973337362564e-07,1.7409398367362883e-08,1.8728076156548923e-06,2.4385929719983324e-08,0.9999378323554993,4.5931528802611865e-07,5.742239039818742e-08,3.2796286575376143e-08,1.5039770318026058e-08,3.859111696868922e-09,1.550921524540172e-08,9.852658688913607e-10,7.867978268905063e-08,4.23024545170847e-07,2.8828007998527028e-06,6.785457458136079e-07,5.2457629351465584e-08,2.634826614666963e-07,1.250458181445424e-09,1.0994663171004504e-06,1.4049031449303584e-07,6.451297451803839e-08,7.61668701443341e-08,5.762583299429025e-09,3.6724440377611245e-08,1.4936657066755288e-07,1.342849742513863e-08,3.3396870549040614e-06,1.2181187614146438e-08,5.852057327615512e-08,3.208416288202898e-08,7.925705425293472e-09
true_73,3.107718526962344e-08,1.8597654971586053e-08,1.2894591172596392e-08,4.6478118065351737e-07,4.729705267436657e-07,2.674873258001753e-06,2.9595885280286893e-06,2.705888164200587e-06,1.6126186608289572e-08,4.0090679220838865e-08,9.637759923464273e-09,9.112543921219185e-06,6.455501688762411e-10,6.375374255185307e-07,1.1362508303136565e-05,9.176761039952908e-08,3.2464022581280005e-08,2.4982256263683666e-07,9.420036972684898e-10,5.316945816957741e-08,1.9471440282359254e-06,7.477101604536074e-08,2.119531700373045e-06,1.142911287388415e-06,7.180730676736857e-08,3.872342858812772e-06,1.268074129257002e-06,2.8078002145548453e-08,3.22309423594902e-09,3.847519565169932e-06,1.6937403302108578e-07,6.9062725742696784e-06,7.024544856903958e-08,3.333774500902109e-08,7.771785135446407e-07,3.567304247553693e-06,1.8075133993988857e-06,3.8874318875059544e-08,2.272827686056189e-07,2.20506763071171e-07,1.3258388165127144e-08,4.043223089666981e-09,3.0403776918319636e-07,9.855290272753336e-07,1.8533229706463317e-07,1.3585025548934482e-08,2.12692041756668e-09,3.6081516441299755e-08,1.6711705796979004e-08,2.801456844281347e-08,7.023661652283408e-09,3.296420203469097e-08,8.970076947889538e-08,1.8693272352265922e-07,1.5697006361392596e-08,5.0499323833719245e-08,8.84882744855986e-09,5.2699874686368275e-08,1.3078827798551629e-08,5.6660287128806885e-08,2.811222543641634e-07,7.975478411026415e-07,1.0224669495073613e-05,6.180393086197e-08,1.0788087223545517e-07,8.935881851357408e-06,2.0600755590294284e-07,2.7491589662531624e-06,3.739210185926822e-08,2.7591315188146837e-07,2.6200420961686177e-06,1.2341239425950334e-06,1.5434936813107925e-06,0.9998946189880371,2.288571820940888e-08,9.389408006654776e-08,1.7886815584233773e-08,8.647759841551306e-08,1.0427004326629685e-07,3.00281790543977e-08,2.2264728727350303e-07,2.492678504495416e-06,3.33049740675051e-07,1.7317699985142099e-06,1.2767404022895334e-08,4.208752457657283e-08,8.595843610237353e-07,8.299328442262777e-07,3.8115402389848896e-08,2.422232636689614e-09,1.1972753455324892e-08,2.72583200455756e-08,2.0937170575052733e-07,1.7891173911266378e-06,1.529821425094724e-08,5.138521146363928e-07,5.187014266994083e-06,6.27612593007143e-08,5.8582664053119515e-08,1.5215891835396178e-07
true_74,1.965605918030633e-07,2.8302401915425435e-05,1.1938480426465503e-08,1.3238661722425604e-08,8.12485079215719e-10,3.9091646613087505e-06,2.3224274059430172e-07,3.333017750684064e-10,2.250571378681343e-05,2.0806323846045416e-06,2.2881472432345618e-06,2.860933712156566e-09,2.5574058781785425e-06,4.72397143624903e-09,4.1936623347282875e-06,2.4467373904712986e-08,7.0017911468767124e-09,3.1090863217286824e-08,1.4727667974057113e-08,4.084255067482445e-07,7.77187779021915e-07,1.2933925574998284e-07,1.519185133247447e-08,1.8154086234289935e-08,2.820634654199239e-05,8.189978695227751e-10,6.726891683683789e-07,2.167075535908225e-06,3.203483345259883e-08,1.6630148991225724e-07,1.5256372876137902e-07,3.6918783052897197e-07,3.691476013045758e-05,9.886252883006819e-06,2.4091555417271593e-09,6.39349684306012e-09,8.118027494674607e-08,3.928334535885369e-06,6.647781901847338e-06,2.7137136981991716e-08,6.958152276581586e-09,2.4523100705664547e-07,3.579713592216649e-08,1.3061303150152526e-09,1.7455450418424334e-08,1.2198887233694222e-08,1.1664988051052205e-05,2.4467315284937285e-08,7.673907731486906e-08,1.2780608926732384e-07,1.4576129103716085e-07,1.3873711850465043e-06,1.2780927427513689e-08,6.796738283298964e-09,2.3331207898991124e-07,1.9431407594083794e-08,1.546602668156538e-08,4.0422668234896264e-07,1.1556134182910682e-07,4.1311572829272336e-08,3.3917694963747635e-07,1.2933075943521999e-08,3.1879445749893875e-09,5.5024116818458424e-08,1.315251374478521e-08,3.340555887465513e-10,1.1697329327375883e-08,1.5295850630536734e-07,4.696933899595024e-07,1.419511761469039e-07,4.054923010698985e-06,6.664108154197379e-10,1.375952081161813e-07,5.825416260485383e-10,0.9997862577438354,2.5027517835951585e-09,6.043638904884574e-07,5.899275379306346e-07,2.6900540461838318e-08,1.5153948424995178e-06,4.582973360811593e-06,1.3358963713017147e-08,1.7669091903371736e-05,1.9131153550233648e-08,1.3742292992446892e-07,2.288908717673621e-06,5.2311044385078276e-09,9.4545180573391e-09,2.779953547360492e-07,2.352265227045791e-07,7.574248684250051e-06,1.3433701262499653e-08,1.9573201370803872e-07,4.207370807307598e-08,2.9400572998383723e-07,1.1508912223234802e-07,4.4686135680649386e-08,3.231099867662124e-07,1.1997656201856444e-08,1.8470267093562143e-08
true_75,1.8161378179115673e-08,4.341928416806695e-08,1.4228046438802266e-06,7.908997901040493e-09,6.589924339550635e-08,1.4044282181657763e-08,7.836390203408428e-09,4.573453679768136e-06,8.318542654706107e-08,5.182720315133338e-07,4.918597795722235e-08,3.3757306283632715e-08,1.947057270967889e-08,1.4522555602525244e-08,1.48300371982657e-09,7.361682463624675e-08,1.217904070927034e-07,2.3436117047026528e-08,3.908396593033103e-06,9.379480729876377e-07,1.3056504144515202e-07,6.743497493744144e-08,6.016700240252248e-07,2.9761176278952917e-07,1.220283518676979e-08,8.127231865273643e-08,1.2957285022707765e-08,2.1453642773394677e-07,5.861417776031885e-06,4.853193402709621e-08,2.0486458751634018e-08,3.727783948193064e-08,3.0114528648539363e-09,2.7178843620134785e-09,4.5659289753530174e-06,2.651894419614109e-07,2.1487041522050276e-05,1.644660585498059e-07,9.045956872455463e-09,1.3484344890457578e-05,8.079491919943393e-08,3.3624996831349563e-07,8.997387834774884e-10,6.66375470359526e-08,5.26543040280103e-08,2.0660938560013165e-07,1.389350323677263e-08,1.682300307948026e-07,3.7693581589337555e-08,4.37841585210208e-08,1.7097075755145852e-08,2.2399666121941664e-08,2.8042757094226545e-07,3.4672907531785313e-06,1.9998408617993846e-07,1.2250066516727998e-09,1.1641481023616507e-07,1.7316395428679243e-07,2.3163688638305757e-06,5.793795594399853e-07,3.4497649181730594e-08,2.024061984684522e-07,2.2797360088588903e-06,2.982438829235434e-08,1.0035754627324422e-07,1.938181171112774e-09,2.5401992388651706e-05,1.048422063831822e-06,2.643635355070728e-08,1.4244177464206587e-06,2.607311699875936e-09,7.612068486650969e-08,3.9562078057997496e-08,1.2892468426173309e-08,3.5385980812208118e-09,0.9998766183853149,7.166751402110094e-06,4.1496747371638776e-07,1.6202281472033064e-07,4.09973743842329e-09,2.8578714506011238e-08,1.0808021499997267e-07,5.6929611247369394e-08,2.8609909996646365e-09,1.6784648551038117e-06,4.327973091022841e-09,2.1573373487626668e-07,2.3556069663754897e-06,1.6100126742912835e-07,1.34364626092065e-07,9.036055459432646e-09,7.401989023492206e-06,1.7267817398192165e-08,2.637758313994709e-07,1.312877998316253e-06,4.6858812652317283e-07,1.5777391837445975e-08,2.0677794054790866e-07,1.583943287641887e-08,2.9648358577105682e-06
true_76,1.4153902050395573e-08,6.242832917280339e-09,2.8176592170581216e-09,3.8913974265142315e-09,3.2583051812196118e-09,1.4012604765412107e-07,1.8045971383884307e-09,2.10214445850454e-09,5.821520971949212e-07,2.8453970291053565e-09,7.157263581802908e-08,5.581632045448259e-09,5.4965703100151586e-08,1.5649653795080098e-09,1.5923296015074584e-09,3.127578906969575e-07,1.0135410377642984e-07,4.7274131276253684e-08,1.1882612227509526e-08,1.0144101452169707e-06,6.844013133999738e-10,7.089038689400695e-09,5.231134414529492e-10,1.0365935887435285e-09,6.310174427426318e-08,9.280302082359526e-10,8.134270501614083e-08,8.726639855183294e-09,1.517613554824493e-07,2.540765464686956e-08,8.924955885447616e-09,1.725281606468343e-08,8.910561177799536e-09,7.88377274574259e-09,4.2309029169018686e-08,7.026108583829682e-09,1.2808326346203103e-06,6.018277645125636e-07,5.016225372855843e-07,3.156959138550519e-08,1.9685927887813648e-10,7.662816159381691e-09,1.4010940185826826e-09,5.891394039281295e-08,2.794238618264444e-08,4.6421924082551413e-08,5.289256321816538e-08,1.5456954827186564e-07,1.3514687680071802e-06,1.2384785641472718e-08,2.2805199950681754e-09,1.4415752147556304e-08,2.3634951773487956e-09,1.7464012458390243e-08,3.266111603394961e-09,7.254203016060501e-09,1.6429042943855166e-06,4.962026309840439e-07,2.155342215814926e-08,7.489434779017756e-07,3.676121309581504e-07,1.1352030426792226e-08,2.056943230854813e-06,2.000589560680055e-08,2.181064644446451e-07,1.3582125424349556e-09,1.7969703094422584e-06,2.9227823006294784e-07,3.2277931438784435e-08,6.313338296592974e-09,3.187989455755158e-11,3.1522013443918695e-08,1.9700907571973403e-09,2.9336033602334055e-10,2.6256120122525317e-07,1.5362522844952764e-06,0.9999574422836304,1.8738350604508014e-07,5.815598558278623e-10,1.876160027336482e-08,2.48582021633581e-09,1.549310368886836e-08,9.46749434405092e-09,4.669848063798554e-09,1.107973002945073e-05,2.9775986121194364e-09,2.3571806728739375e-09,2.4468113224429544e-06,4.6752269611261e-08,1.5544669906830677e-07,1.1280510747724293e-08,9.192400511892629e-07,7.839572324641608e-10,1.7659701478933698e-09,8.493208952131681e-06,6.340252411973779e-08,2.3895678769036977e-09,2.419162456135382e-06,3.909661216994209e-08,1.3636132223382447e-08
true_77,6.32075369821905e-08,6.792780737896464e-08,1.6407634362280987e-08,2.8274648684600834e-06,1.5414357568133141e-09,3.5958933608526422e-09,5.697436411544743e-10,1.397980065043214e-09,5.901993560541996e-08,2.1888585877150035e-07,1.8147133573620522e-07,4.0704503589950036e-07,2.3066532151005958e-07,1.649778624823739e-07,1.7852325839839978e-08,8.689622355007032e-09,6.776831895649593e-08,3.048310492914652e-09,2.0183954063668352e-07,2.043138692897628e-06,1.5151154775239206e-09,1.674977490040419e-09,3.798710679348005e-09,1.9905237458317515e-09,6.414135896193329e-06,2.8344169678007347e-08,7.975018867512063e-09,7.28689258266968e-07,2.5267294745390245e-07,1.996345133647992e-07,1.2760408480971819e-06,3.1633067010261584e-07,7.646208359801676e-07,4.0665719680532675e-09,5.063523644821544e-08,4.178322576819937e-09,2.13334672594101e-07,4.791463084075076e-07,1.7347362017972046e-06,2.335801525532588e-07,7.85177867168585e-10,3.8644097344331385e-07,5.458358071086522e-11,9.699378189509389e-09,5.094177595310612e-06,1.1396049330869573e-06,2.5460664687670942e-08,3.2351210599301794e-10,2.6347811044047376e-08,9.022569713579287e-08,1.9962460573452745e-09,1.2483596378842776e-07,7.568745559183299e-07,1.2015226591444161e-09,2.429433607176179e-06,8.471677526156185e-11,5.451874507400589e-09,8.124786887719893e-08,6.550864668497525e-07,1.7469800051017614e-09,1.0219490320650948e-07,3.305975226908231e-08,2.311732671955724e-08,3.675461046626083e-09,1.3325992753721039e-08,1.0531675531666451e-09,1.2810374983018846e-07,1.969839402704565e-08,4.770235136675183e-06,8.058620437623176e-10,7.738320206840399e-09,4.956078214490844e-09,7.167533233598533e-09,3.018564509460475e-09,2.792719158151158e-07,9.888631211651955e-07,3.8135405588946014e-07,0.999958872795105,4.4884963301683456e-08,3.149383642764292e-09,2.148074571550751e-07,3.10612051634962e-08,3.2296153307243e-08,1.0021028629125794e-07,8.994188505084821e-08,2.6166600264332374e-07,1.4994545605162557e-09,6.297374852692883e-07,4.22244461617538e-09,3.046515217874912e-08,1.4093747324750439e-07,4.831671418514816e-08,2.4061095338367977e-09,7.594232798169287e-09,3.561718386890789e-08,8.723149136358188e-08,4.891429483677712e-08,1.958168923010817e-06,1.3945337107301725e-09,3.179968359745544e-07
true_78,4.082558646700818e-08,1.0097476206283318e-06,1.5041821825434454e-05,1.4926829408068443e-06,6.031756072388816e-08,9.775336984318983e-09,1.987079230048039e-07,2.756373191914463e-07,1.7742441116297414e-07,1.758378311933484e-05,1.1751179954444524e-05,1.39220910568838e-05,3.1979178061192215e-07,1.3169172234483995e-05,2.5599038622203807e-07,1.1670614696868142e-08,4.277258994989097e-06,1.0144201496586902e-06,7.425422268170223e-07,1.1735340699203789e-08,6.527963591906882e-08,2.102450025631697e-06,7.182881290646037e-06,2.4335408852493856e-06,1.02019086511973e-07,1.6604590200586244e-05,1.6985759998533467e-07,2.1642651972797466e-06,2.7567654115046025e-07,1.5710129446233623e-06,4.4441949853535334e-07,8.000289426490781e-07,9.973435055599111e-08,1.479003913118504e-06,4.1843745179903635e-07,1.0253774007651373e-06,3.4706069129697426e-08,1.6109046896417567e-07,2.124246201162805e-08,6.03654461883707e-06,4.735150014312239e-06,2.070084065053379e-06,5.617210518948923e-08,1.6775362610133016e-06,1.335627359821956e-07,2.718417704272724e-07,3.6407282522077367e-08,3.8563651827416834e-08,2.601554456305166e-07,1.138419520430034e-05,2.514314019208541e-06,5.388487807067577e-06,7.66694029152859e-06,1.4900633615866354e-08,7.488694791391026e-06,5.845795314485258e-08,8.182595223615863e-08,6.370069513650378e-06,7.949596181333618e-08,3.9390639017256035e-07,2.9415073754535115e-07,7.723339194853907e-07,6.4948233458039795e-09,1.124675509345252e-05,2.564172064012382e-06,2.2917588182735926e-07,1.7260788354178658e-08,1.5253126761649582e-08,5.275714443087054e-08,6.812427955082967e-07,9.085484634852037e-06,4.947902425556094e-07,8.824114416938755e-08,1.0224721336271614e-07,3.492235123303544e-08,1.316284738095419e-06,2.5620974231088667e-09,7.061414208919814e-08,0.9997356534004211,1.1312600918245153e-06,2.1907504560658708e-05,1.419904549493367e-07,2.6596959301627976e-08,1.694270679308829e-07,2.421597287138866e-07,8.480577889713459e-06,6.363181341839663e-07,2.0183644977578297e-08,1.160438614533632e-06,3.3702920063660713e-06,1.2055818388034822e-07,3.1644511011563736e-08,1.1032070688088425e-06,6.611556102598115e-08,4.731255103251897e-07,1.9950053342654428e-07,1.85289991350146e-05,3.5881471376342233e-06,4.222768268391519e-08,5.799641940029687e-07
true_79,1.6039656713928707e-08,1.4006832316226792e-07,3.834943527181167e-07,8.021849140504855e-08,2.3653107916743465e-07,2.549322175582347e-08,9.030435421664151e-07,3.7357568771767546e-07,3.9728710987674276e-08,2.4883257765395683e-07,6.340923874859072e-08,4.800305646313063e-07,1.710253911824111e-07,7.7763836259237e-08,2.559412948244244e-08,5.395509106165264e-08,2.7785604288510513e-06,7.004974122537533e-06,4.4294466761130025e-08,1.2335296162291343e-07,5.759291266116406e-09,9.33171122596832e-07,2.7174129968443594e-07,1.348284683899692e-07,7.115168898508273e-09,9.886981899853708e-08,6.856257186882431e-06,7.213753860924044e-08,1.1165751878650099e-08,3.877529195506213e-07,5.3288968793197e-09,2.5177480100779803e-09,2.5594025032660284e-07,1.2501809578679968e-06,4.6122846697471687e-07,2.366157332289731e-06,2.827960088325199e-07,2.977263307002431e-07,5.301710714888941e-08,5.02327210938347e-08,1.3392327957717498e-07,2.466894422070709e-08,7.501345862692688e-06,3.394336818018928e-05,1.020131890072662e-08,9.618787988330268e-10,5.691682076758298e-07,5.704993100152933e-08,5.032026137996581e-07,1.2449811492842855e-07,3.3106734917964786e-06,1.6450005659862654e-06,7.545553515342363e-09,1.123155968230094e-08,4.870383236266207e-06,1.1011609331035288e-06,6.132015073490038e-08,1.052663947120891e-06,8.412929242140876e-10,4.300146429159213e-06,1.087632526264315e-07,5.385805224022988e-08,1.4672383308322878e-09,3.077312840105151e-06,1.1890371752087958e-05,1.1723216175596463e-06,4.740461889696235e-08,2.971557888642451e-09,9.637660669525872e-10,1.3644151586333919e-08,1.166019636400506e-08,9.856643501393592e-09,3.48761597379621e-09,1.7330554769046103e-08,4.15143802001694e-07,2.3732715792590398e-09,3.2809580829962215e-08,1.5733556679720095e-08,5.157750706530351e-07,0.9998742938041687,1.1849244856421137e-06,9.143865220551106e-09,9.567627330397954e-07,9.957451752029556e-09,9.166597010334954e-07,1.1856619494210463e-05,5.22334516972478e-07,1.0949922746306129e-08,9.235909601557069e-07,3.131428893965449e-09,2.1527687010802765e-07,3.229214655675605e-07,2.353527328580185e-08,3.2659180249083875e-08,1.467920469622186e-06,2.192034571635304e-06,7.581051022498286e-07,1.8880916741181863e-07,1.3110793872783688e-07,1.748509674825982e-07
true_80,5.914942903473275e-06,9.942898941517342e-06,4.2505739656917285e-06,2.8849410227849148e-05,4.1251718130297377e-07,4.151540451857727e-06,4.430164153745864e-06,6.527815230583656e-07,1.3557133570429869e-05,6.641614163527265e-05,3.882519195030909e-06,2.8697064408333972e-05,0.00013367511564865708,1.5483861943721422e-06,0.0001476972975069657,2.0179381863272283e-06,3.0280593819043133e-06,5.757718213317276e-07,5.4499028919963166e-05,9.096278517972678e-06,7.948013944769627e-07,1.4280496998253511e-06,1.25673350339639e-05,8.948868526204024e-06,7.379856833722442e-05,1.1865159876833786e-07,1.2577756024256814e-05,1.0687988378776936e-06,4.955949862051057e-06,0.15228824317455292,4.910142251901561e-06,4.3399486457929015e-06,1.5433623048011214e-05,2.975839379359968e-05,5.056821464677341e-05,6.085991572035709e-06,2.0053330445080064e-06,6.65034258418018e-06,1.0167773325520102e-05,5.079434231447522e-06,5.5908217291289475e-06,1.1095517038484104e-05,1.0734956958913244e-06,6.461364591814345e-06,7.065752924972912e-06,2.6147474272875115e-05,4.240782345732441e-06,2.4604295845165325e-07,2.652638158906484e-06,9.187280738842674e-06,2.7032825755668455e-07,0.0007539332145825028,1.498670712862804e-06,5.231508453107381e-07,1.673736505836132e-06,1.0117820238519926e-05,9.796440281206742e-06,4.414420254761353e-05,7.945580478008196e-07,5.128593784320401e-06,0.0449826642870903,1.5371957488241605e-05,1.7510750467408798e-06,7.00243845130899e-06,2.6060446543851867e-05,1.4532771501762909e-06,4.979534082849568e-07,4.156242994213244e-07,4.344366004715994e-07,4.453613655641675e-07,2.6436050575284753e-06,2.6438385702931555e-06,5.129921873958665e-07,3.0230330594349653e-06,1.7876307538244873e-05,1.7759509773895843e-07,2.466923888277961e-06,6.300204404396936e-06,3.742933404282667e-05,1.0767177627712954e-05,0.8007141947746277,5.172625492377847e-07,1.3770397799817147e-06,1.7286871525357128e-06,1.2606251402758062e-05,1.1612958587647881e-05,6.642163157266623e-07,1.548742432078143e-07,1.02467220131075e-06,2.2957465262152255e-06,1.3180642781662755e-05,5.982103630230995e-07,2.324025899724802e-06,6.529344773298362e-06,1.6072388461907394e-05,4.335356061346829e-05,7.381483737844974e-05,2.78055540547939e-06,8.671186151332222e-06,2.0399727418407565e-06
true_81,5.68023438063392e-07,3.913751545070454e-09,7.66454917311421e-08,2.5410878379261703e-07,1.5624152638338273e-06,1.354280584564549e-06,1.8456225348018052e-07,2.1105811356392223e-06,1.0193539168312782e-07,8.114599658881616e-09,8.079716451447894e-08,3.853576302503825e-08,5.4426978479682475e-09,2.2563025936506165e-07,8.263573825217918e-09,6.892435067129554e-07,7.730280771056641e-08,1.0678769868377458e-08,6.139443176067516e-09,4.099817488167901e-06,2.52865277161618e-07,5.187706619835808e-07,2.048598588544337e-07,7.746758967641654e-08,5.176521966632208e-08,6.833010957052466e-07,1.525437376415084e-08,1.4350815646935189e-08,1.6535059987887735e-09,3.387762603779265e-07,1.5337995762365608e-07,4.037476628582226e-06,7.597943607606794e-09,1.1612473826971836e-07,7.442664582413272e-07,1.2523454415713786e-06,9.27093242353294e-06,2.7948587444370787e-08,4.990873776478111e-07,3.1479981288384806e-08,3.893886102446231e-08,1.4383475743784402e-08,1.5385695917302655e-07,2.1257193338897196e-08,4.916284979117336e-08,1.1564912938410998e-07,4.2005176226211915e-08,1.3741978932557686e-07,2.3395900328182506e-08,3.129319381400819e-08,8.359344860764395e-08,1.9148475871588744e-07,4.664507002871687e-08,4.615605575963855e-06,1.6684577275327683e-08,3.475629029026095e-08,5.180468054533094e-09,8.682998497988592e-08,6.420535925144577e-08,3.4620029509824235e-08,1.688726172233146e-07,8.217399027898864e-08,4.134595292271115e-05,2.344411029753246e-07,1.9471758605504874e-07,3.71091090300979e-07,5.109507128508994e-06,3.896050657203887e-06,6.390172984538367e-06,1.1091000118312877e-07,1.4362515798893583e-07,3.255703177273972e-06,4.479897143028211e-06,3.1098552426556125e-06,4.633508865481417e-08,1.3189268202040694e-06,9.411397741132532e-07,2.2248896414112096e-07,4.999069957989377e-08,2.1139943129355743e-08,3.198640996515678e-08,0.9992055892944336,0.0006394666852429509,1.042735038936371e-05,1.3286700095704873e-07,2.382494841413063e-07,5.415816758613801e-06,2.3133168724598363e-05,4.30218790370418e-07,1.1515901121583738e-07,2.3463584852834174e-08,8.167905320988211e-07,3.0578871701436583e-07,3.601723847168614e-06,1.3548697097576223e-07,2.635984856169671e-06,1.126439457266315e-07,1.8815129010363307e-07,5.914170486676085e-08,1.3269577436858526e-07
true_82,5.441430772634703e-08,1.6499083699272887e-07,1.4372438794651998e-09,1.22166632365861e-09,5.533639750865404e-07,5.570014494082898e-08,7.68989139032783e-07,3.6836045325117084e-08,2.5747922904884035e-07,4.452844137858847e-08,4.7525887225674524e-07,1.6465859786762849e-09,3.4597626381582813e-06,2.312760827294369e-08,1.8049204797421226e-08,2.0521250121419143e-07,3.2295635055135108e-09,4.1247069759720034e-08,1.3160902367914673e-09,6.942006507415499e-07,1.1116569886837624e-08,9.290797464700518e-08,1.2643633340303495e-07,3.941504189697298e-08,1.4211272159059263e-08,3.504912271523608e-08,2.3869848320146048e-08,1.5405323665618198e-06,2.2524108800325848e-08,8.508847315624735e-08,1.0535243788467596e-08,7.266599766353465e-08,1.4558087059413083e-05,1.258883060017979e-07,1.953354145101116e-09,1.5975740552676143e-06,1.2275338576728245e-06,7.626385745140851e-09,6.388826534475811e-08,4.6164153055805457e-10,1.1309229996925296e-08,3.1070004347100166e-09,1.813867278599446e-08,4.914545659318037e-09,1.524152537513146e-08,8.599989054225432e-10,0.0001594135828781873,7.719140171502659e-08,5.812973657981502e-09,2.8005231911265582e-08,4.5987786734258407e-07,2.1645168999384623e-06,7.065168894371254e-09,2.415759468021861e-07,2.1239057446109655e-07,4.071155785823066e-07,1.2180353392565735e-09,1.2960333606315544e-07,5.476434417062137e-09,6.558338583317891e-08,1.4640333745319367e-07,3.2341493927390275e-09,4.094300010137886e-08,2.1777593417482422e-07,6.817454334395734e-08,3.0795277439210622e-09,6.99735736020557e-08,1.1528418326633982e-06,1.7095037208036956e-07,5.487897425382471e-08,7.623173559068164e-08,4.813090370703321e-08,1.900947268040909e-06,1.2266795579307654e-08,2.3420227080350742e-05,9.458456240452051e-09,3.909153747372329e-07,1.750584210924444e-08,1.1227479390640838e-08,5.951499588263687e-06,6.276435726704221e-08,6.574248982360587e-05,0.9996933937072754,5.712939099566938e-08,7.227748000104839e-08,2.389014980508364e-06,2.9201100204545583e-08,8.267589919341845e-07,5.103307557874359e-06,9.71767910584731e-09,4.455506186218372e-09,7.029151447568438e-07,1.3956940492221293e-08,1.59925733100863e-07,8.532339990097171e-08,6.937704711162951e-06,2.9280406987908236e-09,1.987285358495683e-08,1.050626918797093e-09,8.722272468730807e-07
true_83,2.1962810592413007e-07,5.007319003880184e-09,8.326260569901933e-08,3.4110132673959015e-06,3.48295429830614e-07,2.5795361580094323e-06,1.6416476000813418e-06,7.853218875197854e-08,1.642434028781281e-07,1.1265958477224558e-07,1.1335467206663452e-05,3.2400828331446974e-07,3.6167406847198436e-09,6.740186563547468e-06,5.781680556538049e-08,2.41119746391405e-08,8.280903784907423e-08,4.615575107891345e-06,4.410570242363576e-10,2.1186073340118128e-08,1.0603135706332978e-05,2.7236274036113173e-07,5.8413132109080834e-08,2.353261052689959e-08,2.420636349143024e-07,7.057508355501341e-07,1.2313635124883149e-06,4.73156731572999e-08,1.5520893459353147e-09,6.792733984184451e-07,1.953438641066896e-06,7.069025400596729e-07,2.8846775634860933e-08,2.8069721338397358e-06,1.8272402257935028e-08,4.444152182259131e-06,2.9651079813675096e-08,4.660189567573525e-09,5.6893412647696096e-08,2.1603558941762913e-09,3.441709806040194e-09,6.7720478114097205e-09,3.127298953131685e-08,3.36113828325324e-07,3.8080629565229174e-06,7.410985602973597e-08,2.2971122781711983e-09,1.1408027233983375e-07,3.3891942052832746e-07,2.8785398171748966e-06,1.2857387901021866e-06,8.408576945839741e-07,5.410653898252349e-07,2.112180084168358e-07,1.0950204796245089e-06,6.432644994447401e-08,5.629765986725488e-09,2.4452373281746986e-07,2.5828063598964945e-07,2.9800251155620572e-08,8.161922693261658e-08,2.100793608406093e-06,1.5979687759681838e-06,1.4378272794601799e-07,2.2351517259266984e-07,2.8833803753514076e-06,3.752162580639151e-09,3.8414550544985104e-06,2.0271202174626524e-06,1.983476494160641e-07,2.9330342385947006e-06,5.862900252395775e-06,1.1164684110553935e-05,3.003652636834886e-06,1.3762550565843412e-07,1.058108267670832e-07,1.7981211897222238e-07,1.0677960062821512e-06,1.6817514847389248e-07,9.986677262929788e-09,1.6571696903611155e-07,1.199263715534471e-05,7.522921805502847e-07,0.9998551607131958,8.629802294990441e-08,4.809879101230763e-06,6.357307569260229e-08,5.8283017523308445e-08,1.0876903616008349e-05,1.8130990042664052e-07,3.858482671148522e-07,2.2410210576140344e-08,1.5473564189960598e-06,5.32454933477311e-08,2.7938426683249418e-08,4.5164534867581096e-07,6.989493158471305e-06,6.535193506351789e-07,2.0030485714528368e-08,5.215191478669112e-08
true_84,8.130407991302491e-07,1.1723544446340384e-07,5.772165422968101e-06,7.312734169317991e-07,2.6216225705866236e-06,2.1622054191539064e-06,2.4709703438929864e-07,9.301013051299378e-06,4.957385954185156e-06,2.4249009129562182e-06,3.207550889783306e-06,2.4585758637840627e-06,1.542143763799686e-05,2.143279971278389e-07,1.0902061831075116e-07,8.41809087432921e-05,5.175760634301696e-06,3.0927417355997022e-06,1.9742699805647135e-05,1.2759791388816666e-05,6.257950531107781e-07,8.883280315785669e-07,1.0773079338832758e-05,9.826037057791837e-06,5.657647648149577e-07,8.068539614214387e-07,5.549792604142567e-06,2.1808506062370725e-05,3.0506658731610514e-05,3.2683651625120547e-06,3.7634717386936245e-07,2.893544319704233e-07,1.3819707191942143e-06,3.980401288572466e-07,0.00030465953750535846,5.717550948247663e-07,1.4639994105891674e-06,5.607496859738603e-06,1.843515349264635e-07,1.2548463246275787e-06,2.4671749088156503e-06,1.3803818546875846e-05,5.356071596906986e-06,8.94974436960183e-06,5.536258413485484e-06,3.718559355547768e-06,5.6110648074536584e-06,7.385151548078284e-06,0.00026426688418723643,1.496938602940645e-05,1.0586832104308996e-06,5.201261956244707e-06,2.2845495095680235e-06,8.015877938305493e-06,1.079367962120159e-06,9.821703315537889e-06,1.1721751434379257e-05,1.5513800462940708e-05,2.495224634913029e-06,2.8207846298755612e-06,1.4000045666762162e-05,3.015793026861502e-06,2.589307996458956e-06,1.3535104699258227e-06,3.073135667364113e-05,8.683102237228013e-07,2.1190896859479835e-06,5.169082669453928e-06,6.65740913063928e-07,7.7652538266193e-07,1.8070480223286722e-08,1.721353328321129e-06,1.2438670182746137e-06,5.4743388488986966e-08,5.133339300300577e-07,3.3511365472804755e-05,0.00043674843618646264,3.201945446562604e-07,9.054226097759965e-07,1.554597110953182e-05,9.88115971267689e-06,5.22324739904434e-07,3.4117124414478894e-07,2.2374072727870953e-07,0.5206255912780762,3.836927078282315e-07,1.1741224170691567e-06,6.0548018154804595e-06,1.0481265235284809e-05,4.276631898392225e-06,4.6465748937407625e-07,7.143690891098231e-05,1.5466096670024854e-07,1.2106143287837767e-07,0.4776492714881897,4.0202336094807833e-05,1.9597505342972e-06,2.9994034775882028e-05,1.2636401152121834e-05,1.4603162526327651e-05
true_85,1.5665497343775314e-08,9.877650199996424e-07,1.7877871627547393e-08,5.06200592553796e-07,1.4700779482623716e-10,1.5291185206933733e-08,1.3108127859595697e-05,3.4682976490785222e-09,1.318303759489936e-07,3.476220626907889e-07,5.753217351411877e-07,8.312157717682567e-08,1.0715692866369864e-07,6.742247649071942e-08,8.022965403142734e-07,3.0177045307056005e-09,7.400355883646625e-08,2.0433039935596753e-06,2.8750126723764424e-09,3.2013787176765618e-09,4.902802785977656e-08,1.701100273976408e-07,8.793337613610674e-09,2.589831460397818e-09,9.14631037574054e-09,5.041474793188172e-08,1.3615381249110214e-06,5.837016558984942e-08,8.672372153739616e-09,1.3699640533104684e-07,1.9679198430822e-06,2.766426809852618e-10,5.475543275679229e-06,2.789662858049269e-06,1.2749495681418921e-08,1.4423748098124634e-06,5.795082191895062e-09,2.2467895988143027e-08,9.462897132550552e-09,2.066102400277714e-09,6.068973101847064e-10,8.773790582949914e-09,4.1747367163225135e-07,1.4808325659032562e-06,3.694169592449725e-08,4.7338661879337e-09,1.1122877197067282e-07,2.881687333200489e-09,3.2122166260251106e-08,4.1338006440128083e-07,4.625074723207945e-07,2.4315618247783277e-06,2.2183083814297788e-08,4.495358751910317e-09,1.4706413367093774e-06,3.0211450052775035e-07,1.8172301441410355e-09,6.958949143154314e-06,7.355468317760128e-11,6.195573121203779e-08,7.203515650644476e-08,2.839943036292425e-08,1.5873791170406548e-10,2.400020377990586e-07,4.553110244387426e-08,1.2375336666536896e-07,1.9854498045646096e-09,2.9412539070960975e-09,5.333867125756342e-09,2.478640581671243e-08,1.081138947256477e-07,5.266703517747828e-09,9.910479548125295e-07,2.490704353874662e-08,5.723737785956473e-07,8.886019697840197e-10,1.985896336265114e-09,3.440362306150746e-08,9.265701237382018e-07,1.6408124793088064e-05,1.2763514405378373e-06,1.0660233584758316e-08,6.920407145116769e-07,1.1338553349560243e-06,3.5507334850137795e-09,0.9999178051948547,8.306694776472057e-10,9.352955743224811e-09,6.413812116079498e-06,2.6072353165318418e-08,6.033131967342342e-07,4.4455134018406284e-10,2.8022929754456527e-08,5.4266653393142406e-09,1.910774427571482e-09,7.796818124461424e-08,5.653369044011924e-06,3.0665155748010875e-08,5.0144821628350655e-09,4.299967937271276e-09
true_86,2.2417072642610947e-08,9.64793542834741e-08,2.4323125558112224e-07,5.905034683451049e-08,1.0697613106458448e-05,6.536537284773658e-07,4.713365342468023e-08,6.920546184119303e-06,1.4475133980340615e-08,3.187610388977191e-07,1.267831919449236e-07,1.6835790006552998e-07,8.066185941402182e-09,2.326519705775354e-07,3.285772720573732e-08,1.5242143263094476e-06,8.181944508578454e-07,6.410359105757379e-07,3.0716745413883473e-07,2.6724958388513187e-06,4.288819468456495e-07,9.604004844732117e-06,4.7830130824877415e-06,4.940626695315586e-06,2.090258988118876e-08,2.7298895020066993e-06,2.306863677858928e-07,1.4261186720432306e-07,1.4960555461129843e-07,7.77479385760671e-07,1.2935599258412367e-08,4.962211619385926e-07,3.681395854826519e-09,5.1789111665812015e-08,1.2892584209112101e-06,1.4181796359480359e-07,3.1870499697106425e-06,3.4408950000397454e-07,1.226541712640028e-07,1.188260398521379e-06,1.4159217016640469e-06,2.998332604420284e-07,6.681124204988009e-07,1.0338366962514556e-07,3.3652188591304366e-08,1.8199916951289197e-07,1.4410074022919162e-08,2.473828772053821e-06,4.10647764681471e-08,4.8288875120761077e-08,1.7278616724070162e-06,8.119079808466267e-08,2.06319334949967e-08,5.499431608768646e-06,3.431052419955449e-08,3.339921050837802e-08,1.5092365401869756e-06,5.5067328474933674e-08,4.401159969802393e-07,5.330510788326137e-08,1.1265658628190067e-07,6.765798730157258e-07,2.5136364456557203e-06,5.99767304265697e-07,1.6936772340159223e-07,2.522076556488173e-06,8.010603778529912e-05,5.363665422919439e-08,3.07757908046824e-08,8.786299076746218e-06,3.0115501203908934e-07,2.933030884832988e-07,6.479578473772563e-08,1.9529820747266058e-06,3.257406788748085e-08,1.7848371953732567e-06,1.2428196782821033e-07,5.88791326805449e-09,5.921324373048265e-07,1.0971900792355882e-06,7.547669724772277e-07,1.2138913916714955e-05,1.290847876589396e-06,7.983460648119944e-08,1.9211879589420278e-06,1.1371539443416623e-07,0.9997895956039429,1.365657226415351e-05,1.1422721257758894e-07,1.2085979328446683e-08,3.242051960228309e-08,7.614160040247953e-07,1.2329921617038053e-07,3.841225293399475e-07,9.56817189035064e-07,1.3785247574560344e-06,3.5256425690022297e-07,2.0943465983691567e-07,2.419585143798031e-06,8.669141493555799e-07
true_87,3.570508111394588e-09,7.802578139148864e-09,1.370541569123418e-09,6.287639742197371e-09,3.6964070204703603e-07,3.59978047370646e-10,7.465186802058099e-10,1.2131823723393609e-06,4.8476277214604124e-08,7.33245641981739e-08,4.357890404094178e-08,2.1218403034595212e-08,5.971560135265008e-09,1.3521040287400865e-08,6.984685052557893e-10,3.407978681480017e-07,7.407250279811706e-08,2.078094674118347e-08,1.3978971313832744e-09,6.365629587889998e-07,1.2041567742926418e-08,7.025218629053143e-09,1.6707710415175825e-07,1.3957412647869205e-07,6.796801699238131e-08,1.1379388809018565e-07,9.017574242875526e-09,1.5104083672667912e-07,1.0569296904350267e-07,4.567611178174502e-09,1.3313626645583554e-08,1.5068368952597666e-07,6.635659701714758e-07,1.2877900967822598e-09,3.629471393651329e-06,1.1102548214125818e-08,9.005340473322576e-08,8.331641510039844e-08,5.8275492875736745e-08,4.215764448645132e-08,1.1463311549997357e-10,2.3417734418273994e-09,8.488426628261436e-10,1.6124296342567845e-09,6.490927262348123e-08,3.1821953960786686e-09,4.514944151878808e-08,4.101421424707041e-09,6.026286136773251e-09,1.80339334576729e-08,7.51010542643371e-09,8.516204630382163e-09,3.237746781792339e-08,6.354761126203812e-07,6.545406883162741e-09,2.5862836317003257e-09,1.5158317268060273e-08,6.8496119887129225e-09,1.1439832547921469e-07,1.439669272684796e-08,5.208237752185596e-08,2.6040134493143796e-09,5.259286808723118e-06,5.488248522311778e-09,4.951606236147654e-09,3.1241637543644174e-07,1.4502232943414128e-06,3.053655291296309e-06,1.689929263193335e-07,3.353747501932958e-08,1.124897686111126e-08,5.4849124353495426e-08,2.4714147457416402e-06,6.586178358247707e-08,3.7749470216397185e-09,4.459075626073172e-06,3.846164418064291e-06,4.1408006268284225e-07,2.3747384503280955e-08,1.144703176692019e-08,2.2118704645635034e-09,1.686446580606571e-06,9.805443141885917e-07,6.3998193411407556e-09,3.693720884712093e-07,1.5629634475544663e-08,6.132898988653324e-07,0.9999405145645142,2.1340015976534232e-08,1.1031081470491699e-07,1.1193548310473034e-08,9.68114704846812e-07,1.525626180942652e-09,6.551307829560926e-10,1.6937011082518438e-07,1.259703878986329e-07,2.236637755004267e-07,1.9720487216545735e-06,1.6459766527532338e-07,2.097726974170655e-05
true_88,7.687925851485033e-09,1.6248241863081603e-08,3.294013822596753e-06,4.787180873933039e-09,1.3509156815416645e-07,1.16117995219156e-07,1.1472730875539128e-05,4.230567469676316e-07,5.478021947169509e-08,1.8594560913243185e-07,1.835129637584032e-06,1.0457695509558107e-07,9.929020272636535e-09,2.427554591122316e-06,1.611416600155735e-08,1.687799588978578e-08,4.404963505066917e-08,1.0841531548066996e-05,4.6355327909530786e-10,7.978552263310235e-10,1.1359452400938608e-06,3.510258750338835e-07,1.5240659934079304e-07,1.3419791855540097e-07,6.101329441676739e-10,2.4259099973278353e-07,2.7406126719142776e-06,4.013123167112553e-09,2.9620454977674626e-09,1.1264902788354902e-08,6.240958416725562e-09,2.1062513955172335e-09,1.0799651839477065e-08,6.037218440724246e-07,1.0368153002815461e-09,4.802098487743933e-07,8.711741550371244e-09,1.4768989364810636e-09,1.3229248807533622e-09,5.8220197551861474e-09,4.160046529477768e-08,9.126845945672812e-10,2.805873918987345e-06,2.2577873437512608e-07,1.0911412218206351e-08,6.299300192580404e-09,2.34607817617416e-08,1.921378498082049e-06,1.7251548456442833e-07,1.2693179769485141e-06,3.4044558105961187e-06,2.67104724116507e-06,2.1954209117325263e-08,8.620285996130406e-08,2.6318689378967974e-06,2.499536435607297e-07,1.3883210137066726e-09,4.6961977204773575e-06,1.514430607585382e-07,2.5071994969039224e-06,6.515001871321147e-09,1.4902059319865657e-06,1.0013142537346198e-09,6.737571425219357e-07,1.9920386762350972e-07,5.905552669105418e-08,9.39156641344141e-10,2.044807168033458e-08,4.718801349667956e-08,7.545229891547933e-06,1.5474641656965105e-07,2.0734189831728145e-07,5.744661280004948e-08,5.5761137929266624e-09,1.0473672773514409e-07,3.980193952202171e-08,9.136917000773792e-09,2.1165462715799777e-09,4.70915210826206e-07,7.650451152585447e-07,3.965045323184313e-07,4.979960266382477e-08,9.565412710799137e-07,2.048270062005031e-06,2.2514898390113558e-08,3.4761203551170183e-06,1.113905945260285e-08,7.759169973198254e-10,0.9999176859855652,1.0749380408014986e-07,6.846324254183855e-07,7.551648195658345e-09,2.567364845162956e-06,1.772577036263101e-07,2.2921588183066888e-08,2.314937930236738e-08,9.262516442731794e-08,4.615398729868048e-09,9.37729116579078e-10,9.303481540712255e-09
true_89,5.221592800808139e-05,1.1867675766552566e-06,4.963071731367563e-08,6.293596470641205e-07,1.7984225220146755e-09,3.2708107333689895e-09,5.874469355404699e-09,1.204866464377119e-07,2.8590363854164025e-07,4.857171376215774e-08,9.31090227140885e-09,6.9967378557578286e-09,7.565794476249721e-06,8.057918776671613e-09,1.1143936440305424e-08,2.1326556520762097e-08,9.499006381474828e-08,2.6101156791469293e-08,6.614702670049155e-07,3.793912295435575e-09,3.038222562423698e-09,6.506742522560671e-08,2.2137925270726555e-08,2.850362612605295e-08,4.91721834805503e-07,1.2854238562454157e-08,5.349929832476619e-09,3.622558963911615e-08,4.0407309143120074e-07,4.253321961300571e-08,4.734194192224095e-07,4.609984394221556e-09,1.2528730053418258e-07,8.202937351597939e-08,1.132900848688223e-07,3.4607450238866022e-09,1.5431899313966824e-08,3.0357830382854445e-07,9.035805703661026e-08,7.765972043216607e-08,4.9914245181525985e-08,1.0546685871304362e-06,5.253686374828703e-09,4.2573908842769015e-09,2.475195826079357e-09,1.2589974858201458e-06,4.506460754782893e-05,9.453056115660274e-09,2.0916090193168202e-07,1.840004770770065e-08,8.040841521506081e-07,4.2656114374040044e-07,2.475270264312712e-07,7.119938061350695e-08,7.42165511269377e-08,4.485451938762708e-07,4.917815772387257e-07,1.7226739146281034e-07,6.694443044352738e-08,1.1210726569288454e-08,6.517209953926795e-07,7.777495092398112e-09,8.181752164659883e-09,5.588738531514537e-06,4.117098839628852e-08,4.384481755437264e-08,1.3971691359415672e-08,1.2334577093042753e-07,1.2380146685586624e-08,1.1920811893162409e-08,2.6560115884421975e-07,1.528322357557954e-09,1.2283064165785618e-07,1.2090553558330441e-10,3.351136115270492e-07,5.79037973125196e-08,1.2752647648994753e-07,6.708449351577883e-09,7.178476835179026e-07,7.443984539889925e-09,1.3127196041295974e-07,7.447459982046212e-09,7.01349867071599e-09,5.144631387565823e-09,5.107036145091115e-07,3.7371062688862366e-08,1.9232138104285923e-09,1.5841658651538637e-08,2.575788471403939e-07,0.9998712539672852,7.220239126581873e-07,3.454054819940211e-08,8.322306399577428e-09,5.228495969511471e-10,6.450990213124896e-07,7.084576481020122e-08,1.7033951138500925e-08,2.0138163563387934e-06,1.8450322158969357e-07,1.1895521367932815e-07
true_90,2.6077506376509518e-08,7.135271152947098e-05,1.4932996350580652e-07,1.1391670113880537e-06,5.238089961778769e-10,1.0988493386321352e-06,1.8570082360724882e-08,9.68169455717316e-09,1.8915770851890557e-06,5.639335995510919e-06,8.517597294144252e-09,1.9938897821702994e-07,6.6060694692282595e-09,1.5494029392826292e-09,7.434334179379221e-07,8.930240937843337e-07,3.237652208554209e-07,4.8638252536648e-08,4.533038833187675e-09,5.270464065176839e-09,5.074911086921929e-07,9.681825474672223e-08,5.1930095779084695e-09,6.6324270520112805e-09,7.336992524642483e-08,1.0106580461410886e-08,2.9088430437695934e-06,1.8006399926662198e-08,1.4387085300882063e-08,3.8367424792795646e-09,1.8320561139262281e-06,1.2673186056133545e-08,1.6504210975654132e-07,1.3941129282102338e-06,4.190574109941281e-09,9.534715239567504e-10,2.4415713895109548e-09,1.6698170384188415e-06,4.833733783016214e-06,5.641598477268417e-08,6.737143731783135e-09,3.474924028523674e-07,1.3215003491495736e-06,2.219889516652529e-08,8.840619329930632e-07,5.4334661214738844e-09,2.3879982435914826e-08,4.6828314559377304e-09,1.0901006675112512e-07,1.1968681974394713e-06,2.916082166848355e-07,3.2654619985805766e-07,8.147152641413413e-08,2.815706556802411e-09,5.226143912295811e-06,4.7875346353976056e-08,1.3633207629482058e-07,3.71980419799911e-08,1.092470483854413e-06,3.041462548480922e-07,1.6727954132988998e-08,2.674433119409514e-08,9.808977807779229e-08,2.7431548588197074e-08,1.9260804062781745e-09,2.0807453537941e-08,1.8489799691323583e-09,1.4451815744109808e-08,1.1776351271919339e-07,2.308036251008616e-08,5.033406225152248e-08,1.845005745404471e-11,3.658498570757729e-08,9.464160566352575e-10,5.25603036294342e-06,1.1364151841775083e-09,1.0612326128978111e-08,2.2533268406732532e-07,1.3752426752944302e-08,1.691965252348382e-07,6.845842108305078e-06,1.6699173155387825e-09,6.30506591381419e-10,3.3376625907521884e-08,2.1392098759065448e-08,1.6102179642984993e-06,9.814880019831662e-10,5.0684318964044905e-09,2.1818394202455238e-07,2.6850761969399173e-06,0.9998629689216614,1.875500199588487e-09,4.4848047764389776e-06,1.4056027453079878e-09,1.829641682604688e-08,4.331156588932572e-08,1.1685252587767536e-07,3.0241960757848574e-06,3.154477326461347e-06,2.36745067994093e-10
true_91,7.00720121926679e-08,1.825915640907283e-09,1.3781111363186938e-07,1.1363848528844755e-08,6.902395455199439e-08,1.584770785711953e-07,1.4708116946593464e-09,4.225982230821046e-09,3.104609236359579e-09,3.970656692331431e-09,2.418219402500199e-08,8.591223732423714e-09,3.9622059944122157e-07,2.636580731518734e-08,6.826883502952796e-11,1.2022721875837306e-06,3.47362028030318e-09,1.664863091832558e-08,1.2591165159392403e-06,3.3843105029518483e-07,2.1048007781132583e-10,1.4281806670624064e-07,4.532813875357533e-07,2.527519029627001e-07,9.023438107824688e-10,6.649787942514251e-10,2.8933945017683982e-08,1.6581243755808828e-07,7.316049845940142e-07,2.090268225174441e-08,1.5147648468882835e-08,3.625554256814212e-08,1.6806477987074686e-08,2.6282418463807744e-09,2.4861976726242574e-06,1.4309502027742838e-08,1.2233928828209173e-05,1.460017813315062e-07,1.026179807794847e-09,1.237758340266737e-08,2.5692486360640032e-06,1.659926063268813e-08,1.551614614569985e-09,7.915764044241769e-09,6.172534483539494e-08,5.248990078143834e-07,8.47481160803909e-08,2.3428178792528342e-06,4.612670778669781e-08,2.1633349334138074e-08,1.0336838940361304e-08,4.067793923923091e-08,2.735007775811482e-08,3.5408168059802847e-06,5.319152052152276e-08,3.961958441323077e-07,1.3506839877663879e-06,1.457887144340475e-08,2.6971807898235056e-08,3.115313802481978e-07,5.772007583004779e-08,1.8786079181154491e-07,3.7660220186808147e-07,7.588203843056363e-09,4.303425527041327e-08,7.810152524712066e-09,5.569250447479135e-07,9.347233032030999e-08,1.7725509948718354e-10,2.4150839106340527e-09,8.497744174995603e-11,2.4436875634137323e-08,1.2404334226445712e-09,8.791107286576505e-10,2.004513666165053e-09,7.336071803365485e-07,3.2124444260261953e-06,3.074184817819514e-08,2.6128463836982974e-09,7.474147167840783e-08,1.9879671242506447e-08,1.597658751961717e-07,1.1689769507938763e-07,2.723092418221995e-09,1.3756614407611778e-06,2.0861135041627676e-09,3.685608263026552e-08,2.7493439347381354e-07,1.4129156511444307e-08,1.4631259759312343e-08,9.036161818798405e-10,0.9999573826789856,9.75458469554269e-09,1.6707699668216947e-09,1.3972942269901978e-06,2.6025341526292323e-07,5.803820357641598e-08,6.290927956342784e-08,2.667703391523446e-08,1.4926586118235718e-06
true_92,9.958608870874741e-08,3.933942593903339e-07,6.8068484324612655e-06,5.024342613069166e-07,8.930742367851963e-09,1.1646048960756161e-06,8.764742176481377e-08,5.5916840047132155e-09,5.0897565415652934e-06,1.2063685062457807e-05,2.443384801154025e-07,3.5891687275579898e-06,3.849319973880938e-09,1.82963347583609e-07,1.9283524466118251e-07,1.5493513672026893e-07,5.458697955873504e-07,9.591706984224402e-09,1.826824735928767e-08,2.8102200566593183e-09,1.4183206076268107e-07,1.4605351680074818e-05,7.333095908279574e-08,2.7111308753546837e-08,9.954218782581847e-09,4.502284767227138e-08,1.2721156963380054e-06,1.5722727564337902e-09,2.7697608651067185e-09,1.468392554215825e-07,6.921927138137107e-07,1.1446176358731464e-05,9.47296001641007e-08,1.196085008814407e-06,6.08134964608098e-09,1.4128819891823241e-08,1.5096064771569218e-06,1.4572074746865837e-07,2.8924429074095315e-08,6.464250645876746e-07,1.8799019017023966e-05,2.2596031712396325e-08,7.435375550812751e-07,2.8275959351731217e-09,1.036833054968156e-06,3.322582386999784e-08,1.8322164896389381e-09,4.853843051932927e-07,4.626612426505972e-09,1.9161647912824264e-07,1.533961437871767e-07,1.5763045666972175e-05,1.3125234090693993e-06,9.102036813146697e-08,2.976856592340482e-07,9.33830222038523e-08,1.1337252914245255e-07,3.6826058646965976e-08,1.877698139196582e-07,2.1548677977989428e-05,1.6001357039385766e-07,1.2706406096185674e-06,3.3379265573785233e-07,8.626493297470006e-08,2.081311301083133e-08,2.436366308700144e-08,7.367176202421888e-09,3.578001228632388e-09,2.3557198858270567e-08,1.579541276441887e-06,1.4437437130254693e-06,2.4639911089252564e-07,2.6277433562427177e-08,2.3109262059506364e-08,5.997882226438378e-07,9.129201394841857e-09,1.6059335194995583e-08,2.2576696068199453e-08,3.548648237483576e-07,6.588529544160338e-08,2.7714834232028807e-06,9.813983581352659e-08,1.6311329176232903e-08,3.0165531939019274e-07,3.65497747623067e-08,1.5868771185978403e-07,3.325760999928207e-08,1.4836608608348456e-09,2.998911213580868e-06,2.5160071004393103e-07,7.484556408599019e-05,9.927970268108766e-08,0.9997822642326355,3.825934982160106e-06,3.553461880301256e-08,4.226195393641774e-09,5.610327775684709e-07,1.0671217296476243e-06,9.048548577084148e-08,9.290148095253414e-10
true_93,3.7213905557109683e-07,2.228147444327533e-08,2.304429699506727e-06,1.1587987103212072e-07,1.2488388279052742e-07,6.813517217096887e-08,2.1646769710059743e-06,4.2102283259737305e-06,1.874375072929979e-07,2.6612622150423704e-07,2.951039277832024e-06,3.548322808910598e-07,2.9983051597071153e-09,5.023280635896299e-08,3.280743499090022e-07,5.0466571366314383e-08,2.38287558573802e-08,1.0925974791575754e-08,2.082315475604446e-08,8.598873932896822e-07,6.676266650629259e-08,2.033277951341006e-06,3.8751196029807033e-07,3.4622712519194465e-07,1.1759182427795167e-07,1.368756898045831e-06,1.8035015258988096e-08,5.081381981852928e-09,4.192210578679578e-09,6.987292636040365e-06,1.870768642220355e-07,2.0278116608096752e-06,1.507446825144143e-07,3.4871268894676177e-07,1.7395004192621855e-07,3.675340394693194e-06,4.180486996574473e-07,1.328338896655623e-07,2.2648757180832035e-07,2.518403618978482e-08,1.4928738778507977e-07,6.9868013596874334e-09,2.999812238613231e-07,4.31526316901909e-08,1.0294094465734815e-07,4.282486809614738e-09,2.02850500841123e-08,5.568345841311384e-06,4.0771602982658806e-08,2.745013318872225e-07,7.783118149973234e-08,2.1729583750129677e-06,5.7250908014339075e-08,3.899037324117671e-07,2.7238971966880854e-08,1.2851048722950509e-06,1.1833977708874954e-07,8.79560246858091e-08,5.597992291939136e-09,5.310474762154627e-07,9.192892491682869e-08,2.1145266870803425e-08,1.0983839047185029e-06,9.686127668828703e-07,9.86626218946185e-06,5.829739890828023e-08,4.478517894312972e-07,1.6948088159551844e-06,4.2400550626098266e-08,5.847744546372269e-07,1.5164472642936744e-05,2.2510014332510764e-06,2.2763647393730935e-06,2.191261501138797e-06,4.0875073636925663e-07,4.34679122918169e-07,2.5650021484580066e-07,6.344822622850188e-08,1.0551512730216928e-07,2.3113402392027638e-07,1.340123816362393e-07,5.3618896345142275e-06,5.100412636238616e-06,2.0803273059755156e-07,8.026037789932161e-08,1.8190849004895426e-07,5.431026011137874e-07,1.4722647101450548e-08,1.4656105804533581e-06,9.053359839583663e-09,9.288544333685422e-08,1.381329042260404e-07,2.228733865194954e-05,0.999881386756897,1.1959546952766686e-07,1.3391392883477238e-07,3.023117756129068e-08,2.216302874558096e-08,7.293979642497561e-09,3.894792932612745e-09
true_94,2.820944473569398e-07,3.955960181656337e-08,9.224316954714595e-07,3.5129261277688784e-07,4.881077231289055e-08,1.1438642388839071e-07,5.350615239763101e-08,2.1055828369753726e-07,1.3924852737545734e-06,1.0726161008278723e-06,5.65287280096527e-07,6.117379030001757e-07,1.0757169548014645e-05,1.318038567177382e-08,2.2282254263927825e-08,3.2608709261694457e-06,1.8506588617128727e-07,5.2689858875965e-07,7.772569006192498e-06,1.4801966017330415e-06,2.8458464029768038e-08,1.6667773650169693e-07,5.991557827655924e-07,4.176112327058945e-07,2.787778612400871e-07,9.15813114232833e-09,4.889597562396375e-07,6.776402642572066e-06,1.8602519048727117e-05,1.0143265853912453e-06,7.686177383448012e-08,6.4537517552309964e-09,3.2622770618218055e-07,7.688804259942117e-08,3.83000988222193e-05,4.991600732751067e-08,9.818467106015305e-08,1.0219310979664442e-06,4.129091024651643e-08,9.045943727414851e-08,1.9886219604359212e-07,1.2977846381545532e-05,5.4911417635139514e-08,4.013444595329929e-06,1.929360450958484e-06,2.1683183604181977e-06,3.034786459465977e-06,2.270327996711785e-07,1.1244823326705955e-05,3.0739270187041257e-06,6.593781876063076e-08,2.4801956897135824e-06,7.288181222975254e-07,7.925218596938066e-07,1.366290831583683e-07,4.952986500939005e-07,3.541789510563831e-06,4.247883680363884e-06,2.3311073960030626e-07,2.0129394329160277e-07,4.948263267579023e-06,1.2607208645931678e-06,1.3846151780683158e-08,4.90463882840686e-08,3.057435151276877e-06,5.076919862290197e-08,9.633659203700518e-08,1.5957512289332954e-07,1.5352748405916827e-08,7.86315226264378e-08,1.792823001167676e-09,5.258964463905613e-08,7.268775448210363e-08,3.4234424184376167e-09,1.74152006593431e-07,2.9151774469937664e-06,4.268222619430162e-05,1.0791644911023468e-07,2.066794451138776e-07,3.290796939836582e-06,4.637207894120365e-06,1.97558254200203e-08,1.987797659808166e-08,2.2040094194153426e-08,0.5167949795722961,8.226703585023643e-08,8.994923916816333e-08,1.0799791425597505e-06,6.536679961754999e-07,2.2183055534696905e-06,7.49016706436123e-08,8.55789676279528e-06,1.2895020162773108e-08,1.8322754424815457e-09,0.4829409122467041,2.543393748055678e-06,6.144047688394494e-07,1.5625299056409858e-05,4.317897492001066e-06,1.4235355592973065e-05
true_95,3.928455953428056e-06,1.1436314650836721e-07,4.6248860741116005e-08,9.642833731504652e-08,1.209006200042495e-06,5.9293590481956926e-08,8.57538452692097e-07,5.021013748773839e-06,2.919640280651947e-07,3.694874806114967e-07,2.099740612493406e-07,5.986130702240189e-08,1.7092035875521105e-07,3.5158809197355367e-09,1.1600366178754484e-07,1.3613386727229226e-05,7.095347598351509e-08,8.326751412823796e-07,9.183780207422387e-07,7.050271960906684e-05,1.2040041852401373e-08,6.314236316029564e-07,3.772021841541573e-07,3.058713957670989e-07,4.023617350412678e-07,1.1538262612020844e-07,1.1743973971078958e-07,1.117948158935178e-05,5.050256390859431e-08,1.2390907500048343e-07,7.059952622512355e-07,3.8615857533841336e-07,1.9601156964199618e-06,2.9004780799368746e-08,2.3310295205192233e-07,5.011563644075068e-06,4.581429038807983e-06,3.260143088823497e-08,3.156317802677222e-07,4.4941921828467457e-07,5.539376616070513e-06,6.364351747834007e-07,1.8286223735231033e-07,6.257057805214572e-08,3.2970113750252494e-08,7.870104923313193e-08,4.1352213884238154e-05,5.235069124864822e-07,9.323842391495418e-07,1.417386954472022e-07,4.9203836169908755e-06,8.818050218906137e-07,8.822503616556787e-08,1.2276316283532651e-06,1.3929002307122573e-07,2.4512581148883328e-05,5.155114877197775e-07,3.0255253591349174e-07,3.757233812962113e-08,2.0151358626208093e-07,5.0036771170880456e-08,7.125428247434229e-09,5.809770300402306e-07,6.439004778258095e-07,9.904733815346844e-06,3.766426459606009e-08,6.514393362522242e-07,2.8663409921136918e-06,1.868515653313807e-07,4.8429388499471315e-08,1.1808488409315032e-08,1.405270211307652e-08,3.256574245824595e-06,1.996027876316475e-08,3.5619967775346595e-07,3.050124064429838e-07,5.676489536199369e-07,9.843422787980671e-08,8.625182346122529e-08,5.9371495808591135e-06,6.825247282904456e-07,1.4436410538110067e-06,5.058823080617003e-05,7.787994604768755e-08,8.847426897773403e-07,7.118588314369845e-07,2.631134918829048e-07,2.2128354260075866e-07,6.629015274484118e-07,2.1415476680886059e-07,1.0163195440782147e-07,1.1477809493953828e-05,2.098522422500082e-08,3.257543568224719e-08,6.872884341646568e-07,0.9996967315673828,3.1489726382005756e-08,1.4462364106293535e-06,8.558151165516392e-08,1.0706106934321724e-07
true_96,3.178499952127822e-08,1.962083118201008e-08,1.700802386039868e-06,7.073196320561692e-05,3.914605315458175e-07,4.026384885946754e-06,3.365115844644606e-06,3.100561514202127e-07,2.921441364378552e-07,4.793965899807517e-07,1.6957912976067746e-06,2.2868112864671275e-05,3.3783589969971217e-07,2.6980796974385157e-05,7.854445129851229e-07,1.4051565813133493e-06,4.369086127553601e-06,1.0881728485401254e-05,1.3940390886091336e-07,1.2625498584384331e-06,0.00011159256246173754,6.098387075326173e-07,1.5716192365289317e-06,6.207177420947119e-07,8.279560574919742e-07,3.12619846454254e-07,9.209239215124398e-05,9.319464311374759e-08,2.9143986779445186e-08,1.0683443179004826e-05,3.4455328545845987e-07,7.525692353738123e-07,2.813521291500365e-07,0.0001144284033216536,0.0008332267170771956,4.407832875585882e-06,9.6824453521549e-07,5.100098405819153e-07,1.4313383367436927e-08,4.335875587457849e-07,2.3267156734618766e-07,4.681556120544883e-08,1.9098300981568173e-05,5.395385596784763e-05,1.109329332393827e-06,1.4890135844325414e-06,6.397597562823876e-09,3.110002211315077e-08,5.961129545539734e-07,2.4995538296934683e-06,4.669240638577321e-07,5.59147974854568e-06,3.715066299037062e-08,2.979602982122742e-07,4.72357214675867e-06,2.911636443059251e-07,1.83411131615685e-07,1.711614095256664e-05,1.3615016669632496e-08,4.589280706568388e-06,1.9613482436398044e-05,2.375198164372705e-05,2.7744459657697007e-05,1.480075866311381e-06,2.2318376977636945e-06,7.873769936850294e-05,1.0756419044355425e-07,1.5376976136849407e-07,2.9237079957056267e-07,1.0784847148670451e-07,2.5803365133469924e-06,2.0806933207495604e-06,4.32701092734078e-08,1.8876013200497255e-05,2.387155859651102e-07,1.9825714048238297e-07,4.4004769961247803e-07,8.644734634799534e-07,2.333666998310946e-05,2.481773481122218e-05,5.1832535973517224e-05,1.3869171198166441e-06,7.405488844369756e-08,1.2172739843663294e-05,1.4359512761075166e-06,8.869585144566372e-05,7.533598704867472e-07,2.356166760364431e-06,1.2609931218321435e-05,1.1347792394644785e-07,5.131239504407858e-07,3.799851356234285e-06,9.911007055052323e-07,4.6920455076815415e-08,2.3987872737052385e-06,2.614038407955377e-07,0.9981501698493958,1.5730258837720612e-06,1.9468200207484188e-06,9.134722631642944e-07
true_97,6.728554158286215e-09,4.1279029971974524e-08,5.528057300807632e-08,4.991356377104239e-07,7.18461262705361e-11,1.181287734297598e-09,7.124684731074638e-10,1.899467250154885e-09,6.4868872868828475e-06,2.361868610023521e-06,2.529166565068408e-08,6.024550884831115e-07,1.6603216579369473e-08,1.6070798025680233e-08,3.232101475347804e-09,4.6787200780329385e-09,4.966458391209017e-07,2.3313415198344956e-08,3.015778560211402e-08,3.0956446295249407e-09,1.6288161791555567e-11,4.4335809690210226e-08,5.136280845086105e-10,2.1903789892974146e-10,1.87804403140035e-06,4.723151647567647e-08,1.034474621519621e-07,9.376228149449162e-08,1.4420962202166265e-08,6.087384374353633e-09,7.825590728316456e-06,1.732823591282795e-07,6.73823194574652e-07,2.98108879803749e-08,5.096331801013321e-09,3.195528064381392e-09,1.02149769531934e-07,4.713555057378471e-08,2.5516375679046632e-09,1.1332983831380261e-06,3.999976794233362e-09,4.027121391914079e-08,9.179090820765623e-11,2.1625790047608007e-09,1.0179202263316256e-06,6.875990976595858e-08,2.07149888353797e-08,5.112703593823653e-10,1.7473229263487156e-07,1.3186983949253772e-08,7.307904326125936e-08,1.8517440025789256e-07,7.096125045791268e-06,8.204285029123071e-10,5.4229065682420696e-08,3.3550011657723644e-09,4.832988409475547e-08,2.259460814002523e-07,3.1246565335152354e-09,7.395262713316697e-08,1.1936708688153885e-06,7.643364829945654e-10,4.433807987425098e-07,2.4117721864058694e-07,2.0756253604758967e-07,1.3622798444856699e-09,4.65873895016955e-10,2.2027643353794701e-07,1.3210126326157479e-09,7.265804069511717e-10,9.326169170265075e-09,2.4630988915141927e-10,4.31056079719383e-09,4.392009811393649e-10,2.1654736670484453e-08,5.0028098996790504e-08,5.986284463688207e-07,1.1146248368731904e-07,1.9555700419005007e-06,2.586700098561323e-08,2.381312214083664e-07,5.6424793726250755e-09,1.3561105571824328e-09,1.288669171373158e-08,5.93333254528261e-07,4.7591250051937095e-08,2.327015469205662e-09,9.49259089111365e-08,7.47344230944691e-09,7.723884664301295e-06,3.8527215195927056e-08,3.0954584673281715e-08,1.874954236313897e-08,8.209696811256606e-11,6.721147656207904e-07,5.7924133045617054e-08,1.4295559935817437e-07,0.9999532699584961,1.5463566427342812e-08,2.882196703524187e-08
true_98,7.271628987837175e-07,7.062285334313856e-08,2.0138809730951834e-08,5.627910013572546e-07,2.272926593605007e-07,1.1591049542403198e-07,8.173577370484963e-09,1.0131825689541074e-07,1.549882178153439e-08,4.477842026062717e-07,3.5430562927984965e-09,5.555670057333373e-08,2.3715385566447367e-07,2.7912778755023737e-09,4.555323229737951e-08,0.0021673173177987337,6.236101057766064e-07,4.894961307400081e-07,1.4702364978802507e-06,6.233903491192905e-07,9.900888997549373e-09,1.665354290025789e-07,1.349496756120061e-06,7.826564569768379e-07,1.228700785560477e-08,1.0941720862689408e-09,1.8869206996896537e-07,8.429410058852227e-08,6.258911184886529e-07,2.5627364266256336e-06,4.5598889641951246e-07,1.177985176070706e-08,8.37124929375932e-08,1.2801622872871121e-08,4.5099772250978276e-05,1.3951393373901055e-09,2.4092742023640312e-08,1.6019470194805763e-06,1.2673714877564635e-07,5.825145876769966e-08,2.577302780082391e-07,2.4457976905978285e-05,9.111794270211249e-07,2.1925791315879906e-07,1.2035903296236938e-07,2.763716224762902e-07,2.8737855473082163e-07,1.2080230149535964e-08,1.1458502058303566e-07,3.039037110852405e-08,4.150071220010432e-08,1.4399876135939849e-07,4.8939739372144686e-08,1.5232379155349918e-05,1.1223223239653635e-08,1.0686732139220112e-06,0.00021820413530804217,3.473896015293576e-08,1.1625333229403623e-07,1.3967364154154893e-08,2.978611064463621e-06,2.2396690724235668e-07,8.543107696823427e-07,9.460439542863242e-09,2.8338162927354915e-09,3.157495257255505e-06,1.3970819168207527e-07,2.489723982534997e-09,4.992417146354455e-09,1.5712084078245425e-08,1.056929477272206e-08,1.201315491528021e-09,2.6889333071267174e-07,9.53206225062786e-09,6.8375753947691464e-09,8.73873418072435e-08,2.3852399522183987e-07,1.4489491384495068e-08,2.0429355984674658e-08,3.4484287425584625e-08,2.288410087203374e-06,1.0920308213258068e-08,5.184478402142645e-10,1.321327380843229e-09,1.4711627954966389e-05,4.7577067618931324e-08,8.35813011690334e-07,6.557312417498906e-07,3.4824629846497146e-09,1.7991945924222819e-06,1.4372888017533114e-06,8.488179048526945e-08,1.1292505597282343e-08,2.842345248055267e-10,1.2618537766684312e-05,1.515899953119515e-06,4.335493031248916e-07,1.5247842100052367e-07,0.9974671602249146,7.33541938302551e-08
true_99,1.8367657617091027e-08,3.1323661886517584e-08,1.3713877144994058e-08,1.1776878139357905e-08,5.5657114472751346e-08,1.4852383767305355e-09,4.182907886729481e-08,2.3988755515347293e-07,3.6887910503935473e-09,3.323249018194474e-07,4.535374387160118e-08,1.3371857399135934e-08,8.857947477736161e-07,1.0549142359650432e-07,1.8113620603443792e-09,8.945129970072685e-09,5.15444487092509e-09,8.974588183718879e-08,1.0448492560044542e-07,8.19343348723578e-09,1.5307211498338802e-08,5.221423293733096e-08,4.269357305020094e-06,1.2969791214345605e-06,3.810159654449308e-08,1.0783714365913966e-08,4.562333089097592e-08,1.056324663295527e-06,2.3816035536583513e-05,2.348056540313337e-07,4.6173305179308954e-09,8.397697537354532e-10,8.432275677705547e-08,3.5441432011396046e-09,5.392394086811692e-07,4.962459954072074e-08,9.35295751958165e-09,1.3111085550576718e-08,2.3446515839964377e-09,3.5273650667022594e-09,3.312988994252919e-09,5.016261184209725e-08,3.692252614762026e-10,1.2540503746549803e-07,7.297497006675258e-08,4.107133122488449e-08,5.810994139210379e-07,6.331100088630137e-09,4.377687545797926e-09,6.257246099039548e-08,3.18882520389252e-08,5.340945108400774e-07,1.4349981825034774e-07,1.6832218818763067e-07,6.01845258074718e-08,1.4620377797314177e-08,1.2558261985873287e-08,7.038319438379403e-08,2.6058316393573477e-08,1.5374004647128459e-07,3.583236889426189e-07,1.3130863862897968e-07,2.00520378079716e-09,7.91581733494695e-09,1.6015370363220427e-08,3.9820680086677385e-08,8.002824358754879e-08,3.33026015653104e-08,5.069566988424867e-10,2.6091237259606714e-07,5.122993140815879e-09,2.6818153031626935e-08,1.5111778495224826e-08,1.0043637033163577e-08,3.173252594024234e-08,1.3919732282374753e-06,6.40137542973207e-08,1.3351595384847315e-07,7.108074129291708e-08,6.11398434102739e-07,6.837839094941955e-08,2.4393807862566064e-08,6.238885248421866e-07,2.946894062105798e-09,6.174859208840644e-06,2.93403186191199e-08,1.7849188793661597e-07,1.4178891433402896e-05,1.6798882995772146e-07,8.523517891489973e-08,1.2352991962671922e-09,1.2494931070250459e-05,4.768489492157357e-10,5.466306296497692e-10,5.52086657990003e-06,3.6043605433633275e-08,1.7536430618747545e-07,1.4075662591039872e-07,4.64656153553733e-08,0.9999210238456726
